id,module,subtype,difficulty,text,target,display,distractor_1,distractor_2,distractor_3,distractor_family,weight,enabled,answer_correct,construction_id,cluster_family,cluster_surface,frame,subject,clitic_1,clitic_2,clitic_3,semantic_type,acoustic_tags,contrast_1,contrast_2,contrast_3,notes
PC_0001,SINGLE_CLITIC,SINGLE_COD,D2,Je l'ai reçu.,我收到这个了,我收到这个了,他收到这个了,我收到这些了,我把这个给别人了,SUBJECT|COD_NUMBER|ROLE,1.7,1,我收到这个了,RECEVOIR_QCH,SINGLE_COD,l',PASSE_COMPOSE,JE,LE_LA,,,COD_OBJECT,L_AI,SUBJECT,COD_NUMBER,ROLE,seed=PC_0001; context=NONE
PC_0002,SINGLE_CLITIC,SINGLE_COD,D1,Elle les connaît.,她认识他们,她认识他们,他认识他们,她认识他,他们认识她,SUBJECT|COD_NUMBER|ROLE,1.0,1,她认识他们,CONNAITRE_QN,SINGLE_COD,les,PRESENT,ELLE,LES,,,COD_PERSON,,SUBJECT,COD_NUMBER,ROLE,seed=PC_0002; context=NONE
PC_0003,SINGLE_CLITIC,SINGLE_COI,D2,Je lui ai répondu.,我回复他了,我回复他了,他回复我了,我回复他们了,我没回复他,ROLE_REVERSAL|COI_NUMBER|POLARITY,1.0,1,我回复他了,REPONDRE_A_QN,SINGLE_COI,lui,PASSE_COMPOSE,JE,LUI,,,RECIPIENT,,ROLE_REVERSAL,COI_NUMBER,POLARITY,seed=PC_0003; context=NONE
PC_0004,SINGLE_CLITIC,SINGLE_COI,D2,Nous leur avons écrit.,我们给他们写信了,我们给他们写信了,他们给我们写信了,我们给他写信了,我们给他们打电话了,ROLE_REVERSAL|COI_NUMBER|LEXICAL,1.2,1,我们给他们写信了,ECRIRE_A_QN,SINGLE_COI,leur,PASSE_COMPOSE,NOUS,LEUR,,,RECIPIENT,,ROLE_REVERSAL,COI_NUMBER,LEXICAL,seed=PC_0004; context=NONE
PC_0005,SINGLE_CLITIC,SINGLE_PERSON,D2,Il m'a appelé.,他给我打电话了,他给我打电话了,我给他打电话了,他给我们打电话了,他给我写信了,ROLE_REVERSAL|PERSON|LEXICAL,1.8,1,他给我打电话了,APPELER_QN,SINGLE_PERSON,m',PASSE_COMPOSE,IL,ME,,,COD_PERSON,M_A,ROLE_REVERSAL,PERSON,LEXICAL,seed=PC_0005; context=NONE
PC_0006,SINGLE_CLITIC,SINGLE_PERSON,D2,Elle nous a prévenus.,她通知我们了,她通知我们了,我们通知她了,她通知他们了,她帮助我们了,ROLE_REVERSAL|PERSON|LEXICAL,1.0,1,她通知我们了,PREVENIR_QN,SINGLE_PERSON,nous,PASSE_COMPOSE,ELLE,NOUS,,,COD_PERSON,,ROLE_REVERSAL,PERSON,LEXICAL,seed=PC_0006; context=NONE
PC_0007,SINGLE_CLITIC,SINGLE_PERSON,D2,Je vous ai entendu.,我听见您了,我听见您了,您听见我了,我听见他们了,我看见您了,ROLE_REVERSAL|PERSON|LEXICAL,1.4,1,我听见您了,ENTENDRE_QN,SINGLE_PERSON,vous,PASSE_COMPOSE,JE,VOUS,,,COD_PERSON,VOUS_AI,ROLE_REVERSAL,PERSON,LEXICAL,seed=PC_0007; context=NONE
PC_0008,SINGLE_CLITIC,EN_LEXICAL,D1,J'en ai besoin.,我需要这个,我需要这个,他需要这个,我不需要这个,我需要这些,SUBJECT|POLARITY|NUMBER,1.7,1,我需要这个,AVOIR_BESOIN_DE,SINGLE_EN,en,PRESENT,JE,EN,,,LEXICAL_EN,EN_AI,SUBJECT,POLARITY,NUMBER,seed=PC_0008; context=NONE
PC_0009,SINGLE_CLITIC,EN_TOPIC,D1,Il en parle souvent.,他经常谈这件事,他经常谈这件事,我经常谈这件事,他经常谈那些人,他很少谈这件事,SUBJECT|SEMANTIC|ADJUNCT,1.0,1,他经常谈这件事,PARLER_DE,SINGLE_EN,en,PRESENT,IL,EN,,,TOPIC,,SUBJECT,SEMANTIC,ADJUNCT,seed=PC_0009; context=NONE
PC_0010,SINGLE_CLITIC,EN_QUANTITY,D2,Nous en avons acheté trois.,我们买了三个,我们买了三个,他们买了三个,我们买了一个,我们卖了三个,SUBJECT|QUANTITY|LEXICAL,1.7,1,我们买了三个,ACHETER_QCH,SINGLE_EN,en,PASSE_COMPOSE,NOUS,EN,,,QUANTITY,NOUS_EN_AVONS,SUBJECT,QUANTITY,LEXICAL,seed=PC_0010; context=NONE
PC_0011,SINGLE_CLITIC,Y_LOCATION,D1,J'y vais demain.,我明天去那里,我明天去那里,他明天去那里,我明天从那里回来,我今天去那里,SUBJECT|DIRECTION|ADJUNCT,1.0,1,我明天去那里,ALLER_A_LIEU,SINGLE_Y,y,PRESENT,JE,Y,,,LOCATION,,SUBJECT,DIRECTION,ADJUNCT,seed=PC_0011; context=NONE
PC_0012,SINGLE_CLITIC,Y_TOPIC,D1,Elle y pense encore.,她还在想这件事,她还在想这件事,他还在想这件事,她已经忘了这件事,她还在想别的事,SUBJECT|LEXICAL|SEMANTIC,1.0,1,她还在想这件事,PENSER_A,SINGLE_Y,y,PRESENT,ELLE,Y,,,TOPIC,,SUBJECT,LEXICAL,SEMANTIC,seed=PC_0012; context=NONE
PC_0013,SINGLE_CLITIC,Y_TOPIC,D2,Vous y avez participé.,您参加了这个活动,您参加了这个活动,我们参加了这个活动,您退出了这个活动,您参加了这些活动,SUBJECT|LEXICAL|NUMBER,1.4,1,您参加了这个活动,PARTICIPER_A,SINGLE_Y,y,PASSE_COMPOSE,VOUS,Y,,,EVENT,VOUS_Y_AVEZ,SUBJECT,LEXICAL,NUMBER,seed=PC_0013; context=NONE
PC_0014,SINGLE_CLITIC,REFLEXIVE,D2,Je me suis trompé.,我搞错了,我搞错了,他搞错了,我没搞错,我迟到了,SUBJECT|POLARITY|LEXICAL,1.3,1,我搞错了,SE_TROMPER,SINGLE_REFLEXIVE,me,PASSE_COMPOSE,JE,ME,,,LEXICAL_REFLEXIVE,ME_SUIS,SUBJECT,POLARITY,LEXICAL,seed=PC_0014; context=NONE
PC_0015,SINGLE_CLITIC,REFLEXIVE,D2,Elle s'est inscrite.,她报名了,她报名了,他报名了,她取消报名了,她已经到了,SUBJECT|POLARITY|LEXICAL,1.7,1,她报名了,S_INSCRIRE,SINGLE_REFLEXIVE,s',PASSE_COMPOSE,ELLE,SE,,,LEXICAL_REFLEXIVE,S_EST,SUBJECT,POLARITY,LEXICAL,seed=PC_0015; context=NONE
PC_0016,SINGLE_CLITIC,REFLEXIVE,D2,Ils se sont rencontrés.,他们见面了,他们见面了,我们见面了,他们没见面,他们打电话了,SUBJECT|POLARITY|LEXICAL,1.5,1,他们见面了,SE_RENCONTRER,SINGLE_REFLEXIVE,se,PASSE_COMPOSE,ILS,SE,,,RECIPROCAL,SE_SONT,SUBJECT,POLARITY,LEXICAL,seed=PC_0016; context=NONE
PC_0017,SINGLE_CLITIC,SINGLE_COD,D2,"Hier, je l'ai reçu.",昨天，我收到这个了,昨天，我收到这个了,昨天，他收到这个了,昨天，我收到这些了,昨天，我把这个给别人了,SUBJECT|COD_NUMBER|ROLE,1.7,1,昨天，我收到这个了,RECEVOIR_QCH,SINGLE_COD,l',PASSE_COMPOSE,JE,LE_LA,,,COD_OBJECT,L_AI,SUBJECT,COD_NUMBER,ROLE,"seed=PC_0001; context=Hier,"
PC_0018,SINGLE_CLITIC,SINGLE_COD,D1,"Aujourd'hui, elle les connaît.",今天，她认识他们,今天，她认识他们,今天，他认识他们,今天，她认识他,今天，他们认识她,SUBJECT|COD_NUMBER|ROLE,1.0,1,今天，她认识他们,CONNAITRE_QN,SINGLE_COD,les,PRESENT,ELLE,LES,,,COD_PERSON,,SUBJECT,COD_NUMBER,ROLE,"seed=PC_0002; context=Aujourd'hui,"
PC_0019,SINGLE_CLITIC,SINGLE_COI,D2,"Hier, je lui ai répondu.",昨天，我回复他了,昨天，我回复他了,昨天，他回复我了,昨天，我回复他们了,昨天，我没回复他,ROLE_REVERSAL|COI_NUMBER|POLARITY,1.0,1,昨天，我回复他了,REPONDRE_A_QN,SINGLE_COI,lui,PASSE_COMPOSE,JE,LUI,,,RECIPIENT,,ROLE_REVERSAL,COI_NUMBER,POLARITY,"seed=PC_0003; context=Hier,"
PC_0020,SINGLE_CLITIC,SINGLE_COI,D2,"Hier, nous leur avons écrit.",昨天，我们给他们写信了,昨天，我们给他们写信了,昨天，他们给我们写信了,昨天，我们给他写信了,昨天，我们给他们打电话了,ROLE_REVERSAL|COI_NUMBER|LEXICAL,1.2,1,昨天，我们给他们写信了,ECRIRE_A_QN,SINGLE_COI,leur,PASSE_COMPOSE,NOUS,LEUR,,,RECIPIENT,,ROLE_REVERSAL,COI_NUMBER,LEXICAL,"seed=PC_0004; context=Hier,"
PC_0021,SINGLE_CLITIC,SINGLE_PERSON,D2,"Hier, il m'a appelé.",昨天，他给我打电话了,昨天，他给我打电话了,昨天，我给他打电话了,昨天，他给我们打电话了,昨天，他给我写信了,ROLE_REVERSAL|PERSON|LEXICAL,1.8,1,昨天，他给我打电话了,APPELER_QN,SINGLE_PERSON,m',PASSE_COMPOSE,IL,ME,,,COD_PERSON,M_A,ROLE_REVERSAL,PERSON,LEXICAL,"seed=PC_0005; context=Hier,"
PC_0022,SINGLE_CLITIC,SINGLE_PERSON,D2,"Hier, elle nous a prévenus.",昨天，她通知我们了,昨天，她通知我们了,昨天，我们通知她了,昨天，她通知他们了,昨天，她帮助我们了,ROLE_REVERSAL|PERSON|LEXICAL,1.0,1,昨天，她通知我们了,PREVENIR_QN,SINGLE_PERSON,nous,PASSE_COMPOSE,ELLE,NOUS,,,COD_PERSON,,ROLE_REVERSAL,PERSON,LEXICAL,"seed=PC_0006; context=Hier,"
PC_0023,SINGLE_CLITIC,SINGLE_PERSON,D2,"Hier, je vous ai entendu.",昨天，我听见您了,昨天，我听见您了,昨天，您听见我了,昨天，我听见他们了,昨天，我看见您了,ROLE_REVERSAL|PERSON|LEXICAL,1.4,1,昨天，我听见您了,ENTENDRE_QN,SINGLE_PERSON,vous,PASSE_COMPOSE,JE,VOUS,,,COD_PERSON,VOUS_AI,ROLE_REVERSAL,PERSON,LEXICAL,"seed=PC_0007; context=Hier,"
PC_0024,SINGLE_CLITIC,EN_LEXICAL,D1,"Hier, j'en ai besoin.",昨天，我需要这个,昨天，我需要这个,昨天，他需要这个,昨天，我不需要这个,昨天，我需要这些,SUBJECT|POLARITY|NUMBER,1.7,1,昨天，我需要这个,AVOIR_BESOIN_DE,SINGLE_EN,en,PRESENT,JE,EN,,,LEXICAL_EN,EN_AI,SUBJECT,POLARITY,NUMBER,"seed=PC_0008; context=Hier,"
PC_0025,SINGLE_CLITIC,EN_TOPIC,D1,"Aujourd'hui, il en parle souvent.",今天，他经常谈这件事,今天，他经常谈这件事,今天，我经常谈这件事,今天，他经常谈那些人,今天，他很少谈这件事,SUBJECT|SEMANTIC|ADJUNCT,1.0,1,今天，他经常谈这件事,PARLER_DE,SINGLE_EN,en,PRESENT,IL,EN,,,TOPIC,,SUBJECT,SEMANTIC,ADJUNCT,"seed=PC_0009; context=Aujourd'hui,"
PC_0026,SINGLE_CLITIC,EN_QUANTITY,D2,"Hier, nous en avons acheté trois.",昨天，我们买了三个,昨天，我们买了三个,昨天，他们买了三个,昨天，我们买了一个,昨天，我们卖了三个,SUBJECT|QUANTITY|LEXICAL,1.7,1,昨天，我们买了三个,ACHETER_QCH,SINGLE_EN,en,PASSE_COMPOSE,NOUS,EN,,,QUANTITY,NOUS_EN_AVONS,SUBJECT,QUANTITY,LEXICAL,"seed=PC_0010; context=Hier,"
PC_0027,SINGLE_CLITIC,Y_LOCATION,D1,"Aujourd'hui, j'y vais demain.",今天，我明天去那里,今天，我明天去那里,今天，他明天去那里,今天，我明天从那里回来,今天，我今天去那里,SUBJECT|DIRECTION|ADJUNCT,1.0,1,今天，我明天去那里,ALLER_A_LIEU,SINGLE_Y,y,PRESENT,JE,Y,,,LOCATION,,SUBJECT,DIRECTION,ADJUNCT,"seed=PC_0011; context=Aujourd'hui,"
PC_0028,SINGLE_CLITIC,Y_TOPIC,D1,"Aujourd'hui, elle y pense encore.",今天，她还在想这件事,今天，她还在想这件事,今天，他还在想这件事,今天，她已经忘了这件事,今天，她还在想别的事,SUBJECT|LEXICAL|SEMANTIC,1.0,1,今天，她还在想这件事,PENSER_A,SINGLE_Y,y,PRESENT,ELLE,Y,,,TOPIC,,SUBJECT,LEXICAL,SEMANTIC,"seed=PC_0012; context=Aujourd'hui,"
PC_0029,SINGLE_CLITIC,Y_TOPIC,D2,"Hier, vous y avez participé.",昨天，您参加了这个活动,昨天，您参加了这个活动,昨天，我们参加了这个活动,昨天，您退出了这个活动,昨天，您参加了这些活动,SUBJECT|LEXICAL|NUMBER,1.4,1,昨天，您参加了这个活动,PARTICIPER_A,SINGLE_Y,y,PASSE_COMPOSE,VOUS,Y,,,EVENT,VOUS_Y_AVEZ,SUBJECT,LEXICAL,NUMBER,"seed=PC_0013; context=Hier,"
PC_0030,SINGLE_CLITIC,REFLEXIVE,D2,"Hier, je me suis trompé.",昨天，我搞错了,昨天，我搞错了,昨天，他搞错了,昨天，我没搞错,昨天，我迟到了,SUBJECT|POLARITY|LEXICAL,1.3,1,昨天，我搞错了,SE_TROMPER,SINGLE_REFLEXIVE,me,PASSE_COMPOSE,JE,ME,,,LEXICAL_REFLEXIVE,ME_SUIS,SUBJECT,POLARITY,LEXICAL,"seed=PC_0014; context=Hier,"
PC_0031,SINGLE_CLITIC,REFLEXIVE,D2,"Hier, elle s'est inscrite.",昨天，她报名了,昨天，她报名了,昨天，他报名了,昨天，她取消报名了,昨天，她已经到了,SUBJECT|POLARITY|LEXICAL,1.7,1,昨天，她报名了,S_INSCRIRE,SINGLE_REFLEXIVE,s',PASSE_COMPOSE,ELLE,SE,,,LEXICAL_REFLEXIVE,S_EST,SUBJECT,POLARITY,LEXICAL,"seed=PC_0015; context=Hier,"
PC_0032,SINGLE_CLITIC,REFLEXIVE,D2,"Hier, ils se sont rencontrés.",昨天，他们见面了,昨天，他们见面了,昨天，我们见面了,昨天，他们没见面,昨天，他们打电话了,SUBJECT|POLARITY|LEXICAL,1.5,1,昨天，他们见面了,SE_RENCONTRER,SINGLE_REFLEXIVE,se,PASSE_COMPOSE,ILS,SE,,,RECIPROCAL,SE_SONT,SUBJECT,POLARITY,LEXICAL,"seed=PC_0016; context=Hier,"
PC_0033,SINGLE_CLITIC,SINGLE_COD,D2,"Avant-hier, je l'ai reçu.",前天，我收到这个了,前天，我收到这个了,前天，他收到这个了,前天，我收到这些了,前天，我把这个给别人了,SUBJECT|COD_NUMBER|ROLE,1.7,1,前天，我收到这个了,RECEVOIR_QCH,SINGLE_COD,l',PASSE_COMPOSE,JE,LE_LA,,,COD_OBJECT,L_AI,SUBJECT,COD_NUMBER,ROLE,"seed=PC_0001; context=Avant-hier,"
PC_0034,SINGLE_CLITIC,SINGLE_COD,D1,"Maintenant, elle les connaît.",现在，她认识他们,现在，她认识他们,现在，他认识他们,现在，她认识他,现在，他们认识她,SUBJECT|COD_NUMBER|ROLE,1.0,1,现在，她认识他们,CONNAITRE_QN,SINGLE_COD,les,PRESENT,ELLE,LES,,,COD_PERSON,,SUBJECT,COD_NUMBER,ROLE,"seed=PC_0002; context=Maintenant,"
PC_0035,SINGLE_CLITIC,SINGLE_COI,D2,"Avant-hier, je lui ai répondu.",前天，我回复他了,前天，我回复他了,前天，他回复我了,前天，我回复他们了,前天，我没回复他,ROLE_REVERSAL|COI_NUMBER|POLARITY,1.0,1,前天，我回复他了,REPONDRE_A_QN,SINGLE_COI,lui,PASSE_COMPOSE,JE,LUI,,,RECIPIENT,,ROLE_REVERSAL,COI_NUMBER,POLARITY,"seed=PC_0003; context=Avant-hier,"
PC_0036,SINGLE_CLITIC,SINGLE_COI,D2,"Avant-hier, nous leur avons écrit.",前天，我们给他们写信了,前天，我们给他们写信了,前天，他们给我们写信了,前天，我们给他写信了,前天，我们给他们打电话了,ROLE_REVERSAL|COI_NUMBER|LEXICAL,1.2,1,前天，我们给他们写信了,ECRIRE_A_QN,SINGLE_COI,leur,PASSE_COMPOSE,NOUS,LEUR,,,RECIPIENT,,ROLE_REVERSAL,COI_NUMBER,LEXICAL,"seed=PC_0004; context=Avant-hier,"
PC_0037,SINGLE_CLITIC,SINGLE_PERSON,D2,"Avant-hier, il m'a appelé.",前天，他给我打电话了,前天，他给我打电话了,前天，我给他打电话了,前天，他给我们打电话了,前天，他给我写信了,ROLE_REVERSAL|PERSON|LEXICAL,1.8,1,前天，他给我打电话了,APPELER_QN,SINGLE_PERSON,m',PASSE_COMPOSE,IL,ME,,,COD_PERSON,M_A,ROLE_REVERSAL,PERSON,LEXICAL,"seed=PC_0005; context=Avant-hier,"
PC_0038,SINGLE_CLITIC,SINGLE_PERSON,D2,"Avant-hier, elle nous a prévenus.",前天，她通知我们了,前天，她通知我们了,前天，我们通知她了,前天，她通知他们了,前天，她帮助我们了,ROLE_REVERSAL|PERSON|LEXICAL,1.0,1,前天，她通知我们了,PREVENIR_QN,SINGLE_PERSON,nous,PASSE_COMPOSE,ELLE,NOUS,,,COD_PERSON,,ROLE_REVERSAL,PERSON,LEXICAL,"seed=PC_0006; context=Avant-hier,"
PC_0039,SINGLE_CLITIC,SINGLE_PERSON,D2,"Avant-hier, je vous ai entendu.",前天，我听见您了,前天，我听见您了,前天，您听见我了,前天，我听见他们了,前天，我看见您了,ROLE_REVERSAL|PERSON|LEXICAL,1.4,1,前天，我听见您了,ENTENDRE_QN,SINGLE_PERSON,vous,PASSE_COMPOSE,JE,VOUS,,,COD_PERSON,VOUS_AI,ROLE_REVERSAL,PERSON,LEXICAL,"seed=PC_0007; context=Avant-hier,"
PC_0040,SINGLE_CLITIC,EN_LEXICAL,D1,"Avant-hier, j'en ai besoin.",前天，我需要这个,前天，我需要这个,前天，他需要这个,前天，我不需要这个,前天，我需要这些,SUBJECT|POLARITY|NUMBER,1.7,1,前天，我需要这个,AVOIR_BESOIN_DE,SINGLE_EN,en,PRESENT,JE,EN,,,LEXICAL_EN,EN_AI,SUBJECT,POLARITY,NUMBER,"seed=PC_0008; context=Avant-hier,"
PC_0041,SINGLE_CLITIC,EN_TOPIC,D1,"Maintenant, il en parle souvent.",现在，他经常谈这件事,现在，他经常谈这件事,现在，我经常谈这件事,现在，他经常谈那些人,现在，他很少谈这件事,SUBJECT|SEMANTIC|ADJUNCT,1.0,1,现在，他经常谈这件事,PARLER_DE,SINGLE_EN,en,PRESENT,IL,EN,,,TOPIC,,SUBJECT,SEMANTIC,ADJUNCT,"seed=PC_0009; context=Maintenant,"
PC_0042,SINGLE_CLITIC,EN_QUANTITY,D2,"Avant-hier, nous en avons acheté trois.",前天，我们买了三个,前天，我们买了三个,前天，他们买了三个,前天，我们买了一个,前天，我们卖了三个,SUBJECT|QUANTITY|LEXICAL,1.7,1,前天，我们买了三个,ACHETER_QCH,SINGLE_EN,en,PASSE_COMPOSE,NOUS,EN,,,QUANTITY,NOUS_EN_AVONS,SUBJECT,QUANTITY,LEXICAL,"seed=PC_0010; context=Avant-hier,"
PC_0043,SINGLE_CLITIC,Y_LOCATION,D1,"Maintenant, j'y vais demain.",现在，我明天去那里,现在，我明天去那里,现在，他明天去那里,现在，我明天从那里回来,现在，我今天去那里,SUBJECT|DIRECTION|ADJUNCT,1.0,1,现在，我明天去那里,ALLER_A_LIEU,SINGLE_Y,y,PRESENT,JE,Y,,,LOCATION,,SUBJECT,DIRECTION,ADJUNCT,"seed=PC_0011; context=Maintenant,"
PC_0044,SINGLE_CLITIC,Y_TOPIC,D1,"Maintenant, elle y pense encore.",现在，她还在想这件事,现在，她还在想这件事,现在，他还在想这件事,现在，她已经忘了这件事,现在，她还在想别的事,SUBJECT|LEXICAL|SEMANTIC,1.0,1,现在，她还在想这件事,PENSER_A,SINGLE_Y,y,PRESENT,ELLE,Y,,,TOPIC,,SUBJECT,LEXICAL,SEMANTIC,"seed=PC_0012; context=Maintenant,"
PC_0045,SINGLE_CLITIC,Y_TOPIC,D2,"Avant-hier, vous y avez participé.",前天，您参加了这个活动,前天，您参加了这个活动,前天，我们参加了这个活动,前天，您退出了这个活动,前天，您参加了这些活动,SUBJECT|LEXICAL|NUMBER,1.4,1,前天，您参加了这个活动,PARTICIPER_A,SINGLE_Y,y,PASSE_COMPOSE,VOUS,Y,,,EVENT,VOUS_Y_AVEZ,SUBJECT,LEXICAL,NUMBER,"seed=PC_0013; context=Avant-hier,"
PC_0046,SINGLE_CLITIC,REFLEXIVE,D2,"Avant-hier, je me suis trompé.",前天，我搞错了,前天，我搞错了,前天，他搞错了,前天，我没搞错,前天，我迟到了,SUBJECT|POLARITY|LEXICAL,1.3,1,前天，我搞错了,SE_TROMPER,SINGLE_REFLEXIVE,me,PASSE_COMPOSE,JE,ME,,,LEXICAL_REFLEXIVE,ME_SUIS,SUBJECT,POLARITY,LEXICAL,"seed=PC_0014; context=Avant-hier,"
PC_0047,SINGLE_CLITIC,REFLEXIVE,D2,"Avant-hier, elle s'est inscrite.",前天，她报名了,前天，她报名了,前天，他报名了,前天，她取消报名了,前天，她已经到了,SUBJECT|POLARITY|LEXICAL,1.7,1,前天，她报名了,S_INSCRIRE,SINGLE_REFLEXIVE,s',PASSE_COMPOSE,ELLE,SE,,,LEXICAL_REFLEXIVE,S_EST,SUBJECT,POLARITY,LEXICAL,"seed=PC_0015; context=Avant-hier,"
PC_0048,SINGLE_CLITIC,REFLEXIVE,D2,"Avant-hier, ils se sont rencontrés.",前天，他们见面了,前天，他们见面了,前天，我们见面了,前天，他们没见面,前天，他们打电话了,SUBJECT|POLARITY|LEXICAL,1.5,1,前天，他们见面了,SE_RENCONTRER,SINGLE_REFLEXIVE,se,PASSE_COMPOSE,ILS,SE,,,RECIPROCAL,SE_SONT,SUBJECT,POLARITY,LEXICAL,"seed=PC_0016; context=Avant-hier,"
PC_0049,SINGLE_CLITIC,SINGLE_COD,D2,"Ce matin, je l'ai reçu.",今天早上，我收到这个了,今天早上，我收到这个了,今天早上，他收到这个了,今天早上，我收到这些了,今天早上，我把这个给别人了,SUBJECT|COD_NUMBER|ROLE,1.7,1,今天早上，我收到这个了,RECEVOIR_QCH,SINGLE_COD,l',PASSE_COMPOSE,JE,LE_LA,,,COD_OBJECT,L_AI,SUBJECT,COD_NUMBER,ROLE,"seed=PC_0001; context=Ce matin,"
PC_0050,SINGLE_CLITIC,SINGLE_COD,D1,"En ce moment, elle les connaît.",目前，她认识他们,目前，她认识他们,目前，他认识他们,目前，她认识他,目前，他们认识她,SUBJECT|COD_NUMBER|ROLE,1.0,1,目前，她认识他们,CONNAITRE_QN,SINGLE_COD,les,PRESENT,ELLE,LES,,,COD_PERSON,,SUBJECT,COD_NUMBER,ROLE,"seed=PC_0002; context=En ce moment,"
PC_0051,SINGLE_CLITIC,SINGLE_COI,D2,"Ce matin, je lui ai répondu.",今天早上，我回复他了,今天早上，我回复他了,今天早上，他回复我了,今天早上，我回复他们了,今天早上，我没回复他,ROLE_REVERSAL|COI_NUMBER|POLARITY,1.0,1,今天早上，我回复他了,REPONDRE_A_QN,SINGLE_COI,lui,PASSE_COMPOSE,JE,LUI,,,RECIPIENT,,ROLE_REVERSAL,COI_NUMBER,POLARITY,"seed=PC_0003; context=Ce matin,"
PC_0052,SINGLE_CLITIC,SINGLE_COI,D2,"Ce matin, nous leur avons écrit.",今天早上，我们给他们写信了,今天早上，我们给他们写信了,今天早上，他们给我们写信了,今天早上，我们给他写信了,今天早上，我们给他们打电话了,ROLE_REVERSAL|COI_NUMBER|LEXICAL,1.2,1,今天早上，我们给他们写信了,ECRIRE_A_QN,SINGLE_COI,leur,PASSE_COMPOSE,NOUS,LEUR,,,RECIPIENT,,ROLE_REVERSAL,COI_NUMBER,LEXICAL,"seed=PC_0004; context=Ce matin,"
PC_0053,SINGLE_CLITIC,SINGLE_PERSON,D2,"Ce matin, il m'a appelé.",今天早上，他给我打电话了,今天早上，他给我打电话了,今天早上，我给他打电话了,今天早上，他给我们打电话了,今天早上，他给我写信了,ROLE_REVERSAL|PERSON|LEXICAL,1.8,1,今天早上，他给我打电话了,APPELER_QN,SINGLE_PERSON,m',PASSE_COMPOSE,IL,ME,,,COD_PERSON,M_A,ROLE_REVERSAL,PERSON,LEXICAL,"seed=PC_0005; context=Ce matin,"
PC_0054,SINGLE_CLITIC,SINGLE_PERSON,D2,"Ce matin, elle nous a prévenus.",今天早上，她通知我们了,今天早上，她通知我们了,今天早上，我们通知她了,今天早上，她通知他们了,今天早上，她帮助我们了,ROLE_REVERSAL|PERSON|LEXICAL,1.0,1,今天早上，她通知我们了,PREVENIR_QN,SINGLE_PERSON,nous,PASSE_COMPOSE,ELLE,NOUS,,,COD_PERSON,,ROLE_REVERSAL,PERSON,LEXICAL,"seed=PC_0006; context=Ce matin,"
PC_0055,SINGLE_CLITIC,SINGLE_PERSON,D2,"Ce matin, je vous ai entendu.",今天早上，我听见您了,今天早上，我听见您了,今天早上，您听见我了,今天早上，我听见他们了,今天早上，我看见您了,ROLE_REVERSAL|PERSON|LEXICAL,1.4,1,今天早上，我听见您了,ENTENDRE_QN,SINGLE_PERSON,vous,PASSE_COMPOSE,JE,VOUS,,,COD_PERSON,VOUS_AI,ROLE_REVERSAL,PERSON,LEXICAL,"seed=PC_0007; context=Ce matin,"
PC_0056,SINGLE_CLITIC,EN_LEXICAL,D1,"Ce matin, j'en ai besoin.",今天早上，我需要这个,今天早上，我需要这个,今天早上，他需要这个,今天早上，我不需要这个,今天早上，我需要这些,SUBJECT|POLARITY|NUMBER,1.7,1,今天早上，我需要这个,AVOIR_BESOIN_DE,SINGLE_EN,en,PRESENT,JE,EN,,,LEXICAL_EN,EN_AI,SUBJECT,POLARITY,NUMBER,"seed=PC_0008; context=Ce matin,"
PC_0057,SINGLE_CLITIC,EN_TOPIC,D1,"En ce moment, il en parle souvent.",目前，他经常谈这件事,目前，他经常谈这件事,目前，我经常谈这件事,目前，他经常谈那些人,目前，他很少谈这件事,SUBJECT|SEMANTIC|ADJUNCT,1.0,1,目前，他经常谈这件事,PARLER_DE,SINGLE_EN,en,PRESENT,IL,EN,,,TOPIC,,SUBJECT,SEMANTIC,ADJUNCT,"seed=PC_0009; context=En ce moment,"
PC_0058,SINGLE_CLITIC,EN_QUANTITY,D2,"Ce matin, nous en avons acheté trois.",今天早上，我们买了三个,今天早上，我们买了三个,今天早上，他们买了三个,今天早上，我们买了一个,今天早上，我们卖了三个,SUBJECT|QUANTITY|LEXICAL,1.7,1,今天早上，我们买了三个,ACHETER_QCH,SINGLE_EN,en,PASSE_COMPOSE,NOUS,EN,,,QUANTITY,NOUS_EN_AVONS,SUBJECT,QUANTITY,LEXICAL,"seed=PC_0010; context=Ce matin,"
PC_0059,SINGLE_CLITIC,Y_LOCATION,D1,"En ce moment, j'y vais demain.",目前，我明天去那里,目前，我明天去那里,目前，他明天去那里,目前，我明天从那里回来,目前，我今天去那里,SUBJECT|DIRECTION|ADJUNCT,1.0,1,目前，我明天去那里,ALLER_A_LIEU,SINGLE_Y,y,PRESENT,JE,Y,,,LOCATION,,SUBJECT,DIRECTION,ADJUNCT,"seed=PC_0011; context=En ce moment,"
PC_0060,SINGLE_CLITIC,Y_TOPIC,D1,"En ce moment, elle y pense encore.",目前，她还在想这件事,目前，她还在想这件事,目前，他还在想这件事,目前，她已经忘了这件事,目前，她还在想别的事,SUBJECT|LEXICAL|SEMANTIC,1.0,1,目前，她还在想这件事,PENSER_A,SINGLE_Y,y,PRESENT,ELLE,Y,,,TOPIC,,SUBJECT,LEXICAL,SEMANTIC,"seed=PC_0012; context=En ce moment,"
PC_0061,SINGLE_CLITIC,Y_TOPIC,D2,"Ce matin, vous y avez participé.",今天早上，您参加了这个活动,今天早上，您参加了这个活动,今天早上，我们参加了这个活动,今天早上，您退出了这个活动,今天早上，您参加了这些活动,SUBJECT|LEXICAL|NUMBER,1.4,1,今天早上，您参加了这个活动,PARTICIPER_A,SINGLE_Y,y,PASSE_COMPOSE,VOUS,Y,,,EVENT,VOUS_Y_AVEZ,SUBJECT,LEXICAL,NUMBER,"seed=PC_0013; context=Ce matin,"
PC_0062,SINGLE_CLITIC,REFLEXIVE,D2,"Ce matin, je me suis trompé.",今天早上，我搞错了,今天早上，我搞错了,今天早上，他搞错了,今天早上，我没搞错,今天早上，我迟到了,SUBJECT|POLARITY|LEXICAL,1.3,1,今天早上，我搞错了,SE_TROMPER,SINGLE_REFLEXIVE,me,PASSE_COMPOSE,JE,ME,,,LEXICAL_REFLEXIVE,ME_SUIS,SUBJECT,POLARITY,LEXICAL,"seed=PC_0014; context=Ce matin,"
PC_0063,SINGLE_CLITIC,REFLEXIVE,D2,"Ce matin, elle s'est inscrite.",今天早上，她报名了,今天早上，她报名了,今天早上，他报名了,今天早上，她取消报名了,今天早上，她已经到了,SUBJECT|POLARITY|LEXICAL,1.7,1,今天早上，她报名了,S_INSCRIRE,SINGLE_REFLEXIVE,s',PASSE_COMPOSE,ELLE,SE,,,LEXICAL_REFLEXIVE,S_EST,SUBJECT,POLARITY,LEXICAL,"seed=PC_0015; context=Ce matin,"
PC_0064,SINGLE_CLITIC,REFLEXIVE,D2,"Ce matin, ils se sont rencontrés.",今天早上，他们见面了,今天早上，他们见面了,今天早上，我们见面了,今天早上，他们没见面,今天早上，他们打电话了,SUBJECT|POLARITY|LEXICAL,1.5,1,今天早上，他们见面了,SE_RENCONTRER,SINGLE_REFLEXIVE,se,PASSE_COMPOSE,ILS,SE,,,RECIPROCAL,SE_SONT,SUBJECT,POLARITY,LEXICAL,"seed=PC_0016; context=Ce matin,"
PC_0065,SINGLE_CLITIC,SINGLE_COD,D2,"Hier matin, je l'ai reçu.",昨天早上，我收到这个了,昨天早上，我收到这个了,昨天早上，他收到这个了,昨天早上，我收到这些了,昨天早上，我把这个给别人了,SUBJECT|COD_NUMBER|ROLE,1.7,1,昨天早上，我收到这个了,RECEVOIR_QCH,SINGLE_COD,l',PASSE_COMPOSE,JE,LE_LA,,,COD_OBJECT,L_AI,SUBJECT,COD_NUMBER,ROLE,"seed=PC_0001; context=Hier matin,"
PC_0066,SINGLE_CLITIC,SINGLE_COD,D1,"Pour l'instant, elle les connaît.",目前，她认识他们,目前，她认识他们,目前，他认识他们,目前，她认识他,目前，他们认识她,SUBJECT|COD_NUMBER|ROLE,1.0,1,目前，她认识他们,CONNAITRE_QN,SINGLE_COD,les,PRESENT,ELLE,LES,,,COD_PERSON,,SUBJECT,COD_NUMBER,ROLE,"seed=PC_0002; context=Pour l'instant,"
PC_0067,SINGLE_CLITIC,SINGLE_COI,D2,"Hier matin, je lui ai répondu.",昨天早上，我回复他了,昨天早上，我回复他了,昨天早上，他回复我了,昨天早上，我回复他们了,昨天早上，我没回复他,ROLE_REVERSAL|COI_NUMBER|POLARITY,1.0,1,昨天早上，我回复他了,REPONDRE_A_QN,SINGLE_COI,lui,PASSE_COMPOSE,JE,LUI,,,RECIPIENT,,ROLE_REVERSAL,COI_NUMBER,POLARITY,"seed=PC_0003; context=Hier matin,"
PC_0068,SINGLE_CLITIC,SINGLE_COI,D2,"Hier matin, nous leur avons écrit.",昨天早上，我们给他们写信了,昨天早上，我们给他们写信了,昨天早上，他们给我们写信了,昨天早上，我们给他写信了,昨天早上，我们给他们打电话了,ROLE_REVERSAL|COI_NUMBER|LEXICAL,1.2,1,昨天早上，我们给他们写信了,ECRIRE_A_QN,SINGLE_COI,leur,PASSE_COMPOSE,NOUS,LEUR,,,RECIPIENT,,ROLE_REVERSAL,COI_NUMBER,LEXICAL,"seed=PC_0004; context=Hier matin,"
PC_0069,SINGLE_CLITIC,SINGLE_PERSON,D2,"Hier matin, il m'a appelé.",昨天早上，他给我打电话了,昨天早上，他给我打电话了,昨天早上，我给他打电话了,昨天早上，他给我们打电话了,昨天早上，他给我写信了,ROLE_REVERSAL|PERSON|LEXICAL,1.8,1,昨天早上，他给我打电话了,APPELER_QN,SINGLE_PERSON,m',PASSE_COMPOSE,IL,ME,,,COD_PERSON,M_A,ROLE_REVERSAL,PERSON,LEXICAL,"seed=PC_0005; context=Hier matin,"
PC_0070,SINGLE_CLITIC,SINGLE_PERSON,D2,"Hier matin, elle nous a prévenus.",昨天早上，她通知我们了,昨天早上，她通知我们了,昨天早上，我们通知她了,昨天早上，她通知他们了,昨天早上，她帮助我们了,ROLE_REVERSAL|PERSON|LEXICAL,1.0,1,昨天早上，她通知我们了,PREVENIR_QN,SINGLE_PERSON,nous,PASSE_COMPOSE,ELLE,NOUS,,,COD_PERSON,,ROLE_REVERSAL,PERSON,LEXICAL,"seed=PC_0006; context=Hier matin,"
PC_0071,SINGLE_CLITIC,SINGLE_PERSON,D2,"Hier matin, je vous ai entendu.",昨天早上，我听见您了,昨天早上，我听见您了,昨天早上，您听见我了,昨天早上，我听见他们了,昨天早上，我看见您了,ROLE_REVERSAL|PERSON|LEXICAL,1.4,1,昨天早上，我听见您了,ENTENDRE_QN,SINGLE_PERSON,vous,PASSE_COMPOSE,JE,VOUS,,,COD_PERSON,VOUS_AI,ROLE_REVERSAL,PERSON,LEXICAL,"seed=PC_0007; context=Hier matin,"
PC_0072,SINGLE_CLITIC,EN_LEXICAL,D1,"Hier matin, j'en ai besoin.",昨天早上，我需要这个,昨天早上，我需要这个,昨天早上，他需要这个,昨天早上，我不需要这个,昨天早上，我需要这些,SUBJECT|POLARITY|NUMBER,1.7,1,昨天早上，我需要这个,AVOIR_BESOIN_DE,SINGLE_EN,en,PRESENT,JE,EN,,,LEXICAL_EN,EN_AI,SUBJECT,POLARITY,NUMBER,"seed=PC_0008; context=Hier matin,"
PC_0073,SINGLE_CLITIC,EN_TOPIC,D1,"Pour l'instant, il en parle souvent.",目前，他经常谈这件事,目前，他经常谈这件事,目前，我经常谈这件事,目前，他经常谈那些人,目前，他很少谈这件事,SUBJECT|SEMANTIC|ADJUNCT,1.0,1,目前，他经常谈这件事,PARLER_DE,SINGLE_EN,en,PRESENT,IL,EN,,,TOPIC,,SUBJECT,SEMANTIC,ADJUNCT,"seed=PC_0009; context=Pour l'instant,"
PC_0074,SINGLE_CLITIC,EN_QUANTITY,D2,"Hier matin, nous en avons acheté trois.",昨天早上，我们买了三个,昨天早上，我们买了三个,昨天早上，他们买了三个,昨天早上，我们买了一个,昨天早上，我们卖了三个,SUBJECT|QUANTITY|LEXICAL,1.7,1,昨天早上，我们买了三个,ACHETER_QCH,SINGLE_EN,en,PASSE_COMPOSE,NOUS,EN,,,QUANTITY,NOUS_EN_AVONS,SUBJECT,QUANTITY,LEXICAL,"seed=PC_0010; context=Hier matin,"
PC_0075,SINGLE_CLITIC,Y_LOCATION,D1,"Pour l'instant, j'y vais demain.",目前，我明天去那里,目前，我明天去那里,目前，他明天去那里,目前，我明天从那里回来,目前，我今天去那里,SUBJECT|DIRECTION|ADJUNCT,1.0,1,目前，我明天去那里,ALLER_A_LIEU,SINGLE_Y,y,PRESENT,JE,Y,,,LOCATION,,SUBJECT,DIRECTION,ADJUNCT,"seed=PC_0011; context=Pour l'instant,"
PC_0076,SINGLE_CLITIC,Y_TOPIC,D1,"Pour l'instant, elle y pense encore.",目前，她还在想这件事,目前，她还在想这件事,目前，他还在想这件事,目前，她已经忘了这件事,目前，她还在想别的事,SUBJECT|LEXICAL|SEMANTIC,1.0,1,目前，她还在想这件事,PENSER_A,SINGLE_Y,y,PRESENT,ELLE,Y,,,TOPIC,,SUBJECT,LEXICAL,SEMANTIC,"seed=PC_0012; context=Pour l'instant,"
PC_0077,SINGLE_CLITIC,Y_TOPIC,D2,"Hier matin, vous y avez participé.",昨天早上，您参加了这个活动,昨天早上，您参加了这个活动,昨天早上，我们参加了这个活动,昨天早上，您退出了这个活动,昨天早上，您参加了这些活动,SUBJECT|LEXICAL|NUMBER,1.4,1,昨天早上，您参加了这个活动,PARTICIPER_A,SINGLE_Y,y,PASSE_COMPOSE,VOUS,Y,,,EVENT,VOUS_Y_AVEZ,SUBJECT,LEXICAL,NUMBER,"seed=PC_0013; context=Hier matin,"
PC_0078,SINGLE_CLITIC,REFLEXIVE,D2,"Hier matin, je me suis trompé.",昨天早上，我搞错了,昨天早上，我搞错了,昨天早上，他搞错了,昨天早上，我没搞错,昨天早上，我迟到了,SUBJECT|POLARITY|LEXICAL,1.3,1,昨天早上，我搞错了,SE_TROMPER,SINGLE_REFLEXIVE,me,PASSE_COMPOSE,JE,ME,,,LEXICAL_REFLEXIVE,ME_SUIS,SUBJECT,POLARITY,LEXICAL,"seed=PC_0014; context=Hier matin,"
PC_0079,SINGLE_CLITIC,REFLEXIVE,D2,"Hier matin, elle s'est inscrite.",昨天早上，她报名了,昨天早上，她报名了,昨天早上，他报名了,昨天早上，她取消报名了,昨天早上，她已经到了,SUBJECT|POLARITY|LEXICAL,1.7,1,昨天早上，她报名了,S_INSCRIRE,SINGLE_REFLEXIVE,s',PASSE_COMPOSE,ELLE,SE,,,LEXICAL_REFLEXIVE,S_EST,SUBJECT,POLARITY,LEXICAL,"seed=PC_0015; context=Hier matin,"
PC_0080,SINGLE_CLITIC,REFLEXIVE,D2,"Hier matin, ils se sont rencontrés.",昨天早上，他们见面了,昨天早上，他们见面了,昨天早上，我们见面了,昨天早上，他们没见面,昨天早上，他们打电话了,SUBJECT|POLARITY|LEXICAL,1.5,1,昨天早上，他们见面了,SE_RENCONTRER,SINGLE_REFLEXIVE,se,PASSE_COMPOSE,ILS,SE,,,RECIPROCAL,SE_SONT,SUBJECT,POLARITY,LEXICAL,"seed=PC_0016; context=Hier matin,"
PC_0081,SINGLE_CLITIC,SINGLE_COD,D2,"Hier soir, je l'ai reçu.",昨晚，我收到这个了,昨晚，我收到这个了,昨晚，他收到这个了,昨晚，我收到这些了,昨晚，我把这个给别人了,SUBJECT|COD_NUMBER|ROLE,1.7,1,昨晚，我收到这个了,RECEVOIR_QCH,SINGLE_COD,l',PASSE_COMPOSE,JE,LE_LA,,,COD_OBJECT,L_AI,SUBJECT,COD_NUMBER,ROLE,"seed=PC_0001; context=Hier soir,"
PC_0082,SINGLE_CLITIC,SINGLE_COD,D1,"Cette fois, elle les connaît.",这次，她认识他们,这次，她认识他们,这次，他认识他们,这次，她认识他,这次，他们认识她,SUBJECT|COD_NUMBER|ROLE,1.0,1,这次，她认识他们,CONNAITRE_QN,SINGLE_COD,les,PRESENT,ELLE,LES,,,COD_PERSON,,SUBJECT,COD_NUMBER,ROLE,"seed=PC_0002; context=Cette fois,"
PC_0083,SINGLE_CLITIC,SINGLE_COI,D2,"Hier soir, je lui ai répondu.",昨晚，我回复他了,昨晚，我回复他了,昨晚，他回复我了,昨晚，我回复他们了,昨晚，我没回复他,ROLE_REVERSAL|COI_NUMBER|POLARITY,1.0,1,昨晚，我回复他了,REPONDRE_A_QN,SINGLE_COI,lui,PASSE_COMPOSE,JE,LUI,,,RECIPIENT,,ROLE_REVERSAL,COI_NUMBER,POLARITY,"seed=PC_0003; context=Hier soir,"
PC_0084,SINGLE_CLITIC,SINGLE_COI,D2,"Hier soir, nous leur avons écrit.",昨晚，我们给他们写信了,昨晚，我们给他们写信了,昨晚，他们给我们写信了,昨晚，我们给他写信了,昨晚，我们给他们打电话了,ROLE_REVERSAL|COI_NUMBER|LEXICAL,1.2,1,昨晚，我们给他们写信了,ECRIRE_A_QN,SINGLE_COI,leur,PASSE_COMPOSE,NOUS,LEUR,,,RECIPIENT,,ROLE_REVERSAL,COI_NUMBER,LEXICAL,"seed=PC_0004; context=Hier soir,"
PC_0085,SINGLE_CLITIC,SINGLE_PERSON,D2,"Hier soir, il m'a appelé.",昨晚，他给我打电话了,昨晚，他给我打电话了,昨晚，我给他打电话了,昨晚，他给我们打电话了,昨晚，他给我写信了,ROLE_REVERSAL|PERSON|LEXICAL,1.8,1,昨晚，他给我打电话了,APPELER_QN,SINGLE_PERSON,m',PASSE_COMPOSE,IL,ME,,,COD_PERSON,M_A,ROLE_REVERSAL,PERSON,LEXICAL,"seed=PC_0005; context=Hier soir,"
PC_0086,SINGLE_CLITIC,SINGLE_PERSON,D2,"Hier soir, elle nous a prévenus.",昨晚，她通知我们了,昨晚，她通知我们了,昨晚，我们通知她了,昨晚，她通知他们了,昨晚，她帮助我们了,ROLE_REVERSAL|PERSON|LEXICAL,1.0,1,昨晚，她通知我们了,PREVENIR_QN,SINGLE_PERSON,nous,PASSE_COMPOSE,ELLE,NOUS,,,COD_PERSON,,ROLE_REVERSAL,PERSON,LEXICAL,"seed=PC_0006; context=Hier soir,"
PC_0087,SINGLE_CLITIC,SINGLE_PERSON,D2,"Hier soir, je vous ai entendu.",昨晚，我听见您了,昨晚，我听见您了,昨晚，您听见我了,昨晚，我听见他们了,昨晚，我看见您了,ROLE_REVERSAL|PERSON|LEXICAL,1.4,1,昨晚，我听见您了,ENTENDRE_QN,SINGLE_PERSON,vous,PASSE_COMPOSE,JE,VOUS,,,COD_PERSON,VOUS_AI,ROLE_REVERSAL,PERSON,LEXICAL,"seed=PC_0007; context=Hier soir,"
PC_0088,SINGLE_CLITIC,EN_LEXICAL,D1,"Hier soir, j'en ai besoin.",昨晚，我需要这个,昨晚，我需要这个,昨晚，他需要这个,昨晚，我不需要这个,昨晚，我需要这些,SUBJECT|POLARITY|NUMBER,1.7,1,昨晚，我需要这个,AVOIR_BESOIN_DE,SINGLE_EN,en,PRESENT,JE,EN,,,LEXICAL_EN,EN_AI,SUBJECT,POLARITY,NUMBER,"seed=PC_0008; context=Hier soir,"
PC_0089,SINGLE_CLITIC,EN_TOPIC,D1,"Cette fois, il en parle souvent.",这次，他经常谈这件事,这次，他经常谈这件事,这次，我经常谈这件事,这次，他经常谈那些人,这次，他很少谈这件事,SUBJECT|SEMANTIC|ADJUNCT,1.0,1,这次，他经常谈这件事,PARLER_DE,SINGLE_EN,en,PRESENT,IL,EN,,,TOPIC,,SUBJECT,SEMANTIC,ADJUNCT,"seed=PC_0009; context=Cette fois,"
PC_0090,SINGLE_CLITIC,EN_QUANTITY,D2,"Hier soir, nous en avons acheté trois.",昨晚，我们买了三个,昨晚，我们买了三个,昨晚，他们买了三个,昨晚，我们买了一个,昨晚，我们卖了三个,SUBJECT|QUANTITY|LEXICAL,1.7,1,昨晚，我们买了三个,ACHETER_QCH,SINGLE_EN,en,PASSE_COMPOSE,NOUS,EN,,,QUANTITY,NOUS_EN_AVONS,SUBJECT,QUANTITY,LEXICAL,"seed=PC_0010; context=Hier soir,"
PC_0091,SINGLE_CLITIC,Y_LOCATION,D1,"Cette fois, j'y vais demain.",这次，我明天去那里,这次，我明天去那里,这次，他明天去那里,这次，我明天从那里回来,这次，我今天去那里,SUBJECT|DIRECTION|ADJUNCT,1.0,1,这次，我明天去那里,ALLER_A_LIEU,SINGLE_Y,y,PRESENT,JE,Y,,,LOCATION,,SUBJECT,DIRECTION,ADJUNCT,"seed=PC_0011; context=Cette fois,"
PC_0092,SINGLE_CLITIC,Y_TOPIC,D1,"Cette fois, elle y pense encore.",这次，她还在想这件事,这次，她还在想这件事,这次，他还在想这件事,这次，她已经忘了这件事,这次，她还在想别的事,SUBJECT|LEXICAL|SEMANTIC,1.0,1,这次，她还在想这件事,PENSER_A,SINGLE_Y,y,PRESENT,ELLE,Y,,,TOPIC,,SUBJECT,LEXICAL,SEMANTIC,"seed=PC_0012; context=Cette fois,"
PC_0093,SINGLE_CLITIC,Y_TOPIC,D2,"Hier soir, vous y avez participé.",昨晚，您参加了这个活动,昨晚，您参加了这个活动,昨晚，我们参加了这个活动,昨晚，您退出了这个活动,昨晚，您参加了这些活动,SUBJECT|LEXICAL|NUMBER,1.4,1,昨晚，您参加了这个活动,PARTICIPER_A,SINGLE_Y,y,PASSE_COMPOSE,VOUS,Y,,,EVENT,VOUS_Y_AVEZ,SUBJECT,LEXICAL,NUMBER,"seed=PC_0013; context=Hier soir,"
PC_0094,SINGLE_CLITIC,REFLEXIVE,D2,"Hier soir, je me suis trompé.",昨晚，我搞错了,昨晚，我搞错了,昨晚，他搞错了,昨晚，我没搞错,昨晚，我迟到了,SUBJECT|POLARITY|LEXICAL,1.3,1,昨晚，我搞错了,SE_TROMPER,SINGLE_REFLEXIVE,me,PASSE_COMPOSE,JE,ME,,,LEXICAL_REFLEXIVE,ME_SUIS,SUBJECT,POLARITY,LEXICAL,"seed=PC_0014; context=Hier soir,"
PC_0095,SINGLE_CLITIC,REFLEXIVE,D2,"Hier soir, elle s'est inscrite.",昨晚，她报名了,昨晚，她报名了,昨晚，他报名了,昨晚，她取消报名了,昨晚，她已经到了,SUBJECT|POLARITY|LEXICAL,1.7,1,昨晚，她报名了,S_INSCRIRE,SINGLE_REFLEXIVE,s',PASSE_COMPOSE,ELLE,SE,,,LEXICAL_REFLEXIVE,S_EST,SUBJECT,POLARITY,LEXICAL,"seed=PC_0015; context=Hier soir,"
PC_0096,SINGLE_CLITIC,REFLEXIVE,D2,"Hier soir, ils se sont rencontrés.",昨晚，他们见面了,昨晚，他们见面了,昨晚，我们见面了,昨晚，他们没见面,昨晚，他们打电话了,SUBJECT|POLARITY|LEXICAL,1.5,1,昨晚，他们见面了,SE_RENCONTRER,SINGLE_REFLEXIVE,se,PASSE_COMPOSE,ILS,SE,,,RECIPROCAL,SE_SONT,SUBJECT,POLARITY,LEXICAL,"seed=PC_0016; context=Hier soir,"
PC_0097,SINGLE_CLITIC,SINGLE_COD,D2,"Récemment, je l'ai reçu.",最近，我收到这个了,最近，我收到这个了,最近，他收到这个了,最近，我收到这些了,最近，我把这个给别人了,SUBJECT|COD_NUMBER|ROLE,1.7,1,最近，我收到这个了,RECEVOIR_QCH,SINGLE_COD,l',PASSE_COMPOSE,JE,LE_LA,,,COD_OBJECT,L_AI,SUBJECT,COD_NUMBER,ROLE,"seed=PC_0001; context=Récemment,"
PC_0098,SINGLE_CLITIC,SINGLE_COD,D1,"Actuellement, elle les connaît.",目前，她认识他们,目前，她认识他们,目前，他认识他们,目前，她认识他,目前，他们认识她,SUBJECT|COD_NUMBER|ROLE,1.0,1,目前，她认识他们,CONNAITRE_QN,SINGLE_COD,les,PRESENT,ELLE,LES,,,COD_PERSON,,SUBJECT,COD_NUMBER,ROLE,"seed=PC_0002; context=Actuellement,"
PC_0099,SINGLE_CLITIC,SINGLE_COI,D2,"Récemment, je lui ai répondu.",最近，我回复他了,最近，我回复他了,最近，他回复我了,最近，我回复他们了,最近，我没回复他,ROLE_REVERSAL|COI_NUMBER|POLARITY,1.0,1,最近，我回复他了,REPONDRE_A_QN,SINGLE_COI,lui,PASSE_COMPOSE,JE,LUI,,,RECIPIENT,,ROLE_REVERSAL,COI_NUMBER,POLARITY,"seed=PC_0003; context=Récemment,"
PC_0100,SINGLE_CLITIC,SINGLE_COI,D2,"Récemment, nous leur avons écrit.",最近，我们给他们写信了,最近，我们给他们写信了,最近，他们给我们写信了,最近，我们给他写信了,最近，我们给他们打电话了,ROLE_REVERSAL|COI_NUMBER|LEXICAL,1.2,1,最近，我们给他们写信了,ECRIRE_A_QN,SINGLE_COI,leur,PASSE_COMPOSE,NOUS,LEUR,,,RECIPIENT,,ROLE_REVERSAL,COI_NUMBER,LEXICAL,"seed=PC_0004; context=Récemment,"
PC_0101,SINGLE_CLITIC,SINGLE_PERSON,D2,"Récemment, il m'a appelé.",最近，他给我打电话了,最近，他给我打电话了,最近，我给他打电话了,最近，他给我们打电话了,最近，他给我写信了,ROLE_REVERSAL|PERSON|LEXICAL,1.8,1,最近，他给我打电话了,APPELER_QN,SINGLE_PERSON,m',PASSE_COMPOSE,IL,ME,,,COD_PERSON,M_A,ROLE_REVERSAL,PERSON,LEXICAL,"seed=PC_0005; context=Récemment,"
PC_0102,SINGLE_CLITIC,SINGLE_PERSON,D2,"Récemment, elle nous a prévenus.",最近，她通知我们了,最近，她通知我们了,最近，我们通知她了,最近，她通知他们了,最近，她帮助我们了,ROLE_REVERSAL|PERSON|LEXICAL,1.0,1,最近，她通知我们了,PREVENIR_QN,SINGLE_PERSON,nous,PASSE_COMPOSE,ELLE,NOUS,,,COD_PERSON,,ROLE_REVERSAL,PERSON,LEXICAL,"seed=PC_0006; context=Récemment,"
PC_0103,SINGLE_CLITIC,SINGLE_PERSON,D2,"Récemment, je vous ai entendu.",最近，我听见您了,最近，我听见您了,最近，您听见我了,最近，我听见他们了,最近，我看见您了,ROLE_REVERSAL|PERSON|LEXICAL,1.4,1,最近，我听见您了,ENTENDRE_QN,SINGLE_PERSON,vous,PASSE_COMPOSE,JE,VOUS,,,COD_PERSON,VOUS_AI,ROLE_REVERSAL,PERSON,LEXICAL,"seed=PC_0007; context=Récemment,"
PC_0104,SINGLE_CLITIC,EN_LEXICAL,D1,"Récemment, j'en ai besoin.",最近，我需要这个,最近，我需要这个,最近，他需要这个,最近，我不需要这个,最近，我需要这些,SUBJECT|POLARITY|NUMBER,1.7,1,最近，我需要这个,AVOIR_BESOIN_DE,SINGLE_EN,en,PRESENT,JE,EN,,,LEXICAL_EN,EN_AI,SUBJECT,POLARITY,NUMBER,"seed=PC_0008; context=Récemment,"
PC_0105,SINGLE_CLITIC,EN_TOPIC,D1,"Actuellement, il en parle souvent.",目前，他经常谈这件事,目前，他经常谈这件事,目前，我经常谈这件事,目前，他经常谈那些人,目前，他很少谈这件事,SUBJECT|SEMANTIC|ADJUNCT,1.0,1,目前，他经常谈这件事,PARLER_DE,SINGLE_EN,en,PRESENT,IL,EN,,,TOPIC,,SUBJECT,SEMANTIC,ADJUNCT,"seed=PC_0009; context=Actuellement,"
PC_0106,SINGLE_CLITIC,EN_QUANTITY,D2,"Récemment, nous en avons acheté trois.",最近，我们买了三个,最近，我们买了三个,最近，他们买了三个,最近，我们买了一个,最近，我们卖了三个,SUBJECT|QUANTITY|LEXICAL,1.7,1,最近，我们买了三个,ACHETER_QCH,SINGLE_EN,en,PASSE_COMPOSE,NOUS,EN,,,QUANTITY,NOUS_EN_AVONS,SUBJECT,QUANTITY,LEXICAL,"seed=PC_0010; context=Récemment,"
PC_0107,SINGLE_CLITIC,Y_LOCATION,D1,"Actuellement, j'y vais demain.",目前，我明天去那里,目前，我明天去那里,目前，他明天去那里,目前，我明天从那里回来,目前，我今天去那里,SUBJECT|DIRECTION|ADJUNCT,1.0,1,目前，我明天去那里,ALLER_A_LIEU,SINGLE_Y,y,PRESENT,JE,Y,,,LOCATION,,SUBJECT,DIRECTION,ADJUNCT,"seed=PC_0011; context=Actuellement,"
PC_0108,SINGLE_CLITIC,Y_TOPIC,D1,"Actuellement, elle y pense encore.",目前，她还在想这件事,目前，她还在想这件事,目前，他还在想这件事,目前，她已经忘了这件事,目前，她还在想别的事,SUBJECT|LEXICAL|SEMANTIC,1.0,1,目前，她还在想这件事,PENSER_A,SINGLE_Y,y,PRESENT,ELLE,Y,,,TOPIC,,SUBJECT,LEXICAL,SEMANTIC,"seed=PC_0012; context=Actuellement,"
PC_0109,SINGLE_CLITIC,Y_TOPIC,D2,"Récemment, vous y avez participé.",最近，您参加了这个活动,最近，您参加了这个活动,最近，我们参加了这个活动,最近，您退出了这个活动,最近，您参加了这些活动,SUBJECT|LEXICAL|NUMBER,1.4,1,最近，您参加了这个活动,PARTICIPER_A,SINGLE_Y,y,PASSE_COMPOSE,VOUS,Y,,,EVENT,VOUS_Y_AVEZ,SUBJECT,LEXICAL,NUMBER,"seed=PC_0013; context=Récemment,"
PC_0110,SINGLE_CLITIC,REFLEXIVE,D2,"Récemment, je me suis trompé.",最近，我搞错了,最近，我搞错了,最近，他搞错了,最近，我没搞错,最近，我迟到了,SUBJECT|POLARITY|LEXICAL,1.3,1,最近，我搞错了,SE_TROMPER,SINGLE_REFLEXIVE,me,PASSE_COMPOSE,JE,ME,,,LEXICAL_REFLEXIVE,ME_SUIS,SUBJECT,POLARITY,LEXICAL,"seed=PC_0014; context=Récemment,"
PC_0111,SINGLE_CLITIC,REFLEXIVE,D2,"Récemment, elle s'est inscrite.",最近，她报名了,最近，她报名了,最近，他报名了,最近，她取消报名了,最近，她已经到了,SUBJECT|POLARITY|LEXICAL,1.7,1,最近，她报名了,S_INSCRIRE,SINGLE_REFLEXIVE,s',PASSE_COMPOSE,ELLE,SE,,,LEXICAL_REFLEXIVE,S_EST,SUBJECT,POLARITY,LEXICAL,"seed=PC_0015; context=Récemment,"
PC_0112,SINGLE_CLITIC,REFLEXIVE,D2,"Récemment, ils se sont rencontrés.",最近，他们见面了,最近，他们见面了,最近，我们见面了,最近，他们没见面,最近，他们打电话了,SUBJECT|POLARITY|LEXICAL,1.5,1,最近，他们见面了,SE_RENCONTRER,SINGLE_REFLEXIVE,se,PASSE_COMPOSE,ILS,SE,,,RECIPROCAL,SE_SONT,SUBJECT,POLARITY,LEXICAL,"seed=PC_0016; context=Récemment,"
PC_0113,SINGLE_CLITIC,SINGLE_COD,D2,"La semaine dernière, je l'ai reçu.",上周，我收到这个了,上周，我收到这个了,上周，他收到这个了,上周，我收到这些了,上周，我把这个给别人了,SUBJECT|COD_NUMBER|ROLE,1.7,1,上周，我收到这个了,RECEVOIR_QCH,SINGLE_COD,l',PASSE_COMPOSE,JE,LE_LA,,,COD_OBJECT,L_AI,SUBJECT,COD_NUMBER,ROLE,"seed=PC_0001; context=La semaine dernière,"
PC_0114,SINGLE_CLITIC,SINGLE_COD,D1,"À présent, elle les connaît.",现在，她认识他们,现在，她认识他们,现在，他认识他们,现在，她认识他,现在，他们认识她,SUBJECT|COD_NUMBER|ROLE,1.0,1,现在，她认识他们,CONNAITRE_QN,SINGLE_COD,les,PRESENT,ELLE,LES,,,COD_PERSON,,SUBJECT,COD_NUMBER,ROLE,"seed=PC_0002; context=À présent,"
PC_0115,SINGLE_CLITIC,SINGLE_COI,D2,"La semaine dernière, je lui ai répondu.",上周，我回复他了,上周，我回复他了,上周，他回复我了,上周，我回复他们了,上周，我没回复他,ROLE_REVERSAL|COI_NUMBER|POLARITY,1.0,1,上周，我回复他了,REPONDRE_A_QN,SINGLE_COI,lui,PASSE_COMPOSE,JE,LUI,,,RECIPIENT,,ROLE_REVERSAL,COI_NUMBER,POLARITY,"seed=PC_0003; context=La semaine dernière,"
PC_0116,SINGLE_CLITIC,SINGLE_COI,D2,"La semaine dernière, nous leur avons écrit.",上周，我们给他们写信了,上周，我们给他们写信了,上周，他们给我们写信了,上周，我们给他写信了,上周，我们给他们打电话了,ROLE_REVERSAL|COI_NUMBER|LEXICAL,1.2,1,上周，我们给他们写信了,ECRIRE_A_QN,SINGLE_COI,leur,PASSE_COMPOSE,NOUS,LEUR,,,RECIPIENT,,ROLE_REVERSAL,COI_NUMBER,LEXICAL,"seed=PC_0004; context=La semaine dernière,"
PC_0117,SINGLE_CLITIC,SINGLE_PERSON,D2,"La semaine dernière, il m'a appelé.",上周，他给我打电话了,上周，他给我打电话了,上周，我给他打电话了,上周，他给我们打电话了,上周，他给我写信了,ROLE_REVERSAL|PERSON|LEXICAL,1.8,1,上周，他给我打电话了,APPELER_QN,SINGLE_PERSON,m',PASSE_COMPOSE,IL,ME,,,COD_PERSON,M_A,ROLE_REVERSAL,PERSON,LEXICAL,"seed=PC_0005; context=La semaine dernière,"
PC_0118,SINGLE_CLITIC,SINGLE_PERSON,D2,"La semaine dernière, elle nous a prévenus.",上周，她通知我们了,上周，她通知我们了,上周，我们通知她了,上周，她通知他们了,上周，她帮助我们了,ROLE_REVERSAL|PERSON|LEXICAL,1.0,1,上周，她通知我们了,PREVENIR_QN,SINGLE_PERSON,nous,PASSE_COMPOSE,ELLE,NOUS,,,COD_PERSON,,ROLE_REVERSAL,PERSON,LEXICAL,"seed=PC_0006; context=La semaine dernière,"
PC_0119,SINGLE_CLITIC,SINGLE_PERSON,D2,"La semaine dernière, je vous ai entendu.",上周，我听见您了,上周，我听见您了,上周，您听见我了,上周，我听见他们了,上周，我看见您了,ROLE_REVERSAL|PERSON|LEXICAL,1.4,1,上周，我听见您了,ENTENDRE_QN,SINGLE_PERSON,vous,PASSE_COMPOSE,JE,VOUS,,,COD_PERSON,VOUS_AI,ROLE_REVERSAL,PERSON,LEXICAL,"seed=PC_0007; context=La semaine dernière,"
PC_0120,SINGLE_CLITIC,EN_LEXICAL,D1,"La semaine dernière, j'en ai besoin.",上周，我需要这个,上周，我需要这个,上周，他需要这个,上周，我不需要这个,上周，我需要这些,SUBJECT|POLARITY|NUMBER,1.7,1,上周，我需要这个,AVOIR_BESOIN_DE,SINGLE_EN,en,PRESENT,JE,EN,,,LEXICAL_EN,EN_AI,SUBJECT,POLARITY,NUMBER,"seed=PC_0008; context=La semaine dernière,"
PC_0121,SINGLE_CLITIC,EN_TOPIC,D1,"À présent, il en parle souvent.",现在，他经常谈这件事,现在，他经常谈这件事,现在，我经常谈这件事,现在，他经常谈那些人,现在，他很少谈这件事,SUBJECT|SEMANTIC|ADJUNCT,1.0,1,现在，他经常谈这件事,PARLER_DE,SINGLE_EN,en,PRESENT,IL,EN,,,TOPIC,,SUBJECT,SEMANTIC,ADJUNCT,"seed=PC_0009; context=À présent,"
PC_0122,SINGLE_CLITIC,EN_QUANTITY,D2,"La semaine dernière, nous en avons acheté trois.",上周，我们买了三个,上周，我们买了三个,上周，他们买了三个,上周，我们买了一个,上周，我们卖了三个,SUBJECT|QUANTITY|LEXICAL,1.7,1,上周，我们买了三个,ACHETER_QCH,SINGLE_EN,en,PASSE_COMPOSE,NOUS,EN,,,QUANTITY,NOUS_EN_AVONS,SUBJECT,QUANTITY,LEXICAL,"seed=PC_0010; context=La semaine dernière,"
PC_0123,SINGLE_CLITIC,Y_LOCATION,D1,"À présent, j'y vais demain.",现在，我明天去那里,现在，我明天去那里,现在，他明天去那里,现在，我明天从那里回来,现在，我今天去那里,SUBJECT|DIRECTION|ADJUNCT,1.0,1,现在，我明天去那里,ALLER_A_LIEU,SINGLE_Y,y,PRESENT,JE,Y,,,LOCATION,,SUBJECT,DIRECTION,ADJUNCT,"seed=PC_0011; context=À présent,"
PC_0124,SINGLE_CLITIC,Y_TOPIC,D1,"À présent, elle y pense encore.",现在，她还在想这件事,现在，她还在想这件事,现在，他还在想这件事,现在，她已经忘了这件事,现在，她还在想别的事,SUBJECT|LEXICAL|SEMANTIC,1.0,1,现在，她还在想这件事,PENSER_A,SINGLE_Y,y,PRESENT,ELLE,Y,,,TOPIC,,SUBJECT,LEXICAL,SEMANTIC,"seed=PC_0012; context=À présent,"
PC_0125,SINGLE_CLITIC,Y_TOPIC,D2,"La semaine dernière, vous y avez participé.",上周，您参加了这个活动,上周，您参加了这个活动,上周，我们参加了这个活动,上周，您退出了这个活动,上周，您参加了这些活动,SUBJECT|LEXICAL|NUMBER,1.4,1,上周，您参加了这个活动,PARTICIPER_A,SINGLE_Y,y,PASSE_COMPOSE,VOUS,Y,,,EVENT,VOUS_Y_AVEZ,SUBJECT,LEXICAL,NUMBER,"seed=PC_0013; context=La semaine dernière,"
PC_0126,SINGLE_CLITIC,REFLEXIVE,D2,"La semaine dernière, je me suis trompé.",上周，我搞错了,上周，我搞错了,上周，他搞错了,上周，我没搞错,上周，我迟到了,SUBJECT|POLARITY|LEXICAL,1.3,1,上周，我搞错了,SE_TROMPER,SINGLE_REFLEXIVE,me,PASSE_COMPOSE,JE,ME,,,LEXICAL_REFLEXIVE,ME_SUIS,SUBJECT,POLARITY,LEXICAL,"seed=PC_0014; context=La semaine dernière,"
PC_0127,SINGLE_CLITIC,REFLEXIVE,D2,"La semaine dernière, elle s'est inscrite.",上周，她报名了,上周，她报名了,上周，他报名了,上周，她取消报名了,上周，她已经到了,SUBJECT|POLARITY|LEXICAL,1.7,1,上周，她报名了,S_INSCRIRE,SINGLE_REFLEXIVE,s',PASSE_COMPOSE,ELLE,SE,,,LEXICAL_REFLEXIVE,S_EST,SUBJECT,POLARITY,LEXICAL,"seed=PC_0015; context=La semaine dernière,"
PC_0128,SINGLE_CLITIC,REFLEXIVE,D2,"La semaine dernière, ils se sont rencontrés.",上周，他们见面了,上周，他们见面了,上周，我们见面了,上周，他们没见面,上周，他们打电话了,SUBJECT|POLARITY|LEXICAL,1.5,1,上周，他们见面了,SE_RENCONTRER,SINGLE_REFLEXIVE,se,PASSE_COMPOSE,ILS,SE,,,RECIPROCAL,SE_SONT,SUBJECT,POLARITY,LEXICAL,"seed=PC_0016; context=La semaine dernière,"
PC_0129,SINGLE_CLITIC,SINGLE_COD,D2,"Le mois dernier, je l'ai reçu.",上个月，我收到这个了,上个月，我收到这个了,上个月，他收到这个了,上个月，我收到这些了,上个月，我把这个给别人了,SUBJECT|COD_NUMBER|ROLE,1.7,1,上个月，我收到这个了,RECEVOIR_QCH,SINGLE_COD,l',PASSE_COMPOSE,JE,LE_LA,,,COD_OBJECT,L_AI,SUBJECT,COD_NUMBER,ROLE,"seed=PC_0001; context=Le mois dernier,"
PC_0130,SINGLE_CLITIC,SINGLE_COD,D1,"Normalement, elle les connaît.",通常，她认识他们,通常，她认识他们,通常，他认识他们,通常，她认识他,通常，他们认识她,SUBJECT|COD_NUMBER|ROLE,1.0,1,通常，她认识他们,CONNAITRE_QN,SINGLE_COD,les,PRESENT,ELLE,LES,,,COD_PERSON,,SUBJECT,COD_NUMBER,ROLE,"seed=PC_0002; context=Normalement,"
PC_0131,SINGLE_CLITIC,SINGLE_COI,D2,"Le mois dernier, je lui ai répondu.",上个月，我回复他了,上个月，我回复他了,上个月，他回复我了,上个月，我回复他们了,上个月，我没回复他,ROLE_REVERSAL|COI_NUMBER|POLARITY,1.0,1,上个月，我回复他了,REPONDRE_A_QN,SINGLE_COI,lui,PASSE_COMPOSE,JE,LUI,,,RECIPIENT,,ROLE_REVERSAL,COI_NUMBER,POLARITY,"seed=PC_0003; context=Le mois dernier,"
PC_0132,SINGLE_CLITIC,SINGLE_COI,D2,"Le mois dernier, nous leur avons écrit.",上个月，我们给他们写信了,上个月，我们给他们写信了,上个月，他们给我们写信了,上个月，我们给他写信了,上个月，我们给他们打电话了,ROLE_REVERSAL|COI_NUMBER|LEXICAL,1.2,1,上个月，我们给他们写信了,ECRIRE_A_QN,SINGLE_COI,leur,PASSE_COMPOSE,NOUS,LEUR,,,RECIPIENT,,ROLE_REVERSAL,COI_NUMBER,LEXICAL,"seed=PC_0004; context=Le mois dernier,"
PC_0133,SINGLE_CLITIC,SINGLE_PERSON,D2,"Le mois dernier, il m'a appelé.",上个月，他给我打电话了,上个月，他给我打电话了,上个月，我给他打电话了,上个月，他给我们打电话了,上个月，他给我写信了,ROLE_REVERSAL|PERSON|LEXICAL,1.8,1,上个月，他给我打电话了,APPELER_QN,SINGLE_PERSON,m',PASSE_COMPOSE,IL,ME,,,COD_PERSON,M_A,ROLE_REVERSAL,PERSON,LEXICAL,"seed=PC_0005; context=Le mois dernier,"
PC_0134,SINGLE_CLITIC,SINGLE_PERSON,D2,"Le mois dernier, elle nous a prévenus.",上个月，她通知我们了,上个月，她通知我们了,上个月，我们通知她了,上个月，她通知他们了,上个月，她帮助我们了,ROLE_REVERSAL|PERSON|LEXICAL,1.0,1,上个月，她通知我们了,PREVENIR_QN,SINGLE_PERSON,nous,PASSE_COMPOSE,ELLE,NOUS,,,COD_PERSON,,ROLE_REVERSAL,PERSON,LEXICAL,"seed=PC_0006; context=Le mois dernier,"
PC_0135,SINGLE_CLITIC,SINGLE_PERSON,D2,"Le mois dernier, je vous ai entendu.",上个月，我听见您了,上个月，我听见您了,上个月，您听见我了,上个月，我听见他们了,上个月，我看见您了,ROLE_REVERSAL|PERSON|LEXICAL,1.4,1,上个月，我听见您了,ENTENDRE_QN,SINGLE_PERSON,vous,PASSE_COMPOSE,JE,VOUS,,,COD_PERSON,VOUS_AI,ROLE_REVERSAL,PERSON,LEXICAL,"seed=PC_0007; context=Le mois dernier,"
PC_0136,SINGLE_CLITIC,EN_LEXICAL,D1,"Le mois dernier, j'en ai besoin.",上个月，我需要这个,上个月，我需要这个,上个月，他需要这个,上个月，我不需要这个,上个月，我需要这些,SUBJECT|POLARITY|NUMBER,1.7,1,上个月，我需要这个,AVOIR_BESOIN_DE,SINGLE_EN,en,PRESENT,JE,EN,,,LEXICAL_EN,EN_AI,SUBJECT,POLARITY,NUMBER,"seed=PC_0008; context=Le mois dernier,"
PC_0137,SINGLE_CLITIC,EN_TOPIC,D1,"Normalement, il en parle souvent.",通常，他经常谈这件事,通常，他经常谈这件事,通常，我经常谈这件事,通常，他经常谈那些人,通常，他很少谈这件事,SUBJECT|SEMANTIC|ADJUNCT,1.0,1,通常，他经常谈这件事,PARLER_DE,SINGLE_EN,en,PRESENT,IL,EN,,,TOPIC,,SUBJECT,SEMANTIC,ADJUNCT,"seed=PC_0009; context=Normalement,"
PC_0138,SINGLE_CLITIC,EN_QUANTITY,D2,"Le mois dernier, nous en avons acheté trois.",上个月，我们买了三个,上个月，我们买了三个,上个月，他们买了三个,上个月，我们买了一个,上个月，我们卖了三个,SUBJECT|QUANTITY|LEXICAL,1.7,1,上个月，我们买了三个,ACHETER_QCH,SINGLE_EN,en,PASSE_COMPOSE,NOUS,EN,,,QUANTITY,NOUS_EN_AVONS,SUBJECT,QUANTITY,LEXICAL,"seed=PC_0010; context=Le mois dernier,"
PC_0139,SINGLE_CLITIC,Y_LOCATION,D1,"Normalement, j'y vais demain.",通常，我明天去那里,通常，我明天去那里,通常，他明天去那里,通常，我明天从那里回来,通常，我今天去那里,SUBJECT|DIRECTION|ADJUNCT,1.0,1,通常，我明天去那里,ALLER_A_LIEU,SINGLE_Y,y,PRESENT,JE,Y,,,LOCATION,,SUBJECT,DIRECTION,ADJUNCT,"seed=PC_0011; context=Normalement,"
PC_0140,SINGLE_CLITIC,Y_TOPIC,D1,"Normalement, elle y pense encore.",通常，她还在想这件事,通常，她还在想这件事,通常，他还在想这件事,通常，她已经忘了这件事,通常，她还在想别的事,SUBJECT|LEXICAL|SEMANTIC,1.0,1,通常，她还在想这件事,PENSER_A,SINGLE_Y,y,PRESENT,ELLE,Y,,,TOPIC,,SUBJECT,LEXICAL,SEMANTIC,"seed=PC_0012; context=Normalement,"
PC_0141,SINGLE_CLITIC,Y_TOPIC,D2,"Le mois dernier, vous y avez participé.",上个月，您参加了这个活动,上个月，您参加了这个活动,上个月，我们参加了这个活动,上个月，您退出了这个活动,上个月，您参加了这些活动,SUBJECT|LEXICAL|NUMBER,1.4,1,上个月，您参加了这个活动,PARTICIPER_A,SINGLE_Y,y,PASSE_COMPOSE,VOUS,Y,,,EVENT,VOUS_Y_AVEZ,SUBJECT,LEXICAL,NUMBER,"seed=PC_0013; context=Le mois dernier,"
PC_0142,SINGLE_CLITIC,REFLEXIVE,D2,"Le mois dernier, je me suis trompé.",上个月，我搞错了,上个月，我搞错了,上个月，他搞错了,上个月，我没搞错,上个月，我迟到了,SUBJECT|POLARITY|LEXICAL,1.3,1,上个月，我搞错了,SE_TROMPER,SINGLE_REFLEXIVE,me,PASSE_COMPOSE,JE,ME,,,LEXICAL_REFLEXIVE,ME_SUIS,SUBJECT,POLARITY,LEXICAL,"seed=PC_0014; context=Le mois dernier,"
PC_0143,SINGLE_CLITIC,REFLEXIVE,D2,"Le mois dernier, elle s'est inscrite.",上个月，她报名了,上个月，她报名了,上个月，他报名了,上个月，她取消报名了,上个月，她已经到了,SUBJECT|POLARITY|LEXICAL,1.7,1,上个月，她报名了,S_INSCRIRE,SINGLE_REFLEXIVE,s',PASSE_COMPOSE,ELLE,SE,,,LEXICAL_REFLEXIVE,S_EST,SUBJECT,POLARITY,LEXICAL,"seed=PC_0015; context=Le mois dernier,"
PC_0144,SINGLE_CLITIC,REFLEXIVE,D2,"Le mois dernier, ils se sont rencontrés.",上个月，他们见面了,上个月，他们见面了,上个月，我们见面了,上个月，他们没见面,上个月，他们打电话了,SUBJECT|POLARITY|LEXICAL,1.5,1,上个月，他们见面了,SE_RENCONTRER,SINGLE_REFLEXIVE,se,PASSE_COMPOSE,ILS,SE,,,RECIPROCAL,SE_SONT,SUBJECT,POLARITY,LEXICAL,"seed=PC_0016; context=Le mois dernier,"
PC_0145,SINGLE_CLITIC,SINGLE_COD,D2,"Cette fois, je l'ai reçu.",这次，我收到这个了,这次，我收到这个了,这次，他收到这个了,这次，我收到这些了,这次，我把这个给别人了,SUBJECT|COD_NUMBER|ROLE,1.7,1,这次，我收到这个了,RECEVOIR_QCH,SINGLE_COD,l',PASSE_COMPOSE,JE,LE_LA,,,COD_OBJECT,L_AI,SUBJECT,COD_NUMBER,ROLE,"seed=PC_0001; context=Cette fois,"
PC_0146,SINGLE_CLITIC,SINGLE_COD,D1,"D'habitude, elle les connaît.",通常，她认识他们,通常，她认识他们,通常，他认识他们,通常，她认识他,通常，他们认识她,SUBJECT|COD_NUMBER|ROLE,1.0,1,通常，她认识他们,CONNAITRE_QN,SINGLE_COD,les,PRESENT,ELLE,LES,,,COD_PERSON,,SUBJECT,COD_NUMBER,ROLE,"seed=PC_0002; context=D'habitude,"
PC_0147,SINGLE_CLITIC,SINGLE_COI,D2,"Cette fois, je lui ai répondu.",这次，我回复他了,这次，我回复他了,这次，他回复我了,这次，我回复他们了,这次，我没回复他,ROLE_REVERSAL|COI_NUMBER|POLARITY,1.0,1,这次，我回复他了,REPONDRE_A_QN,SINGLE_COI,lui,PASSE_COMPOSE,JE,LUI,,,RECIPIENT,,ROLE_REVERSAL,COI_NUMBER,POLARITY,"seed=PC_0003; context=Cette fois,"
PC_0148,SINGLE_CLITIC,SINGLE_COI,D2,"Cette fois, nous leur avons écrit.",这次，我们给他们写信了,这次，我们给他们写信了,这次，他们给我们写信了,这次，我们给他写信了,这次，我们给他们打电话了,ROLE_REVERSAL|COI_NUMBER|LEXICAL,1.2,1,这次，我们给他们写信了,ECRIRE_A_QN,SINGLE_COI,leur,PASSE_COMPOSE,NOUS,LEUR,,,RECIPIENT,,ROLE_REVERSAL,COI_NUMBER,LEXICAL,"seed=PC_0004; context=Cette fois,"
PC_0149,SINGLE_CLITIC,SINGLE_PERSON,D2,"Cette fois, il m'a appelé.",这次，他给我打电话了,这次，他给我打电话了,这次，我给他打电话了,这次，他给我们打电话了,这次，他给我写信了,ROLE_REVERSAL|PERSON|LEXICAL,1.8,1,这次，他给我打电话了,APPELER_QN,SINGLE_PERSON,m',PASSE_COMPOSE,IL,ME,,,COD_PERSON,M_A,ROLE_REVERSAL,PERSON,LEXICAL,"seed=PC_0005; context=Cette fois,"
PC_0150,SINGLE_CLITIC,SINGLE_PERSON,D2,"Cette fois, elle nous a prévenus.",这次，她通知我们了,这次，她通知我们了,这次，我们通知她了,这次，她通知他们了,这次，她帮助我们了,ROLE_REVERSAL|PERSON|LEXICAL,1.0,1,这次，她通知我们了,PREVENIR_QN,SINGLE_PERSON,nous,PASSE_COMPOSE,ELLE,NOUS,,,COD_PERSON,,ROLE_REVERSAL,PERSON,LEXICAL,"seed=PC_0006; context=Cette fois,"
PC_0151,SINGLE_CLITIC,SINGLE_PERSON,D2,"Cette fois, je vous ai entendu.",这次，我听见您了,这次，我听见您了,这次，您听见我了,这次，我听见他们了,这次，我看见您了,ROLE_REVERSAL|PERSON|LEXICAL,1.4,1,这次，我听见您了,ENTENDRE_QN,SINGLE_PERSON,vous,PASSE_COMPOSE,JE,VOUS,,,COD_PERSON,VOUS_AI,ROLE_REVERSAL,PERSON,LEXICAL,"seed=PC_0007; context=Cette fois,"
PC_0152,SINGLE_CLITIC,EN_LEXICAL,D1,"Cette fois, j'en ai besoin.",这次，我需要这个,这次，我需要这个,这次，他需要这个,这次，我不需要这个,这次，我需要这些,SUBJECT|POLARITY|NUMBER,1.7,1,这次，我需要这个,AVOIR_BESOIN_DE,SINGLE_EN,en,PRESENT,JE,EN,,,LEXICAL_EN,EN_AI,SUBJECT,POLARITY,NUMBER,"seed=PC_0008; context=Cette fois,"
PC_0153,SINGLE_CLITIC,EN_TOPIC,D1,"D'habitude, il en parle souvent.",通常，他经常谈这件事,通常，他经常谈这件事,通常，我经常谈这件事,通常，他经常谈那些人,通常，他很少谈这件事,SUBJECT|SEMANTIC|ADJUNCT,1.0,1,通常，他经常谈这件事,PARLER_DE,SINGLE_EN,en,PRESENT,IL,EN,,,TOPIC,,SUBJECT,SEMANTIC,ADJUNCT,"seed=PC_0009; context=D'habitude,"
PC_0154,SINGLE_CLITIC,EN_QUANTITY,D2,"Cette fois, nous en avons acheté trois.",这次，我们买了三个,这次，我们买了三个,这次，他们买了三个,这次，我们买了一个,这次，我们卖了三个,SUBJECT|QUANTITY|LEXICAL,1.7,1,这次，我们买了三个,ACHETER_QCH,SINGLE_EN,en,PASSE_COMPOSE,NOUS,EN,,,QUANTITY,NOUS_EN_AVONS,SUBJECT,QUANTITY,LEXICAL,"seed=PC_0010; context=Cette fois,"
PC_0155,SINGLE_CLITIC,Y_LOCATION,D1,"D'habitude, j'y vais demain.",通常，我明天去那里,通常，我明天去那里,通常，他明天去那里,通常，我明天从那里回来,通常，我今天去那里,SUBJECT|DIRECTION|ADJUNCT,1.0,1,通常，我明天去那里,ALLER_A_LIEU,SINGLE_Y,y,PRESENT,JE,Y,,,LOCATION,,SUBJECT,DIRECTION,ADJUNCT,"seed=PC_0011; context=D'habitude,"
PC_0156,SINGLE_CLITIC,Y_TOPIC,D1,"D'habitude, elle y pense encore.",通常，她还在想这件事,通常，她还在想这件事,通常，他还在想这件事,通常，她已经忘了这件事,通常，她还在想别的事,SUBJECT|LEXICAL|SEMANTIC,1.0,1,通常，她还在想这件事,PENSER_A,SINGLE_Y,y,PRESENT,ELLE,Y,,,TOPIC,,SUBJECT,LEXICAL,SEMANTIC,"seed=PC_0012; context=D'habitude,"
PC_0157,SINGLE_CLITIC,Y_TOPIC,D2,"Cette fois, vous y avez participé.",这次，您参加了这个活动,这次，您参加了这个活动,这次，我们参加了这个活动,这次，您退出了这个活动,这次，您参加了这些活动,SUBJECT|LEXICAL|NUMBER,1.4,1,这次，您参加了这个活动,PARTICIPER_A,SINGLE_Y,y,PASSE_COMPOSE,VOUS,Y,,,EVENT,VOUS_Y_AVEZ,SUBJECT,LEXICAL,NUMBER,"seed=PC_0013; context=Cette fois,"
PC_0158,SINGLE_CLITIC,REFLEXIVE,D2,"Cette fois, je me suis trompé.",这次，我搞错了,这次，我搞错了,这次，他搞错了,这次，我没搞错,这次，我迟到了,SUBJECT|POLARITY|LEXICAL,1.3,1,这次，我搞错了,SE_TROMPER,SINGLE_REFLEXIVE,me,PASSE_COMPOSE,JE,ME,,,LEXICAL_REFLEXIVE,ME_SUIS,SUBJECT,POLARITY,LEXICAL,"seed=PC_0014; context=Cette fois,"
PC_0159,SINGLE_CLITIC,REFLEXIVE,D2,"Cette fois, elle s'est inscrite.",这次，她报名了,这次，她报名了,这次，他报名了,这次，她取消报名了,这次，她已经到了,SUBJECT|POLARITY|LEXICAL,1.7,1,这次，她报名了,S_INSCRIRE,SINGLE_REFLEXIVE,s',PASSE_COMPOSE,ELLE,SE,,,LEXICAL_REFLEXIVE,S_EST,SUBJECT,POLARITY,LEXICAL,"seed=PC_0015; context=Cette fois,"
PC_0160,SINGLE_CLITIC,REFLEXIVE,D2,"Cette fois, ils se sont rencontrés.",这次，他们见面了,这次，他们见面了,这次，我们见面了,这次，他们没见面,这次，他们打电话了,SUBJECT|POLARITY|LEXICAL,1.5,1,这次，他们见面了,SE_RENCONTRER,SINGLE_REFLEXIVE,se,PASSE_COMPOSE,ILS,SE,,,RECIPROCAL,SE_SONT,SUBJECT,POLARITY,LEXICAL,"seed=PC_0016; context=Cette fois,"
PC_0161,SINGLE_CLITIC,SINGLE_COD,D2,"Finalement, je l'ai reçu.",最后，我收到这个了,最后，我收到这个了,最后，他收到这个了,最后，我收到这些了,最后，我把这个给别人了,SUBJECT|COD_NUMBER|ROLE,1.7,1,最后，我收到这个了,RECEVOIR_QCH,SINGLE_COD,l',PASSE_COMPOSE,JE,LE_LA,,,COD_OBJECT,L_AI,SUBJECT,COD_NUMBER,ROLE,"seed=PC_0001; context=Finalement,"
PC_0162,SINGLE_CLITIC,SINGLE_COD,D1,"En général, elle les connaît.",一般来说，她认识他们,一般来说，她认识他们,一般来说，他认识他们,一般来说，她认识他,一般来说，他们认识她,SUBJECT|COD_NUMBER|ROLE,1.0,1,一般来说，她认识他们,CONNAITRE_QN,SINGLE_COD,les,PRESENT,ELLE,LES,,,COD_PERSON,,SUBJECT,COD_NUMBER,ROLE,"seed=PC_0002; context=En général,"
PC_0163,SINGLE_CLITIC,SINGLE_COI,D2,"Finalement, je lui ai répondu.",最后，我回复他了,最后，我回复他了,最后，他回复我了,最后，我回复他们了,最后，我没回复他,ROLE_REVERSAL|COI_NUMBER|POLARITY,1.0,1,最后，我回复他了,REPONDRE_A_QN,SINGLE_COI,lui,PASSE_COMPOSE,JE,LUI,,,RECIPIENT,,ROLE_REVERSAL,COI_NUMBER,POLARITY,"seed=PC_0003; context=Finalement,"
PC_0164,SINGLE_CLITIC,SINGLE_COI,D2,"Finalement, nous leur avons écrit.",最后，我们给他们写信了,最后，我们给他们写信了,最后，他们给我们写信了,最后，我们给他写信了,最后，我们给他们打电话了,ROLE_REVERSAL|COI_NUMBER|LEXICAL,1.2,1,最后，我们给他们写信了,ECRIRE_A_QN,SINGLE_COI,leur,PASSE_COMPOSE,NOUS,LEUR,,,RECIPIENT,,ROLE_REVERSAL,COI_NUMBER,LEXICAL,"seed=PC_0004; context=Finalement,"
PC_0165,SINGLE_CLITIC,SINGLE_PERSON,D2,"Finalement, il m'a appelé.",最后，他给我打电话了,最后，他给我打电话了,最后，我给他打电话了,最后，他给我们打电话了,最后，他给我写信了,ROLE_REVERSAL|PERSON|LEXICAL,1.8,1,最后，他给我打电话了,APPELER_QN,SINGLE_PERSON,m',PASSE_COMPOSE,IL,ME,,,COD_PERSON,M_A,ROLE_REVERSAL,PERSON,LEXICAL,"seed=PC_0005; context=Finalement,"
PC_0166,SINGLE_CLITIC,SINGLE_PERSON,D2,"Finalement, elle nous a prévenus.",最后，她通知我们了,最后，她通知我们了,最后，我们通知她了,最后，她通知他们了,最后，她帮助我们了,ROLE_REVERSAL|PERSON|LEXICAL,1.0,1,最后，她通知我们了,PREVENIR_QN,SINGLE_PERSON,nous,PASSE_COMPOSE,ELLE,NOUS,,,COD_PERSON,,ROLE_REVERSAL,PERSON,LEXICAL,"seed=PC_0006; context=Finalement,"
PC_0167,SINGLE_CLITIC,SINGLE_PERSON,D2,"Finalement, je vous ai entendu.",最后，我听见您了,最后，我听见您了,最后，您听见我了,最后，我听见他们了,最后，我看见您了,ROLE_REVERSAL|PERSON|LEXICAL,1.4,1,最后，我听见您了,ENTENDRE_QN,SINGLE_PERSON,vous,PASSE_COMPOSE,JE,VOUS,,,COD_PERSON,VOUS_AI,ROLE_REVERSAL,PERSON,LEXICAL,"seed=PC_0007; context=Finalement,"
PC_0168,SINGLE_CLITIC,EN_LEXICAL,D1,"Finalement, j'en ai besoin.",最后，我需要这个,最后，我需要这个,最后，他需要这个,最后，我不需要这个,最后，我需要这些,SUBJECT|POLARITY|NUMBER,1.7,1,最后，我需要这个,AVOIR_BESOIN_DE,SINGLE_EN,en,PRESENT,JE,EN,,,LEXICAL_EN,EN_AI,SUBJECT,POLARITY,NUMBER,"seed=PC_0008; context=Finalement,"
PC_0169,SINGLE_CLITIC,EN_TOPIC,D1,"En général, il en parle souvent.",一般来说，他经常谈这件事,一般来说，他经常谈这件事,一般来说，我经常谈这件事,一般来说，他经常谈那些人,一般来说，他很少谈这件事,SUBJECT|SEMANTIC|ADJUNCT,1.0,1,一般来说，他经常谈这件事,PARLER_DE,SINGLE_EN,en,PRESENT,IL,EN,,,TOPIC,,SUBJECT,SEMANTIC,ADJUNCT,"seed=PC_0009; context=En général,"
PC_0170,SINGLE_CLITIC,EN_QUANTITY,D2,"Finalement, nous en avons acheté trois.",最后，我们买了三个,最后，我们买了三个,最后，他们买了三个,最后，我们买了一个,最后，我们卖了三个,SUBJECT|QUANTITY|LEXICAL,1.7,1,最后，我们买了三个,ACHETER_QCH,SINGLE_EN,en,PASSE_COMPOSE,NOUS,EN,,,QUANTITY,NOUS_EN_AVONS,SUBJECT,QUANTITY,LEXICAL,"seed=PC_0010; context=Finalement,"
PC_0171,SINGLE_CLITIC,Y_LOCATION,D1,"En général, j'y vais demain.",一般来说，我明天去那里,一般来说，我明天去那里,一般来说，他明天去那里,一般来说，我明天从那里回来,一般来说，我今天去那里,SUBJECT|DIRECTION|ADJUNCT,1.0,1,一般来说，我明天去那里,ALLER_A_LIEU,SINGLE_Y,y,PRESENT,JE,Y,,,LOCATION,,SUBJECT,DIRECTION,ADJUNCT,"seed=PC_0011; context=En général,"
PC_0172,SINGLE_CLITIC,Y_TOPIC,D1,"En général, elle y pense encore.",一般来说，她还在想这件事,一般来说，她还在想这件事,一般来说，他还在想这件事,一般来说，她已经忘了这件事,一般来说，她还在想别的事,SUBJECT|LEXICAL|SEMANTIC,1.0,1,一般来说，她还在想这件事,PENSER_A,SINGLE_Y,y,PRESENT,ELLE,Y,,,TOPIC,,SUBJECT,LEXICAL,SEMANTIC,"seed=PC_0012; context=En général,"
PC_0173,SINGLE_CLITIC,Y_TOPIC,D2,"Finalement, vous y avez participé.",最后，您参加了这个活动,最后，您参加了这个活动,最后，我们参加了这个活动,最后，您退出了这个活动,最后，您参加了这些活动,SUBJECT|LEXICAL|NUMBER,1.4,1,最后，您参加了这个活动,PARTICIPER_A,SINGLE_Y,y,PASSE_COMPOSE,VOUS,Y,,,EVENT,VOUS_Y_AVEZ,SUBJECT,LEXICAL,NUMBER,"seed=PC_0013; context=Finalement,"
PC_0174,SINGLE_CLITIC,REFLEXIVE,D2,"Finalement, je me suis trompé.",最后，我搞错了,最后，我搞错了,最后，他搞错了,最后，我没搞错,最后，我迟到了,SUBJECT|POLARITY|LEXICAL,1.3,1,最后，我搞错了,SE_TROMPER,SINGLE_REFLEXIVE,me,PASSE_COMPOSE,JE,ME,,,LEXICAL_REFLEXIVE,ME_SUIS,SUBJECT,POLARITY,LEXICAL,"seed=PC_0014; context=Finalement,"
PC_0175,SINGLE_CLITIC,REFLEXIVE,D2,"Finalement, elle s'est inscrite.",最后，她报名了,最后，她报名了,最后，他报名了,最后，她取消报名了,最后，她已经到了,SUBJECT|POLARITY|LEXICAL,1.7,1,最后，她报名了,S_INSCRIRE,SINGLE_REFLEXIVE,s',PASSE_COMPOSE,ELLE,SE,,,LEXICAL_REFLEXIVE,S_EST,SUBJECT,POLARITY,LEXICAL,"seed=PC_0015; context=Finalement,"
PC_0176,SINGLE_CLITIC,REFLEXIVE,D2,"Finalement, ils se sont rencontrés.",最后，他们见面了,最后，他们见面了,最后，我们见面了,最后，他们没见面,最后，他们打电话了,SUBJECT|POLARITY|LEXICAL,1.5,1,最后，他们见面了,SE_RENCONTRER,SINGLE_REFLEXIVE,se,PASSE_COMPOSE,ILS,SE,,,RECIPROCAL,SE_SONT,SUBJECT,POLARITY,LEXICAL,"seed=PC_0016; context=Finalement,"
PC_0177,SINGLE_CLITIC,SINGLE_COD,D2,"Tout à l'heure, je l'ai reçu.",刚才，我收到这个了,刚才，我收到这个了,刚才，他收到这个了,刚才，我收到这些了,刚才，我把这个给别人了,SUBJECT|COD_NUMBER|ROLE,1.7,1,刚才，我收到这个了,RECEVOIR_QCH,SINGLE_COD,l',PASSE_COMPOSE,JE,LE_LA,,,COD_OBJECT,L_AI,SUBJECT,COD_NUMBER,ROLE,"seed=PC_0001; context=Tout à l'heure,"
PC_0178,SINGLE_CLITIC,SINGLE_COD,D1,"Souvent, elle les connaît.",经常，她认识他们,经常，她认识他们,经常，他认识他们,经常，她认识他,经常，他们认识她,SUBJECT|COD_NUMBER|ROLE,1.0,1,经常，她认识他们,CONNAITRE_QN,SINGLE_COD,les,PRESENT,ELLE,LES,,,COD_PERSON,,SUBJECT,COD_NUMBER,ROLE,"seed=PC_0002; context=Souvent,"
PC_0179,SINGLE_CLITIC,SINGLE_COI,D2,"Tout à l'heure, je lui ai répondu.",刚才，我回复他了,刚才，我回复他了,刚才，他回复我了,刚才，我回复他们了,刚才，我没回复他,ROLE_REVERSAL|COI_NUMBER|POLARITY,1.0,1,刚才，我回复他了,REPONDRE_A_QN,SINGLE_COI,lui,PASSE_COMPOSE,JE,LUI,,,RECIPIENT,,ROLE_REVERSAL,COI_NUMBER,POLARITY,"seed=PC_0003; context=Tout à l'heure,"
PC_0180,SINGLE_CLITIC,SINGLE_COI,D2,"Tout à l'heure, nous leur avons écrit.",刚才，我们给他们写信了,刚才，我们给他们写信了,刚才，他们给我们写信了,刚才，我们给他写信了,刚才，我们给他们打电话了,ROLE_REVERSAL|COI_NUMBER|LEXICAL,1.2,1,刚才，我们给他们写信了,ECRIRE_A_QN,SINGLE_COI,leur,PASSE_COMPOSE,NOUS,LEUR,,,RECIPIENT,,ROLE_REVERSAL,COI_NUMBER,LEXICAL,"seed=PC_0004; context=Tout à l'heure,"
PC_0181,COD_CLUSTER,ME_COD,D4,Il me l'a expliqué.,他给我解释了这个,他给我解释了这个,他给我们解释了这个,他给我解释了这些,我给他解释了这个,RECIPIENT|COD_NUMBER|ROLE_REVERSAL,2.0,1,他给我解释了这个,EXPLIQUER_QCH_A_QN,OBJ_COD,me l',PASSE_COMPOSE,IL,ME,LE_LA,,RECIPIENT_COD,ME_L_A,RECIPIENT,COD_NUMBER,ROLE_REVERSAL,seed=PC_0017; context=NONE
PC_0182,COD_CLUSTER,VOUS_COD,D3,Je vous le confirme.,我向您确认这个,我向您确认这个,我向他们确认这个,我向您确认这些,您向我确认这个,RECIPIENT|COD_NUMBER|ROLE_REVERSAL,1.0,1,我向您确认这个,CONFIRMER_QCH_A_QN,OBJ_COD,vous le,PRESENT,JE,VOUS,LE,,RECIPIENT_COD,,RECIPIENT,COD_NUMBER,ROLE_REVERSAL,seed=PC_0018; context=NONE
PC_0183,COD_CLUSTER,NOUS_COD,D4,Elle nous l'a envoyé.,她把这个发给我们了,她把这个发给我们了,她把这个发给他们了,她把这些发给我们了,我们把这个发给她了,RECIPIENT|COD_NUMBER|ROLE_REVERSAL,1.7,1,她把这个发给我们了,ENVOYER_QCH_A_QN,OBJ_COD,nous l',PASSE_COMPOSE,ELLE,NOUS,LE_LA,,RECIPIENT_COD,NOUS_L_A,RECIPIENT,COD_NUMBER,ROLE_REVERSAL,seed=PC_0019; context=NONE
PC_0184,COD_CLUSTER,ME_LES,D3,Tu me les montres.,你给我看这些,你给我看这些,你给我们看这些,你给我看这个,我给你看这些,RECIPIENT|COD_NUMBER|ROLE_REVERSAL,1.0,1,你给我看这些,MONTRER_QCH_A_QN,OBJ_COD,me les,PRESENT,TU,ME,LES,,RECIPIENT_COD,,RECIPIENT,COD_NUMBER,ROLE_REVERSAL,seed=PC_0020; context=NONE
PC_0185,COD_CLUSTER,VOUS_LES,D3,On vous les donnera demain.,我们明天会把这些给您,我们明天会把这些给您,我们明天会把这些给他们,我们明天会把这个给您,您明天会把这些给我们,RECIPIENT|COD_NUMBER|ROLE_REVERSAL,1.0,1,我们明天会把这些给您,DONNER_QCH_A_QN,OBJ_COD,vous les,FUTUR_SIMPLE,ON,VOUS,LES,,RECIPIENT_COD,,RECIPIENT,COD_NUMBER,ROLE_REVERSAL,seed=PC_0021; context=NONE
PC_0186,COD_CLUSTER,TE_COD,D4,Je te l'ai laissé.,我把这个留给你了,我把这个留给你了,我把这个留给他了,我把这些留给你了,你把这个留给我了,RECIPIENT|COD_NUMBER|ROLE_REVERSAL,1.7,1,我把这个留给你了,LAISSER_QCH_A_QN,OBJ_COD,te l',PASSE_COMPOSE,JE,TE,LE_LA,,RECIPIENT_COD,TE_L_AI,RECIPIENT,COD_NUMBER,ROLE_REVERSAL,seed=PC_0022; context=NONE
PC_0187,COD_CLUSTER,NOUS_LES,D4,Il nous les a apportés.,他把这些给我们带来了,他把这些给我们带来了,他把这些给他们带来了,他把这个给我们带来了,我们把这些给他带来了,RECIPIENT|COD_NUMBER|ROLE_REVERSAL,1.0,1,他把这些给我们带来了,APPORTER_QCH_A_QN,OBJ_COD,nous les,PASSE_COMPOSE,IL,NOUS,LES,,RECIPIENT_COD,,RECIPIENT,COD_NUMBER,ROLE_REVERSAL,seed=PC_0023; context=NONE
PC_0188,COD_CLUSTER,ME_COD,D3,Vous me la prêtez.,您把这个借给我,您把这个借给我,您把这个借给他们,您把这些借给我,我把这个借给您,RECIPIENT|COD_NUMBER|ROLE_REVERSAL,1.0,1,您把这个借给我,PRETER_QCH_A_QN,OBJ_COD,me la,PRESENT,VOUS,ME,LA,,RECIPIENT_COD,,RECIPIENT,COD_NUMBER,ROLE_REVERSAL,seed=PC_0024; context=NONE
PC_0189,COD_CLUSTER,COD_LUI,D4,Je le lui ai donné.,我把这个给他了,我把这个给他了,我把这个给他们了,我把这些给他了,他把这个给我了,RECIPIENT|COD_NUMBER|ROLE_REVERSAL,1.7,1,我把这个给他了,DONNER_QCH_A_QN,COD_COI,le lui,PASSE_COMPOSE,JE,LE,LUI,,COD_RECIPIENT,LE_LUI_AI,RECIPIENT,COD_NUMBER,ROLE_REVERSAL,seed=PC_0025; context=NONE
PC_0190,COD_CLUSTER,COD_LUI,D4,Elle la lui a envoyée.,她把这个发给他了,她把这个发给他了,她把这个发给他们了,她把这些发给他了,他把这个发给她了,RECIPIENT|COD_NUMBER|ROLE_REVERSAL,1.0,1,她把这个发给他了,ENVOYER_QCH_A_QN,COD_COI,la lui,PASSE_COMPOSE,ELLE,LA,LUI,,COD_RECIPIENT,,RECIPIENT,COD_NUMBER,ROLE_REVERSAL,seed=PC_0026; context=NONE
PC_0191,COD_CLUSTER,LES_LEUR,D4,Nous les leur avons montrés.,我们把这些给他们看了,我们把这些给他们看了,我们把这些给他看了,我们把这个给他们看了,他们把这些给我们看了,RECIPIENT|COD_NUMBER|ROLE_REVERSAL,1.0,1,我们把这些给他们看了,MONTRER_QCH_A_QN,COD_COI,les leur,PASSE_COMPOSE,NOUS,LES,LEUR,,COD_RECIPIENT,,RECIPIENT,COD_NUMBER,ROLE_REVERSAL,seed=PC_0027; context=NONE
PC_0192,COD_CLUSTER,COD_LEUR,D3,On le leur expliquera.,我们会给他们解释这个,我们会给他们解释这个,我们会给他解释这个,我们会给他们解释这些,他们会给我们解释这个,RECIPIENT|COD_NUMBER|ROLE_REVERSAL,1.0,1,我们会给他们解释这个,EXPLIQUER_QCH_A_QN,COD_COI,le leur,FUTUR_SIMPLE,ON,LE,LEUR,,COD_RECIPIENT,,RECIPIENT,COD_NUMBER,ROLE_REVERSAL,seed=PC_0028; context=NONE
PC_0193,COD_CLUSTER,LES_LUI,D4,Je les lui ai rendus.,我把这些还给他了,我把这些还给他了,我把这些还给他们了,我把这个还给他了,他把这些还给我了,RECIPIENT|COD_NUMBER|ROLE_REVERSAL,1.0,1,我把这些还给他了,RENDRE_QCH_A_QN,COD_COI,les lui,PASSE_COMPOSE,JE,LES,LUI,,COD_RECIPIENT,,RECIPIENT,COD_NUMBER,ROLE_REVERSAL,seed=PC_0029; context=NONE
PC_0194,COD_CLUSTER,COD_LEUR,D3,Il la leur recommande.,他向他们推荐这个,他向他们推荐这个,他向他推荐这个,他向他们推荐这些,他们向他推荐这个,RECIPIENT|COD_NUMBER|ROLE_REVERSAL,1.0,1,他向他们推荐这个,RECOMMANDER_QCH_A_QN,COD_COI,la leur,PRESENT,IL,LA,LEUR,,COD_RECIPIENT,,RECIPIENT,COD_NUMBER,ROLE_REVERSAL,seed=PC_0030; context=NONE
PC_0195,COD_CLUSTER,ME_COD,D3,Elle me le rappelle souvent.,她经常提醒我这件事,她经常提醒我这件事,她经常提醒他们这件事,她经常提醒我这些事,我经常提醒她这件事,RECIPIENT|COD_NUMBER|ROLE_REVERSAL,1.0,1,她经常提醒我这件事,RAPPELER_QCH_A_QN,OBJ_COD,me le,PRESENT,ELLE,ME,LE,,RECIPIENT_COD,,RECIPIENT,COD_NUMBER,ROLE_REVERSAL,seed=PC_0031; context=NONE
PC_0196,COD_CLUSTER,VOUS_COD,D4,Nous vous l'avons déjà dit.,我们已经跟您说过这个了,我们已经跟您说过这个了,我们已经跟他们说过这个了,我们已经跟您说过这些了,您已经跟我们说过这个了,RECIPIENT|COD_NUMBER|ROLE_REVERSAL,1.7,1,我们已经跟您说过这个了,DIRE_QCH_A_QN,OBJ_COD,vous l',PASSE_COMPOSE,NOUS,VOUS,LE_LA,,RECIPIENT_COD,VOUS_L_AVONS,RECIPIENT,COD_NUMBER,ROLE_REVERSAL,seed=PC_0032; context=NONE
PC_0197,COD_CLUSTER,NOUS_LES,D4,Ils nous les ont transmis.,他们把这些转给我们了,他们把这些转给我们了,他们把这些转给他们了,他们把这个转给我们了,我们把这些转给他们了,RECIPIENT|COD_NUMBER|ROLE_REVERSAL,1.0,1,他们把这些转给我们了,TRANSMETTRE_QCH_A_QN,OBJ_COD,nous les,PASSE_COMPOSE,ILS,NOUS,LES,,RECIPIENT_COD,,RECIPIENT,COD_NUMBER,ROLE_REVERSAL,seed=PC_0033; context=NONE
PC_0198,COD_CLUSTER,TE_LES,D4,Je te les ai réservés.,我给你预留了这些,我给你预留了这些,我给他预留了这些,我给你预留了这个,你给我预留了这些,RECIPIENT|COD_NUMBER|ROLE_REVERSAL,1.0,1,我给你预留了这些,RESERVER_QCH_A_QN,OBJ_COD,te les,PASSE_COMPOSE,JE,TE,LES,,RECIPIENT_COD,,RECIPIENT,COD_NUMBER,ROLE_REVERSAL,seed=PC_0034; context=NONE
PC_0199,COD_CLUSTER,ME_COD,D4,"Hier, il me l'a expliqué.",昨天，他给我解释了这个,昨天，他给我解释了这个,昨天，他给我们解释了这个,昨天，他给我解释了这些,昨天，我给他解释了这个,RECIPIENT|COD_NUMBER|ROLE_REVERSAL,2.0,1,昨天，他给我解释了这个,EXPLIQUER_QCH_A_QN,OBJ_COD,me l',PASSE_COMPOSE,IL,ME,LE_LA,,RECIPIENT_COD,ME_L_A,RECIPIENT,COD_NUMBER,ROLE_REVERSAL,"seed=PC_0017; context=Hier,"
PC_0200,COD_CLUSTER,VOUS_COD,D3,"Aujourd'hui, je vous le confirme.",今天，我向您确认这个,今天，我向您确认这个,今天，我向他们确认这个,今天，我向您确认这些,今天，您向我确认这个,RECIPIENT|COD_NUMBER|ROLE_REVERSAL,1.0,1,今天，我向您确认这个,CONFIRMER_QCH_A_QN,OBJ_COD,vous le,PRESENT,JE,VOUS,LE,,RECIPIENT_COD,,RECIPIENT,COD_NUMBER,ROLE_REVERSAL,"seed=PC_0018; context=Aujourd'hui,"
PC_0201,COD_CLUSTER,NOUS_COD,D4,"Hier, elle nous l'a envoyé.",昨天，她把这个发给我们了,昨天，她把这个发给我们了,昨天，她把这个发给他们了,昨天，她把这些发给我们了,昨天，我们把这个发给她了,RECIPIENT|COD_NUMBER|ROLE_REVERSAL,1.7,1,昨天，她把这个发给我们了,ENVOYER_QCH_A_QN,OBJ_COD,nous l',PASSE_COMPOSE,ELLE,NOUS,LE_LA,,RECIPIENT_COD,NOUS_L_A,RECIPIENT,COD_NUMBER,ROLE_REVERSAL,"seed=PC_0019; context=Hier,"
PC_0202,COD_CLUSTER,ME_LES,D3,"Aujourd'hui, tu me les montres.",今天，你给我看这些,今天，你给我看这些,今天，你给我们看这些,今天，你给我看这个,今天，我给你看这些,RECIPIENT|COD_NUMBER|ROLE_REVERSAL,1.0,1,今天，你给我看这些,MONTRER_QCH_A_QN,OBJ_COD,me les,PRESENT,TU,ME,LES,,RECIPIENT_COD,,RECIPIENT,COD_NUMBER,ROLE_REVERSAL,"seed=PC_0020; context=Aujourd'hui,"
PC_0203,COD_CLUSTER,VOUS_LES,D3,"Demain, on vous les donnera demain.",明天，我们明天会把这些给您,明天，我们明天会把这些给您,明天，我们明天会把这些给他们,明天，我们明天会把这个给您,明天，您明天会把这些给我们,RECIPIENT|COD_NUMBER|ROLE_REVERSAL,1.0,1,明天，我们明天会把这些给您,DONNER_QCH_A_QN,OBJ_COD,vous les,FUTUR_SIMPLE,ON,VOUS,LES,,RECIPIENT_COD,,RECIPIENT,COD_NUMBER,ROLE_REVERSAL,"seed=PC_0021; context=Demain,"
PC_0204,COD_CLUSTER,TE_COD,D4,"Hier, je te l'ai laissé.",昨天，我把这个留给你了,昨天，我把这个留给你了,昨天，我把这个留给他了,昨天，我把这些留给你了,昨天，你把这个留给我了,RECIPIENT|COD_NUMBER|ROLE_REVERSAL,1.7,1,昨天，我把这个留给你了,LAISSER_QCH_A_QN,OBJ_COD,te l',PASSE_COMPOSE,JE,TE,LE_LA,,RECIPIENT_COD,TE_L_AI,RECIPIENT,COD_NUMBER,ROLE_REVERSAL,"seed=PC_0022; context=Hier,"
PC_0205,COD_CLUSTER,NOUS_LES,D4,"Hier, il nous les a apportés.",昨天，他把这些给我们带来了,昨天，他把这些给我们带来了,昨天，他把这些给他们带来了,昨天，他把这个给我们带来了,昨天，我们把这些给他带来了,RECIPIENT|COD_NUMBER|ROLE_REVERSAL,1.0,1,昨天，他把这些给我们带来了,APPORTER_QCH_A_QN,OBJ_COD,nous les,PASSE_COMPOSE,IL,NOUS,LES,,RECIPIENT_COD,,RECIPIENT,COD_NUMBER,ROLE_REVERSAL,"seed=PC_0023; context=Hier,"
PC_0206,COD_CLUSTER,ME_COD,D3,"Aujourd'hui, vous me la prêtez.",今天，您把这个借给我,今天，您把这个借给我,今天，您把这个借给他们,今天，您把这些借给我,今天，我把这个借给您,RECIPIENT|COD_NUMBER|ROLE_REVERSAL,1.0,1,今天，您把这个借给我,PRETER_QCH_A_QN,OBJ_COD,me la,PRESENT,VOUS,ME,LA,,RECIPIENT_COD,,RECIPIENT,COD_NUMBER,ROLE_REVERSAL,"seed=PC_0024; context=Aujourd'hui,"
PC_0207,COD_CLUSTER,COD_LUI,D4,"Hier, je le lui ai donné.",昨天，我把这个给他了,昨天，我把这个给他了,昨天，我把这个给他们了,昨天，我把这些给他了,昨天，他把这个给我了,RECIPIENT|COD_NUMBER|ROLE_REVERSAL,1.7,1,昨天，我把这个给他了,DONNER_QCH_A_QN,COD_COI,le lui,PASSE_COMPOSE,JE,LE,LUI,,COD_RECIPIENT,LE_LUI_AI,RECIPIENT,COD_NUMBER,ROLE_REVERSAL,"seed=PC_0025; context=Hier,"
PC_0208,COD_CLUSTER,COD_LUI,D4,"Hier, elle la lui a envoyée.",昨天，她把这个发给他了,昨天，她把这个发给他了,昨天，她把这个发给他们了,昨天，她把这些发给他了,昨天，他把这个发给她了,RECIPIENT|COD_NUMBER|ROLE_REVERSAL,1.0,1,昨天，她把这个发给他了,ENVOYER_QCH_A_QN,COD_COI,la lui,PASSE_COMPOSE,ELLE,LA,LUI,,COD_RECIPIENT,,RECIPIENT,COD_NUMBER,ROLE_REVERSAL,"seed=PC_0026; context=Hier,"
PC_0209,COD_CLUSTER,LES_LEUR,D4,"Hier, nous les leur avons montrés.",昨天，我们把这些给他们看了,昨天，我们把这些给他们看了,昨天，我们把这些给他看了,昨天，我们把这个给他们看了,昨天，他们把这些给我们看了,RECIPIENT|COD_NUMBER|ROLE_REVERSAL,1.0,1,昨天，我们把这些给他们看了,MONTRER_QCH_A_QN,COD_COI,les leur,PASSE_COMPOSE,NOUS,LES,LEUR,,COD_RECIPIENT,,RECIPIENT,COD_NUMBER,ROLE_REVERSAL,"seed=PC_0027; context=Hier,"
PC_0210,COD_CLUSTER,COD_LEUR,D3,"Demain, on le leur expliquera.",明天，我们会给他们解释这个,明天，我们会给他们解释这个,明天，我们会给他解释这个,明天，我们会给他们解释这些,明天，他们会给我们解释这个,RECIPIENT|COD_NUMBER|ROLE_REVERSAL,1.0,1,明天，我们会给他们解释这个,EXPLIQUER_QCH_A_QN,COD_COI,le leur,FUTUR_SIMPLE,ON,LE,LEUR,,COD_RECIPIENT,,RECIPIENT,COD_NUMBER,ROLE_REVERSAL,"seed=PC_0028; context=Demain,"
PC_0211,COD_CLUSTER,LES_LUI,D4,"Hier, je les lui ai rendus.",昨天，我把这些还给他了,昨天，我把这些还给他了,昨天，我把这些还给他们了,昨天，我把这个还给他了,昨天，他把这些还给我了,RECIPIENT|COD_NUMBER|ROLE_REVERSAL,1.0,1,昨天，我把这些还给他了,RENDRE_QCH_A_QN,COD_COI,les lui,PASSE_COMPOSE,JE,LES,LUI,,COD_RECIPIENT,,RECIPIENT,COD_NUMBER,ROLE_REVERSAL,"seed=PC_0029; context=Hier,"
PC_0212,COD_CLUSTER,COD_LEUR,D3,"Aujourd'hui, il la leur recommande.",今天，他向他们推荐这个,今天，他向他们推荐这个,今天，他向他推荐这个,今天，他向他们推荐这些,今天，他们向他推荐这个,RECIPIENT|COD_NUMBER|ROLE_REVERSAL,1.0,1,今天，他向他们推荐这个,RECOMMANDER_QCH_A_QN,COD_COI,la leur,PRESENT,IL,LA,LEUR,,COD_RECIPIENT,,RECIPIENT,COD_NUMBER,ROLE_REVERSAL,"seed=PC_0030; context=Aujourd'hui,"
PC_0213,COD_CLUSTER,ME_COD,D3,"Aujourd'hui, elle me le rappelle souvent.",今天，她经常提醒我这件事,今天，她经常提醒我这件事,今天，她经常提醒他们这件事,今天，她经常提醒我这些事,今天，我经常提醒她这件事,RECIPIENT|COD_NUMBER|ROLE_REVERSAL,1.0,1,今天，她经常提醒我这件事,RAPPELER_QCH_A_QN,OBJ_COD,me le,PRESENT,ELLE,ME,LE,,RECIPIENT_COD,,RECIPIENT,COD_NUMBER,ROLE_REVERSAL,"seed=PC_0031; context=Aujourd'hui,"
PC_0214,COD_CLUSTER,VOUS_COD,D4,"Hier, nous vous l'avons déjà dit.",昨天，我们已经跟您说过这个了,昨天，我们已经跟您说过这个了,昨天，我们已经跟他们说过这个了,昨天，我们已经跟您说过这些了,昨天，您已经跟我们说过这个了,RECIPIENT|COD_NUMBER|ROLE_REVERSAL,1.7,1,昨天，我们已经跟您说过这个了,DIRE_QCH_A_QN,OBJ_COD,vous l',PASSE_COMPOSE,NOUS,VOUS,LE_LA,,RECIPIENT_COD,VOUS_L_AVONS,RECIPIENT,COD_NUMBER,ROLE_REVERSAL,"seed=PC_0032; context=Hier,"
PC_0215,COD_CLUSTER,NOUS_LES,D4,"Hier, ils nous les ont transmis.",昨天，他们把这些转给我们了,昨天，他们把这些转给我们了,昨天，他们把这些转给他们了,昨天，他们把这个转给我们了,昨天，我们把这些转给他们了,RECIPIENT|COD_NUMBER|ROLE_REVERSAL,1.0,1,昨天，他们把这些转给我们了,TRANSMETTRE_QCH_A_QN,OBJ_COD,nous les,PASSE_COMPOSE,ILS,NOUS,LES,,RECIPIENT_COD,,RECIPIENT,COD_NUMBER,ROLE_REVERSAL,"seed=PC_0033; context=Hier,"
PC_0216,COD_CLUSTER,TE_LES,D4,"Hier, je te les ai réservés.",昨天，我给你预留了这些,昨天，我给你预留了这些,昨天，我给他预留了这些,昨天，我给你预留了这个,昨天，你给我预留了这些,RECIPIENT|COD_NUMBER|ROLE_REVERSAL,1.0,1,昨天，我给你预留了这些,RESERVER_QCH_A_QN,OBJ_COD,te les,PASSE_COMPOSE,JE,TE,LES,,RECIPIENT_COD,,RECIPIENT,COD_NUMBER,ROLE_REVERSAL,"seed=PC_0034; context=Hier,"
PC_0217,COD_CLUSTER,ME_COD,D4,"Avant-hier, il me l'a expliqué.",前天，他给我解释了这个,前天，他给我解释了这个,前天，他给我们解释了这个,前天，他给我解释了这些,前天，我给他解释了这个,RECIPIENT|COD_NUMBER|ROLE_REVERSAL,2.0,1,前天，他给我解释了这个,EXPLIQUER_QCH_A_QN,OBJ_COD,me l',PASSE_COMPOSE,IL,ME,LE_LA,,RECIPIENT_COD,ME_L_A,RECIPIENT,COD_NUMBER,ROLE_REVERSAL,"seed=PC_0017; context=Avant-hier,"
PC_0218,COD_CLUSTER,VOUS_COD,D3,"Maintenant, je vous le confirme.",现在，我向您确认这个,现在，我向您确认这个,现在，我向他们确认这个,现在，我向您确认这些,现在，您向我确认这个,RECIPIENT|COD_NUMBER|ROLE_REVERSAL,1.0,1,现在，我向您确认这个,CONFIRMER_QCH_A_QN,OBJ_COD,vous le,PRESENT,JE,VOUS,LE,,RECIPIENT_COD,,RECIPIENT,COD_NUMBER,ROLE_REVERSAL,"seed=PC_0018; context=Maintenant,"
PC_0219,COD_CLUSTER,NOUS_COD,D4,"Avant-hier, elle nous l'a envoyé.",前天，她把这个发给我们了,前天，她把这个发给我们了,前天，她把这个发给他们了,前天，她把这些发给我们了,前天，我们把这个发给她了,RECIPIENT|COD_NUMBER|ROLE_REVERSAL,1.7,1,前天，她把这个发给我们了,ENVOYER_QCH_A_QN,OBJ_COD,nous l',PASSE_COMPOSE,ELLE,NOUS,LE_LA,,RECIPIENT_COD,NOUS_L_A,RECIPIENT,COD_NUMBER,ROLE_REVERSAL,"seed=PC_0019; context=Avant-hier,"
PC_0220,COD_CLUSTER,ME_LES,D3,"Maintenant, tu me les montres.",现在，你给我看这些,现在，你给我看这些,现在，你给我们看这些,现在，你给我看这个,现在，我给你看这些,RECIPIENT|COD_NUMBER|ROLE_REVERSAL,1.0,1,现在，你给我看这些,MONTRER_QCH_A_QN,OBJ_COD,me les,PRESENT,TU,ME,LES,,RECIPIENT_COD,,RECIPIENT,COD_NUMBER,ROLE_REVERSAL,"seed=PC_0020; context=Maintenant,"
PC_0221,COD_CLUSTER,VOUS_LES,D3,"Après-demain, on vous les donnera demain.",后天，我们明天会把这些给您,后天，我们明天会把这些给您,后天，我们明天会把这些给他们,后天，我们明天会把这个给您,后天，您明天会把这些给我们,RECIPIENT|COD_NUMBER|ROLE_REVERSAL,1.0,1,后天，我们明天会把这些给您,DONNER_QCH_A_QN,OBJ_COD,vous les,FUTUR_SIMPLE,ON,VOUS,LES,,RECIPIENT_COD,,RECIPIENT,COD_NUMBER,ROLE_REVERSAL,"seed=PC_0021; context=Après-demain,"
PC_0222,COD_CLUSTER,TE_COD,D4,"Avant-hier, je te l'ai laissé.",前天，我把这个留给你了,前天，我把这个留给你了,前天，我把这个留给他了,前天，我把这些留给你了,前天，你把这个留给我了,RECIPIENT|COD_NUMBER|ROLE_REVERSAL,1.7,1,前天，我把这个留给你了,LAISSER_QCH_A_QN,OBJ_COD,te l',PASSE_COMPOSE,JE,TE,LE_LA,,RECIPIENT_COD,TE_L_AI,RECIPIENT,COD_NUMBER,ROLE_REVERSAL,"seed=PC_0022; context=Avant-hier,"
PC_0223,COD_CLUSTER,NOUS_LES,D4,"Avant-hier, il nous les a apportés.",前天，他把这些给我们带来了,前天，他把这些给我们带来了,前天，他把这些给他们带来了,前天，他把这个给我们带来了,前天，我们把这些给他带来了,RECIPIENT|COD_NUMBER|ROLE_REVERSAL,1.0,1,前天，他把这些给我们带来了,APPORTER_QCH_A_QN,OBJ_COD,nous les,PASSE_COMPOSE,IL,NOUS,LES,,RECIPIENT_COD,,RECIPIENT,COD_NUMBER,ROLE_REVERSAL,"seed=PC_0023; context=Avant-hier,"
PC_0224,COD_CLUSTER,ME_COD,D3,"Maintenant, vous me la prêtez.",现在，您把这个借给我,现在，您把这个借给我,现在，您把这个借给他们,现在，您把这些借给我,现在，我把这个借给您,RECIPIENT|COD_NUMBER|ROLE_REVERSAL,1.0,1,现在，您把这个借给我,PRETER_QCH_A_QN,OBJ_COD,me la,PRESENT,VOUS,ME,LA,,RECIPIENT_COD,,RECIPIENT,COD_NUMBER,ROLE_REVERSAL,"seed=PC_0024; context=Maintenant,"
PC_0225,COD_CLUSTER,COD_LUI,D4,"Avant-hier, je le lui ai donné.",前天，我把这个给他了,前天，我把这个给他了,前天，我把这个给他们了,前天，我把这些给他了,前天，他把这个给我了,RECIPIENT|COD_NUMBER|ROLE_REVERSAL,1.7,1,前天，我把这个给他了,DONNER_QCH_A_QN,COD_COI,le lui,PASSE_COMPOSE,JE,LE,LUI,,COD_RECIPIENT,LE_LUI_AI,RECIPIENT,COD_NUMBER,ROLE_REVERSAL,"seed=PC_0025; context=Avant-hier,"
PC_0226,COD_CLUSTER,COD_LUI,D4,"Avant-hier, elle la lui a envoyée.",前天，她把这个发给他了,前天，她把这个发给他了,前天，她把这个发给他们了,前天，她把这些发给他了,前天，他把这个发给她了,RECIPIENT|COD_NUMBER|ROLE_REVERSAL,1.0,1,前天，她把这个发给他了,ENVOYER_QCH_A_QN,COD_COI,la lui,PASSE_COMPOSE,ELLE,LA,LUI,,COD_RECIPIENT,,RECIPIENT,COD_NUMBER,ROLE_REVERSAL,"seed=PC_0026; context=Avant-hier,"
PC_0227,COD_CLUSTER,LES_LEUR,D4,"Avant-hier, nous les leur avons montrés.",前天，我们把这些给他们看了,前天，我们把这些给他们看了,前天，我们把这些给他看了,前天，我们把这个给他们看了,前天，他们把这些给我们看了,RECIPIENT|COD_NUMBER|ROLE_REVERSAL,1.0,1,前天，我们把这些给他们看了,MONTRER_QCH_A_QN,COD_COI,les leur,PASSE_COMPOSE,NOUS,LES,LEUR,,COD_RECIPIENT,,RECIPIENT,COD_NUMBER,ROLE_REVERSAL,"seed=PC_0027; context=Avant-hier,"
PC_0228,COD_CLUSTER,COD_LEUR,D3,"Après-demain, on le leur expliquera.",后天，我们会给他们解释这个,后天，我们会给他们解释这个,后天，我们会给他解释这个,后天，我们会给他们解释这些,后天，他们会给我们解释这个,RECIPIENT|COD_NUMBER|ROLE_REVERSAL,1.0,1,后天，我们会给他们解释这个,EXPLIQUER_QCH_A_QN,COD_COI,le leur,FUTUR_SIMPLE,ON,LE,LEUR,,COD_RECIPIENT,,RECIPIENT,COD_NUMBER,ROLE_REVERSAL,"seed=PC_0028; context=Après-demain,"
PC_0229,COD_CLUSTER,LES_LUI,D4,"Avant-hier, je les lui ai rendus.",前天，我把这些还给他了,前天，我把这些还给他了,前天，我把这些还给他们了,前天，我把这个还给他了,前天，他把这些还给我了,RECIPIENT|COD_NUMBER|ROLE_REVERSAL,1.0,1,前天，我把这些还给他了,RENDRE_QCH_A_QN,COD_COI,les lui,PASSE_COMPOSE,JE,LES,LUI,,COD_RECIPIENT,,RECIPIENT,COD_NUMBER,ROLE_REVERSAL,"seed=PC_0029; context=Avant-hier,"
PC_0230,COD_CLUSTER,COD_LEUR,D3,"Maintenant, il la leur recommande.",现在，他向他们推荐这个,现在，他向他们推荐这个,现在，他向他推荐这个,现在，他向他们推荐这些,现在，他们向他推荐这个,RECIPIENT|COD_NUMBER|ROLE_REVERSAL,1.0,1,现在，他向他们推荐这个,RECOMMANDER_QCH_A_QN,COD_COI,la leur,PRESENT,IL,LA,LEUR,,COD_RECIPIENT,,RECIPIENT,COD_NUMBER,ROLE_REVERSAL,"seed=PC_0030; context=Maintenant,"
PC_0231,COD_CLUSTER,ME_COD,D3,"Maintenant, elle me le rappelle souvent.",现在，她经常提醒我这件事,现在，她经常提醒我这件事,现在，她经常提醒他们这件事,现在，她经常提醒我这些事,现在，我经常提醒她这件事,RECIPIENT|COD_NUMBER|ROLE_REVERSAL,1.0,1,现在，她经常提醒我这件事,RAPPELER_QCH_A_QN,OBJ_COD,me le,PRESENT,ELLE,ME,LE,,RECIPIENT_COD,,RECIPIENT,COD_NUMBER,ROLE_REVERSAL,"seed=PC_0031; context=Maintenant,"
PC_0232,COD_CLUSTER,VOUS_COD,D4,"Avant-hier, nous vous l'avons déjà dit.",前天，我们已经跟您说过这个了,前天，我们已经跟您说过这个了,前天，我们已经跟他们说过这个了,前天，我们已经跟您说过这些了,前天，您已经跟我们说过这个了,RECIPIENT|COD_NUMBER|ROLE_REVERSAL,1.7,1,前天，我们已经跟您说过这个了,DIRE_QCH_A_QN,OBJ_COD,vous l',PASSE_COMPOSE,NOUS,VOUS,LE_LA,,RECIPIENT_COD,VOUS_L_AVONS,RECIPIENT,COD_NUMBER,ROLE_REVERSAL,"seed=PC_0032; context=Avant-hier,"
PC_0233,COD_CLUSTER,NOUS_LES,D4,"Avant-hier, ils nous les ont transmis.",前天，他们把这些转给我们了,前天，他们把这些转给我们了,前天，他们把这些转给他们了,前天，他们把这个转给我们了,前天，我们把这些转给他们了,RECIPIENT|COD_NUMBER|ROLE_REVERSAL,1.0,1,前天，他们把这些转给我们了,TRANSMETTRE_QCH_A_QN,OBJ_COD,nous les,PASSE_COMPOSE,ILS,NOUS,LES,,RECIPIENT_COD,,RECIPIENT,COD_NUMBER,ROLE_REVERSAL,"seed=PC_0033; context=Avant-hier,"
PC_0234,COD_CLUSTER,TE_LES,D4,"Avant-hier, je te les ai réservés.",前天，我给你预留了这些,前天，我给你预留了这些,前天，我给他预留了这些,前天，我给你预留了这个,前天，你给我预留了这些,RECIPIENT|COD_NUMBER|ROLE_REVERSAL,1.0,1,前天，我给你预留了这些,RESERVER_QCH_A_QN,OBJ_COD,te les,PASSE_COMPOSE,JE,TE,LES,,RECIPIENT_COD,,RECIPIENT,COD_NUMBER,ROLE_REVERSAL,"seed=PC_0034; context=Avant-hier,"
PC_0235,COD_CLUSTER,ME_COD,D4,"Ce matin, il me l'a expliqué.",今天早上，他给我解释了这个,今天早上，他给我解释了这个,今天早上，他给我们解释了这个,今天早上，他给我解释了这些,今天早上，我给他解释了这个,RECIPIENT|COD_NUMBER|ROLE_REVERSAL,2.0,1,今天早上，他给我解释了这个,EXPLIQUER_QCH_A_QN,OBJ_COD,me l',PASSE_COMPOSE,IL,ME,LE_LA,,RECIPIENT_COD,ME_L_A,RECIPIENT,COD_NUMBER,ROLE_REVERSAL,"seed=PC_0017; context=Ce matin,"
PC_0236,COD_CLUSTER,VOUS_COD,D3,"En ce moment, je vous le confirme.",目前，我向您确认这个,目前，我向您确认这个,目前，我向他们确认这个,目前，我向您确认这些,目前，您向我确认这个,RECIPIENT|COD_NUMBER|ROLE_REVERSAL,1.0,1,目前，我向您确认这个,CONFIRMER_QCH_A_QN,OBJ_COD,vous le,PRESENT,JE,VOUS,LE,,RECIPIENT_COD,,RECIPIENT,COD_NUMBER,ROLE_REVERSAL,"seed=PC_0018; context=En ce moment,"
PC_0237,COD_CLUSTER,NOUS_COD,D4,"Ce matin, elle nous l'a envoyé.",今天早上，她把这个发给我们了,今天早上，她把这个发给我们了,今天早上，她把这个发给他们了,今天早上，她把这些发给我们了,今天早上，我们把这个发给她了,RECIPIENT|COD_NUMBER|ROLE_REVERSAL,1.7,1,今天早上，她把这个发给我们了,ENVOYER_QCH_A_QN,OBJ_COD,nous l',PASSE_COMPOSE,ELLE,NOUS,LE_LA,,RECIPIENT_COD,NOUS_L_A,RECIPIENT,COD_NUMBER,ROLE_REVERSAL,"seed=PC_0019; context=Ce matin,"
PC_0238,COD_CLUSTER,ME_LES,D3,"En ce moment, tu me les montres.",目前，你给我看这些,目前，你给我看这些,目前，你给我们看这些,目前，你给我看这个,目前，我给你看这些,RECIPIENT|COD_NUMBER|ROLE_REVERSAL,1.0,1,目前，你给我看这些,MONTRER_QCH_A_QN,OBJ_COD,me les,PRESENT,TU,ME,LES,,RECIPIENT_COD,,RECIPIENT,COD_NUMBER,ROLE_REVERSAL,"seed=PC_0020; context=En ce moment,"
PC_0239,COD_CLUSTER,VOUS_LES,D3,"Bientôt, on vous les donnera demain.",很快，我们明天会把这些给您,很快，我们明天会把这些给您,很快，我们明天会把这些给他们,很快，我们明天会把这个给您,很快，您明天会把这些给我们,RECIPIENT|COD_NUMBER|ROLE_REVERSAL,1.0,1,很快，我们明天会把这些给您,DONNER_QCH_A_QN,OBJ_COD,vous les,FUTUR_SIMPLE,ON,VOUS,LES,,RECIPIENT_COD,,RECIPIENT,COD_NUMBER,ROLE_REVERSAL,"seed=PC_0021; context=Bientôt,"
PC_0240,COD_CLUSTER,TE_COD,D4,"Ce matin, je te l'ai laissé.",今天早上，我把这个留给你了,今天早上，我把这个留给你了,今天早上，我把这个留给他了,今天早上，我把这些留给你了,今天早上，你把这个留给我了,RECIPIENT|COD_NUMBER|ROLE_REVERSAL,1.7,1,今天早上，我把这个留给你了,LAISSER_QCH_A_QN,OBJ_COD,te l',PASSE_COMPOSE,JE,TE,LE_LA,,RECIPIENT_COD,TE_L_AI,RECIPIENT,COD_NUMBER,ROLE_REVERSAL,"seed=PC_0022; context=Ce matin,"
PC_0241,COD_CLUSTER,NOUS_LES,D4,"Ce matin, il nous les a apportés.",今天早上，他把这些给我们带来了,今天早上，他把这些给我们带来了,今天早上，他把这些给他们带来了,今天早上，他把这个给我们带来了,今天早上，我们把这些给他带来了,RECIPIENT|COD_NUMBER|ROLE_REVERSAL,1.0,1,今天早上，他把这些给我们带来了,APPORTER_QCH_A_QN,OBJ_COD,nous les,PASSE_COMPOSE,IL,NOUS,LES,,RECIPIENT_COD,,RECIPIENT,COD_NUMBER,ROLE_REVERSAL,"seed=PC_0023; context=Ce matin,"
PC_0242,COD_CLUSTER,ME_COD,D3,"En ce moment, vous me la prêtez.",目前，您把这个借给我,目前，您把这个借给我,目前，您把这个借给他们,目前，您把这些借给我,目前，我把这个借给您,RECIPIENT|COD_NUMBER|ROLE_REVERSAL,1.0,1,目前，您把这个借给我,PRETER_QCH_A_QN,OBJ_COD,me la,PRESENT,VOUS,ME,LA,,RECIPIENT_COD,,RECIPIENT,COD_NUMBER,ROLE_REVERSAL,"seed=PC_0024; context=En ce moment,"
PC_0243,COD_CLUSTER,COD_LUI,D4,"Ce matin, je le lui ai donné.",今天早上，我把这个给他了,今天早上，我把这个给他了,今天早上，我把这个给他们了,今天早上，我把这些给他了,今天早上，他把这个给我了,RECIPIENT|COD_NUMBER|ROLE_REVERSAL,1.7,1,今天早上，我把这个给他了,DONNER_QCH_A_QN,COD_COI,le lui,PASSE_COMPOSE,JE,LE,LUI,,COD_RECIPIENT,LE_LUI_AI,RECIPIENT,COD_NUMBER,ROLE_REVERSAL,"seed=PC_0025; context=Ce matin,"
PC_0244,COD_CLUSTER,COD_LUI,D4,"Ce matin, elle la lui a envoyée.",今天早上，她把这个发给他了,今天早上，她把这个发给他了,今天早上，她把这个发给他们了,今天早上，她把这些发给他了,今天早上，他把这个发给她了,RECIPIENT|COD_NUMBER|ROLE_REVERSAL,1.0,1,今天早上，她把这个发给他了,ENVOYER_QCH_A_QN,COD_COI,la lui,PASSE_COMPOSE,ELLE,LA,LUI,,COD_RECIPIENT,,RECIPIENT,COD_NUMBER,ROLE_REVERSAL,"seed=PC_0026; context=Ce matin,"
PC_0245,COD_CLUSTER,LES_LEUR,D4,"Ce matin, nous les leur avons montrés.",今天早上，我们把这些给他们看了,今天早上，我们把这些给他们看了,今天早上，我们把这些给他看了,今天早上，我们把这个给他们看了,今天早上，他们把这些给我们看了,RECIPIENT|COD_NUMBER|ROLE_REVERSAL,1.0,1,今天早上，我们把这些给他们看了,MONTRER_QCH_A_QN,COD_COI,les leur,PASSE_COMPOSE,NOUS,LES,LEUR,,COD_RECIPIENT,,RECIPIENT,COD_NUMBER,ROLE_REVERSAL,"seed=PC_0027; context=Ce matin,"
PC_0246,COD_CLUSTER,COD_LEUR,D3,"Bientôt, on le leur expliquera.",很快，我们会给他们解释这个,很快，我们会给他们解释这个,很快，我们会给他解释这个,很快，我们会给他们解释这些,很快，他们会给我们解释这个,RECIPIENT|COD_NUMBER|ROLE_REVERSAL,1.0,1,很快，我们会给他们解释这个,EXPLIQUER_QCH_A_QN,COD_COI,le leur,FUTUR_SIMPLE,ON,LE,LEUR,,COD_RECIPIENT,,RECIPIENT,COD_NUMBER,ROLE_REVERSAL,"seed=PC_0028; context=Bientôt,"
PC_0247,COD_CLUSTER,LES_LUI,D4,"Ce matin, je les lui ai rendus.",今天早上，我把这些还给他了,今天早上，我把这些还给他了,今天早上，我把这些还给他们了,今天早上，我把这个还给他了,今天早上，他把这些还给我了,RECIPIENT|COD_NUMBER|ROLE_REVERSAL,1.0,1,今天早上，我把这些还给他了,RENDRE_QCH_A_QN,COD_COI,les lui,PASSE_COMPOSE,JE,LES,LUI,,COD_RECIPIENT,,RECIPIENT,COD_NUMBER,ROLE_REVERSAL,"seed=PC_0029; context=Ce matin,"
PC_0248,COD_CLUSTER,COD_LEUR,D3,"En ce moment, il la leur recommande.",目前，他向他们推荐这个,目前，他向他们推荐这个,目前，他向他推荐这个,目前，他向他们推荐这些,目前，他们向他推荐这个,RECIPIENT|COD_NUMBER|ROLE_REVERSAL,1.0,1,目前，他向他们推荐这个,RECOMMANDER_QCH_A_QN,COD_COI,la leur,PRESENT,IL,LA,LEUR,,COD_RECIPIENT,,RECIPIENT,COD_NUMBER,ROLE_REVERSAL,"seed=PC_0030; context=En ce moment,"
PC_0249,COD_CLUSTER,ME_COD,D3,"En ce moment, elle me le rappelle souvent.",目前，她经常提醒我这件事,目前，她经常提醒我这件事,目前，她经常提醒他们这件事,目前，她经常提醒我这些事,目前，我经常提醒她这件事,RECIPIENT|COD_NUMBER|ROLE_REVERSAL,1.0,1,目前，她经常提醒我这件事,RAPPELER_QCH_A_QN,OBJ_COD,me le,PRESENT,ELLE,ME,LE,,RECIPIENT_COD,,RECIPIENT,COD_NUMBER,ROLE_REVERSAL,"seed=PC_0031; context=En ce moment,"
PC_0250,COD_CLUSTER,VOUS_COD,D4,"Ce matin, nous vous l'avons déjà dit.",今天早上，我们已经跟您说过这个了,今天早上，我们已经跟您说过这个了,今天早上，我们已经跟他们说过这个了,今天早上，我们已经跟您说过这些了,今天早上，您已经跟我们说过这个了,RECIPIENT|COD_NUMBER|ROLE_REVERSAL,1.7,1,今天早上，我们已经跟您说过这个了,DIRE_QCH_A_QN,OBJ_COD,vous l',PASSE_COMPOSE,NOUS,VOUS,LE_LA,,RECIPIENT_COD,VOUS_L_AVONS,RECIPIENT,COD_NUMBER,ROLE_REVERSAL,"seed=PC_0032; context=Ce matin,"
PC_0251,COD_CLUSTER,NOUS_LES,D4,"Ce matin, ils nous les ont transmis.",今天早上，他们把这些转给我们了,今天早上，他们把这些转给我们了,今天早上，他们把这些转给他们了,今天早上，他们把这个转给我们了,今天早上，我们把这些转给他们了,RECIPIENT|COD_NUMBER|ROLE_REVERSAL,1.0,1,今天早上，他们把这些转给我们了,TRANSMETTRE_QCH_A_QN,OBJ_COD,nous les,PASSE_COMPOSE,ILS,NOUS,LES,,RECIPIENT_COD,,RECIPIENT,COD_NUMBER,ROLE_REVERSAL,"seed=PC_0033; context=Ce matin,"
PC_0252,COD_CLUSTER,TE_LES,D4,"Ce matin, je te les ai réservés.",今天早上，我给你预留了这些,今天早上，我给你预留了这些,今天早上，我给他预留了这些,今天早上，我给你预留了这个,今天早上，你给我预留了这些,RECIPIENT|COD_NUMBER|ROLE_REVERSAL,1.0,1,今天早上，我给你预留了这些,RESERVER_QCH_A_QN,OBJ_COD,te les,PASSE_COMPOSE,JE,TE,LES,,RECIPIENT_COD,,RECIPIENT,COD_NUMBER,ROLE_REVERSAL,"seed=PC_0034; context=Ce matin,"
PC_0253,COD_CLUSTER,ME_COD,D4,"Hier matin, il me l'a expliqué.",昨天早上，他给我解释了这个,昨天早上，他给我解释了这个,昨天早上，他给我们解释了这个,昨天早上，他给我解释了这些,昨天早上，我给他解释了这个,RECIPIENT|COD_NUMBER|ROLE_REVERSAL,2.0,1,昨天早上，他给我解释了这个,EXPLIQUER_QCH_A_QN,OBJ_COD,me l',PASSE_COMPOSE,IL,ME,LE_LA,,RECIPIENT_COD,ME_L_A,RECIPIENT,COD_NUMBER,ROLE_REVERSAL,"seed=PC_0017; context=Hier matin,"
PC_0254,COD_CLUSTER,VOUS_COD,D3,"Pour l'instant, je vous le confirme.",目前，我向您确认这个,目前，我向您确认这个,目前，我向他们确认这个,目前，我向您确认这些,目前，您向我确认这个,RECIPIENT|COD_NUMBER|ROLE_REVERSAL,1.0,1,目前，我向您确认这个,CONFIRMER_QCH_A_QN,OBJ_COD,vous le,PRESENT,JE,VOUS,LE,,RECIPIENT_COD,,RECIPIENT,COD_NUMBER,ROLE_REVERSAL,"seed=PC_0018; context=Pour l'instant,"
PC_0255,COD_CLUSTER,NOUS_COD,D4,"Hier matin, elle nous l'a envoyé.",昨天早上，她把这个发给我们了,昨天早上，她把这个发给我们了,昨天早上，她把这个发给他们了,昨天早上，她把这些发给我们了,昨天早上，我们把这个发给她了,RECIPIENT|COD_NUMBER|ROLE_REVERSAL,1.7,1,昨天早上，她把这个发给我们了,ENVOYER_QCH_A_QN,OBJ_COD,nous l',PASSE_COMPOSE,ELLE,NOUS,LE_LA,,RECIPIENT_COD,NOUS_L_A,RECIPIENT,COD_NUMBER,ROLE_REVERSAL,"seed=PC_0019; context=Hier matin,"
PC_0256,COD_CLUSTER,ME_LES,D3,"Pour l'instant, tu me les montres.",目前，你给我看这些,目前，你给我看这些,目前，你给我们看这些,目前，你给我看这个,目前，我给你看这些,RECIPIENT|COD_NUMBER|ROLE_REVERSAL,1.0,1,目前，你给我看这些,MONTRER_QCH_A_QN,OBJ_COD,me les,PRESENT,TU,ME,LES,,RECIPIENT_COD,,RECIPIENT,COD_NUMBER,ROLE_REVERSAL,"seed=PC_0020; context=Pour l'instant,"
PC_0257,COD_CLUSTER,VOUS_LES,D3,"Plus tard, on vous les donnera demain.",之后，我们明天会把这些给您,之后，我们明天会把这些给您,之后，我们明天会把这些给他们,之后，我们明天会把这个给您,之后，您明天会把这些给我们,RECIPIENT|COD_NUMBER|ROLE_REVERSAL,1.0,1,之后，我们明天会把这些给您,DONNER_QCH_A_QN,OBJ_COD,vous les,FUTUR_SIMPLE,ON,VOUS,LES,,RECIPIENT_COD,,RECIPIENT,COD_NUMBER,ROLE_REVERSAL,"seed=PC_0021; context=Plus tard,"
PC_0258,COD_CLUSTER,TE_COD,D4,"Hier matin, je te l'ai laissé.",昨天早上，我把这个留给你了,昨天早上，我把这个留给你了,昨天早上，我把这个留给他了,昨天早上，我把这些留给你了,昨天早上，你把这个留给我了,RECIPIENT|COD_NUMBER|ROLE_REVERSAL,1.7,1,昨天早上，我把这个留给你了,LAISSER_QCH_A_QN,OBJ_COD,te l',PASSE_COMPOSE,JE,TE,LE_LA,,RECIPIENT_COD,TE_L_AI,RECIPIENT,COD_NUMBER,ROLE_REVERSAL,"seed=PC_0022; context=Hier matin,"
PC_0259,COD_CLUSTER,NOUS_LES,D4,"Hier matin, il nous les a apportés.",昨天早上，他把这些给我们带来了,昨天早上，他把这些给我们带来了,昨天早上，他把这些给他们带来了,昨天早上，他把这个给我们带来了,昨天早上，我们把这些给他带来了,RECIPIENT|COD_NUMBER|ROLE_REVERSAL,1.0,1,昨天早上，他把这些给我们带来了,APPORTER_QCH_A_QN,OBJ_COD,nous les,PASSE_COMPOSE,IL,NOUS,LES,,RECIPIENT_COD,,RECIPIENT,COD_NUMBER,ROLE_REVERSAL,"seed=PC_0023; context=Hier matin,"
PC_0260,COD_CLUSTER,ME_COD,D3,"Pour l'instant, vous me la prêtez.",目前，您把这个借给我,目前，您把这个借给我,目前，您把这个借给他们,目前，您把这些借给我,目前，我把这个借给您,RECIPIENT|COD_NUMBER|ROLE_REVERSAL,1.0,1,目前，您把这个借给我,PRETER_QCH_A_QN,OBJ_COD,me la,PRESENT,VOUS,ME,LA,,RECIPIENT_COD,,RECIPIENT,COD_NUMBER,ROLE_REVERSAL,"seed=PC_0024; context=Pour l'instant,"
PC_0261,COD_CLUSTER,COD_LUI,D4,"Hier matin, je le lui ai donné.",昨天早上，我把这个给他了,昨天早上，我把这个给他了,昨天早上，我把这个给他们了,昨天早上，我把这些给他了,昨天早上，他把这个给我了,RECIPIENT|COD_NUMBER|ROLE_REVERSAL,1.7,1,昨天早上，我把这个给他了,DONNER_QCH_A_QN,COD_COI,le lui,PASSE_COMPOSE,JE,LE,LUI,,COD_RECIPIENT,LE_LUI_AI,RECIPIENT,COD_NUMBER,ROLE_REVERSAL,"seed=PC_0025; context=Hier matin,"
PC_0262,COD_CLUSTER,COD_LUI,D4,"Hier matin, elle la lui a envoyée.",昨天早上，她把这个发给他了,昨天早上，她把这个发给他了,昨天早上，她把这个发给他们了,昨天早上，她把这些发给他了,昨天早上，他把这个发给她了,RECIPIENT|COD_NUMBER|ROLE_REVERSAL,1.0,1,昨天早上，她把这个发给他了,ENVOYER_QCH_A_QN,COD_COI,la lui,PASSE_COMPOSE,ELLE,LA,LUI,,COD_RECIPIENT,,RECIPIENT,COD_NUMBER,ROLE_REVERSAL,"seed=PC_0026; context=Hier matin,"
PC_0263,COD_CLUSTER,LES_LEUR,D4,"Hier matin, nous les leur avons montrés.",昨天早上，我们把这些给他们看了,昨天早上，我们把这些给他们看了,昨天早上，我们把这些给他看了,昨天早上，我们把这个给他们看了,昨天早上，他们把这些给我们看了,RECIPIENT|COD_NUMBER|ROLE_REVERSAL,1.0,1,昨天早上，我们把这些给他们看了,MONTRER_QCH_A_QN,COD_COI,les leur,PASSE_COMPOSE,NOUS,LES,LEUR,,COD_RECIPIENT,,RECIPIENT,COD_NUMBER,ROLE_REVERSAL,"seed=PC_0027; context=Hier matin,"
PC_0264,COD_CLUSTER,COD_LEUR,D3,"Plus tard, on le leur expliquera.",之后，我们会给他们解释这个,之后，我们会给他们解释这个,之后，我们会给他解释这个,之后，我们会给他们解释这些,之后，他们会给我们解释这个,RECIPIENT|COD_NUMBER|ROLE_REVERSAL,1.0,1,之后，我们会给他们解释这个,EXPLIQUER_QCH_A_QN,COD_COI,le leur,FUTUR_SIMPLE,ON,LE,LEUR,,COD_RECIPIENT,,RECIPIENT,COD_NUMBER,ROLE_REVERSAL,"seed=PC_0028; context=Plus tard,"
PC_0265,COD_CLUSTER,LES_LUI,D4,"Hier matin, je les lui ai rendus.",昨天早上，我把这些还给他了,昨天早上，我把这些还给他了,昨天早上，我把这些还给他们了,昨天早上，我把这个还给他了,昨天早上，他把这些还给我了,RECIPIENT|COD_NUMBER|ROLE_REVERSAL,1.0,1,昨天早上，我把这些还给他了,RENDRE_QCH_A_QN,COD_COI,les lui,PASSE_COMPOSE,JE,LES,LUI,,COD_RECIPIENT,,RECIPIENT,COD_NUMBER,ROLE_REVERSAL,"seed=PC_0029; context=Hier matin,"
PC_0266,COD_CLUSTER,COD_LEUR,D3,"Pour l'instant, il la leur recommande.",目前，他向他们推荐这个,目前，他向他们推荐这个,目前，他向他推荐这个,目前，他向他们推荐这些,目前，他们向他推荐这个,RECIPIENT|COD_NUMBER|ROLE_REVERSAL,1.0,1,目前，他向他们推荐这个,RECOMMANDER_QCH_A_QN,COD_COI,la leur,PRESENT,IL,LA,LEUR,,COD_RECIPIENT,,RECIPIENT,COD_NUMBER,ROLE_REVERSAL,"seed=PC_0030; context=Pour l'instant,"
PC_0267,COD_CLUSTER,ME_COD,D3,"Pour l'instant, elle me le rappelle souvent.",目前，她经常提醒我这件事,目前，她经常提醒我这件事,目前，她经常提醒他们这件事,目前，她经常提醒我这些事,目前，我经常提醒她这件事,RECIPIENT|COD_NUMBER|ROLE_REVERSAL,1.0,1,目前，她经常提醒我这件事,RAPPELER_QCH_A_QN,OBJ_COD,me le,PRESENT,ELLE,ME,LE,,RECIPIENT_COD,,RECIPIENT,COD_NUMBER,ROLE_REVERSAL,"seed=PC_0031; context=Pour l'instant,"
PC_0268,COD_CLUSTER,VOUS_COD,D4,"Hier matin, nous vous l'avons déjà dit.",昨天早上，我们已经跟您说过这个了,昨天早上，我们已经跟您说过这个了,昨天早上，我们已经跟他们说过这个了,昨天早上，我们已经跟您说过这些了,昨天早上，您已经跟我们说过这个了,RECIPIENT|COD_NUMBER|ROLE_REVERSAL,1.7,1,昨天早上，我们已经跟您说过这个了,DIRE_QCH_A_QN,OBJ_COD,vous l',PASSE_COMPOSE,NOUS,VOUS,LE_LA,,RECIPIENT_COD,VOUS_L_AVONS,RECIPIENT,COD_NUMBER,ROLE_REVERSAL,"seed=PC_0032; context=Hier matin,"
PC_0269,COD_CLUSTER,NOUS_LES,D4,"Hier matin, ils nous les ont transmis.",昨天早上，他们把这些转给我们了,昨天早上，他们把这些转给我们了,昨天早上，他们把这些转给他们了,昨天早上，他们把这个转给我们了,昨天早上，我们把这些转给他们了,RECIPIENT|COD_NUMBER|ROLE_REVERSAL,1.0,1,昨天早上，他们把这些转给我们了,TRANSMETTRE_QCH_A_QN,OBJ_COD,nous les,PASSE_COMPOSE,ILS,NOUS,LES,,RECIPIENT_COD,,RECIPIENT,COD_NUMBER,ROLE_REVERSAL,"seed=PC_0033; context=Hier matin,"
PC_0270,COD_CLUSTER,TE_LES,D4,"Hier matin, je te les ai réservés.",昨天早上，我给你预留了这些,昨天早上，我给你预留了这些,昨天早上，我给他预留了这些,昨天早上，我给你预留了这个,昨天早上，你给我预留了这些,RECIPIENT|COD_NUMBER|ROLE_REVERSAL,1.0,1,昨天早上，我给你预留了这些,RESERVER_QCH_A_QN,OBJ_COD,te les,PASSE_COMPOSE,JE,TE,LES,,RECIPIENT_COD,,RECIPIENT,COD_NUMBER,ROLE_REVERSAL,"seed=PC_0034; context=Hier matin,"
PC_0271,COD_CLUSTER,ME_COD,D4,"Hier soir, il me l'a expliqué.",昨晚，他给我解释了这个,昨晚，他给我解释了这个,昨晚，他给我们解释了这个,昨晚，他给我解释了这些,昨晚，我给他解释了这个,RECIPIENT|COD_NUMBER|ROLE_REVERSAL,2.0,1,昨晚，他给我解释了这个,EXPLIQUER_QCH_A_QN,OBJ_COD,me l',PASSE_COMPOSE,IL,ME,LE_LA,,RECIPIENT_COD,ME_L_A,RECIPIENT,COD_NUMBER,ROLE_REVERSAL,"seed=PC_0017; context=Hier soir,"
PC_0272,COD_CLUSTER,VOUS_COD,D3,"Cette fois, je vous le confirme.",这次，我向您确认这个,这次，我向您确认这个,这次，我向他们确认这个,这次，我向您确认这些,这次，您向我确认这个,RECIPIENT|COD_NUMBER|ROLE_REVERSAL,1.0,1,这次，我向您确认这个,CONFIRMER_QCH_A_QN,OBJ_COD,vous le,PRESENT,JE,VOUS,LE,,RECIPIENT_COD,,RECIPIENT,COD_NUMBER,ROLE_REVERSAL,"seed=PC_0018; context=Cette fois,"
PC_0273,COD_CLUSTER,NOUS_COD,D4,"Hier soir, elle nous l'a envoyé.",昨晚，她把这个发给我们了,昨晚，她把这个发给我们了,昨晚，她把这个发给他们了,昨晚，她把这些发给我们了,昨晚，我们把这个发给她了,RECIPIENT|COD_NUMBER|ROLE_REVERSAL,1.7,1,昨晚，她把这个发给我们了,ENVOYER_QCH_A_QN,OBJ_COD,nous l',PASSE_COMPOSE,ELLE,NOUS,LE_LA,,RECIPIENT_COD,NOUS_L_A,RECIPIENT,COD_NUMBER,ROLE_REVERSAL,"seed=PC_0019; context=Hier soir,"
PC_0274,COD_CLUSTER,ME_LES,D3,"Cette fois, tu me les montres.",这次，你给我看这些,这次，你给我看这些,这次，你给我们看这些,这次，你给我看这个,这次，我给你看这些,RECIPIENT|COD_NUMBER|ROLE_REVERSAL,1.0,1,这次，你给我看这些,MONTRER_QCH_A_QN,OBJ_COD,me les,PRESENT,TU,ME,LES,,RECIPIENT_COD,,RECIPIENT,COD_NUMBER,ROLE_REVERSAL,"seed=PC_0020; context=Cette fois,"
PC_0275,COD_CLUSTER,VOUS_LES,D3,"La semaine prochaine, on vous les donnera demain.",下周，我们明天会把这些给您,下周，我们明天会把这些给您,下周，我们明天会把这些给他们,下周，我们明天会把这个给您,下周，您明天会把这些给我们,RECIPIENT|COD_NUMBER|ROLE_REVERSAL,1.0,1,下周，我们明天会把这些给您,DONNER_QCH_A_QN,OBJ_COD,vous les,FUTUR_SIMPLE,ON,VOUS,LES,,RECIPIENT_COD,,RECIPIENT,COD_NUMBER,ROLE_REVERSAL,"seed=PC_0021; context=La semaine prochaine,"
PC_0276,COD_CLUSTER,TE_COD,D4,"Hier soir, je te l'ai laissé.",昨晚，我把这个留给你了,昨晚，我把这个留给你了,昨晚，我把这个留给他了,昨晚，我把这些留给你了,昨晚，你把这个留给我了,RECIPIENT|COD_NUMBER|ROLE_REVERSAL,1.7,1,昨晚，我把这个留给你了,LAISSER_QCH_A_QN,OBJ_COD,te l',PASSE_COMPOSE,JE,TE,LE_LA,,RECIPIENT_COD,TE_L_AI,RECIPIENT,COD_NUMBER,ROLE_REVERSAL,"seed=PC_0022; context=Hier soir,"
PC_0277,COD_CLUSTER,NOUS_LES,D4,"Hier soir, il nous les a apportés.",昨晚，他把这些给我们带来了,昨晚，他把这些给我们带来了,昨晚，他把这些给他们带来了,昨晚，他把这个给我们带来了,昨晚，我们把这些给他带来了,RECIPIENT|COD_NUMBER|ROLE_REVERSAL,1.0,1,昨晚，他把这些给我们带来了,APPORTER_QCH_A_QN,OBJ_COD,nous les,PASSE_COMPOSE,IL,NOUS,LES,,RECIPIENT_COD,,RECIPIENT,COD_NUMBER,ROLE_REVERSAL,"seed=PC_0023; context=Hier soir,"
PC_0278,COD_CLUSTER,ME_COD,D3,"Cette fois, vous me la prêtez.",这次，您把这个借给我,这次，您把这个借给我,这次，您把这个借给他们,这次，您把这些借给我,这次，我把这个借给您,RECIPIENT|COD_NUMBER|ROLE_REVERSAL,1.0,1,这次，您把这个借给我,PRETER_QCH_A_QN,OBJ_COD,me la,PRESENT,VOUS,ME,LA,,RECIPIENT_COD,,RECIPIENT,COD_NUMBER,ROLE_REVERSAL,"seed=PC_0024; context=Cette fois,"
PC_0279,COD_CLUSTER,COD_LUI,D4,"Hier soir, je le lui ai donné.",昨晚，我把这个给他了,昨晚，我把这个给他了,昨晚，我把这个给他们了,昨晚，我把这些给他了,昨晚，他把这个给我了,RECIPIENT|COD_NUMBER|ROLE_REVERSAL,1.7,1,昨晚，我把这个给他了,DONNER_QCH_A_QN,COD_COI,le lui,PASSE_COMPOSE,JE,LE,LUI,,COD_RECIPIENT,LE_LUI_AI,RECIPIENT,COD_NUMBER,ROLE_REVERSAL,"seed=PC_0025; context=Hier soir,"
PC_0280,COD_CLUSTER,COD_LUI,D4,"Hier soir, elle la lui a envoyée.",昨晚，她把这个发给他了,昨晚，她把这个发给他了,昨晚，她把这个发给他们了,昨晚，她把这些发给他了,昨晚，他把这个发给她了,RECIPIENT|COD_NUMBER|ROLE_REVERSAL,1.0,1,昨晚，她把这个发给他了,ENVOYER_QCH_A_QN,COD_COI,la lui,PASSE_COMPOSE,ELLE,LA,LUI,,COD_RECIPIENT,,RECIPIENT,COD_NUMBER,ROLE_REVERSAL,"seed=PC_0026; context=Hier soir,"
PC_0281,COD_CLUSTER,LES_LEUR,D4,"Hier soir, nous les leur avons montrés.",昨晚，我们把这些给他们看了,昨晚，我们把这些给他们看了,昨晚，我们把这些给他看了,昨晚，我们把这个给他们看了,昨晚，他们把这些给我们看了,RECIPIENT|COD_NUMBER|ROLE_REVERSAL,1.0,1,昨晚，我们把这些给他们看了,MONTRER_QCH_A_QN,COD_COI,les leur,PASSE_COMPOSE,NOUS,LES,LEUR,,COD_RECIPIENT,,RECIPIENT,COD_NUMBER,ROLE_REVERSAL,"seed=PC_0027; context=Hier soir,"
PC_0282,COD_CLUSTER,COD_LEUR,D3,"La semaine prochaine, on le leur expliquera.",下周，我们会给他们解释这个,下周，我们会给他们解释这个,下周，我们会给他解释这个,下周，我们会给他们解释这些,下周，他们会给我们解释这个,RECIPIENT|COD_NUMBER|ROLE_REVERSAL,1.0,1,下周，我们会给他们解释这个,EXPLIQUER_QCH_A_QN,COD_COI,le leur,FUTUR_SIMPLE,ON,LE,LEUR,,COD_RECIPIENT,,RECIPIENT,COD_NUMBER,ROLE_REVERSAL,"seed=PC_0028; context=La semaine prochaine,"
PC_0283,COD_CLUSTER,LES_LUI,D4,"Hier soir, je les lui ai rendus.",昨晚，我把这些还给他了,昨晚，我把这些还给他了,昨晚，我把这些还给他们了,昨晚，我把这个还给他了,昨晚，他把这些还给我了,RECIPIENT|COD_NUMBER|ROLE_REVERSAL,1.0,1,昨晚，我把这些还给他了,RENDRE_QCH_A_QN,COD_COI,les lui,PASSE_COMPOSE,JE,LES,LUI,,COD_RECIPIENT,,RECIPIENT,COD_NUMBER,ROLE_REVERSAL,"seed=PC_0029; context=Hier soir,"
PC_0284,COD_CLUSTER,COD_LEUR,D3,"Cette fois, il la leur recommande.",这次，他向他们推荐这个,这次，他向他们推荐这个,这次，他向他推荐这个,这次，他向他们推荐这些,这次，他们向他推荐这个,RECIPIENT|COD_NUMBER|ROLE_REVERSAL,1.0,1,这次，他向他们推荐这个,RECOMMANDER_QCH_A_QN,COD_COI,la leur,PRESENT,IL,LA,LEUR,,COD_RECIPIENT,,RECIPIENT,COD_NUMBER,ROLE_REVERSAL,"seed=PC_0030; context=Cette fois,"
PC_0285,COD_CLUSTER,ME_COD,D3,"Cette fois, elle me le rappelle souvent.",这次，她经常提醒我这件事,这次，她经常提醒我这件事,这次，她经常提醒他们这件事,这次，她经常提醒我这些事,这次，我经常提醒她这件事,RECIPIENT|COD_NUMBER|ROLE_REVERSAL,1.0,1,这次，她经常提醒我这件事,RAPPELER_QCH_A_QN,OBJ_COD,me le,PRESENT,ELLE,ME,LE,,RECIPIENT_COD,,RECIPIENT,COD_NUMBER,ROLE_REVERSAL,"seed=PC_0031; context=Cette fois,"
PC_0286,COD_CLUSTER,VOUS_COD,D4,"Hier soir, nous vous l'avons déjà dit.",昨晚，我们已经跟您说过这个了,昨晚，我们已经跟您说过这个了,昨晚，我们已经跟他们说过这个了,昨晚，我们已经跟您说过这些了,昨晚，您已经跟我们说过这个了,RECIPIENT|COD_NUMBER|ROLE_REVERSAL,1.7,1,昨晚，我们已经跟您说过这个了,DIRE_QCH_A_QN,OBJ_COD,vous l',PASSE_COMPOSE,NOUS,VOUS,LE_LA,,RECIPIENT_COD,VOUS_L_AVONS,RECIPIENT,COD_NUMBER,ROLE_REVERSAL,"seed=PC_0032; context=Hier soir,"
PC_0287,COD_CLUSTER,NOUS_LES,D4,"Hier soir, ils nous les ont transmis.",昨晚，他们把这些转给我们了,昨晚，他们把这些转给我们了,昨晚，他们把这些转给他们了,昨晚，他们把这个转给我们了,昨晚，我们把这些转给他们了,RECIPIENT|COD_NUMBER|ROLE_REVERSAL,1.0,1,昨晚，他们把这些转给我们了,TRANSMETTRE_QCH_A_QN,OBJ_COD,nous les,PASSE_COMPOSE,ILS,NOUS,LES,,RECIPIENT_COD,,RECIPIENT,COD_NUMBER,ROLE_REVERSAL,"seed=PC_0033; context=Hier soir,"
PC_0288,COD_CLUSTER,TE_LES,D4,"Hier soir, je te les ai réservés.",昨晚，我给你预留了这些,昨晚，我给你预留了这些,昨晚，我给他预留了这些,昨晚，我给你预留了这个,昨晚，你给我预留了这些,RECIPIENT|COD_NUMBER|ROLE_REVERSAL,1.0,1,昨晚，我给你预留了这些,RESERVER_QCH_A_QN,OBJ_COD,te les,PASSE_COMPOSE,JE,TE,LES,,RECIPIENT_COD,,RECIPIENT,COD_NUMBER,ROLE_REVERSAL,"seed=PC_0034; context=Hier soir,"
PC_0289,COD_CLUSTER,ME_COD,D4,"Récemment, il me l'a expliqué.",最近，他给我解释了这个,最近，他给我解释了这个,最近，他给我们解释了这个,最近，他给我解释了这些,最近，我给他解释了这个,RECIPIENT|COD_NUMBER|ROLE_REVERSAL,2.0,1,最近，他给我解释了这个,EXPLIQUER_QCH_A_QN,OBJ_COD,me l',PASSE_COMPOSE,IL,ME,LE_LA,,RECIPIENT_COD,ME_L_A,RECIPIENT,COD_NUMBER,ROLE_REVERSAL,"seed=PC_0017; context=Récemment,"
PC_0290,COD_CLUSTER,VOUS_COD,D3,"Actuellement, je vous le confirme.",目前，我向您确认这个,目前，我向您确认这个,目前，我向他们确认这个,目前，我向您确认这些,目前，您向我确认这个,RECIPIENT|COD_NUMBER|ROLE_REVERSAL,1.0,1,目前，我向您确认这个,CONFIRMER_QCH_A_QN,OBJ_COD,vous le,PRESENT,JE,VOUS,LE,,RECIPIENT_COD,,RECIPIENT,COD_NUMBER,ROLE_REVERSAL,"seed=PC_0018; context=Actuellement,"
PC_0291,COD_CLUSTER,NOUS_COD,D4,"Récemment, elle nous l'a envoyé.",最近，她把这个发给我们了,最近，她把这个发给我们了,最近，她把这个发给他们了,最近，她把这些发给我们了,最近，我们把这个发给她了,RECIPIENT|COD_NUMBER|ROLE_REVERSAL,1.7,1,最近，她把这个发给我们了,ENVOYER_QCH_A_QN,OBJ_COD,nous l',PASSE_COMPOSE,ELLE,NOUS,LE_LA,,RECIPIENT_COD,NOUS_L_A,RECIPIENT,COD_NUMBER,ROLE_REVERSAL,"seed=PC_0019; context=Récemment,"
PC_0292,COD_CLUSTER,ME_LES,D3,"Actuellement, tu me les montres.",目前，你给我看这些,目前，你给我看这些,目前，你给我们看这些,目前，你给我看这个,目前，我给你看这些,RECIPIENT|COD_NUMBER|ROLE_REVERSAL,1.0,1,目前，你给我看这些,MONTRER_QCH_A_QN,OBJ_COD,me les,PRESENT,TU,ME,LES,,RECIPIENT_COD,,RECIPIENT,COD_NUMBER,ROLE_REVERSAL,"seed=PC_0020; context=Actuellement,"
PC_0293,COD_CLUSTER,VOUS_LES,D3,"Le mois prochain, on vous les donnera demain.",下个月，我们明天会把这些给您,下个月，我们明天会把这些给您,下个月，我们明天会把这些给他们,下个月，我们明天会把这个给您,下个月，您明天会把这些给我们,RECIPIENT|COD_NUMBER|ROLE_REVERSAL,1.0,1,下个月，我们明天会把这些给您,DONNER_QCH_A_QN,OBJ_COD,vous les,FUTUR_SIMPLE,ON,VOUS,LES,,RECIPIENT_COD,,RECIPIENT,COD_NUMBER,ROLE_REVERSAL,"seed=PC_0021; context=Le mois prochain,"
PC_0294,COD_CLUSTER,TE_COD,D4,"Récemment, je te l'ai laissé.",最近，我把这个留给你了,最近，我把这个留给你了,最近，我把这个留给他了,最近，我把这些留给你了,最近，你把这个留给我了,RECIPIENT|COD_NUMBER|ROLE_REVERSAL,1.7,1,最近，我把这个留给你了,LAISSER_QCH_A_QN,OBJ_COD,te l',PASSE_COMPOSE,JE,TE,LE_LA,,RECIPIENT_COD,TE_L_AI,RECIPIENT,COD_NUMBER,ROLE_REVERSAL,"seed=PC_0022; context=Récemment,"
PC_0295,COD_CLUSTER,NOUS_LES,D4,"Récemment, il nous les a apportés.",最近，他把这些给我们带来了,最近，他把这些给我们带来了,最近，他把这些给他们带来了,最近，他把这个给我们带来了,最近，我们把这些给他带来了,RECIPIENT|COD_NUMBER|ROLE_REVERSAL,1.0,1,最近，他把这些给我们带来了,APPORTER_QCH_A_QN,OBJ_COD,nous les,PASSE_COMPOSE,IL,NOUS,LES,,RECIPIENT_COD,,RECIPIENT,COD_NUMBER,ROLE_REVERSAL,"seed=PC_0023; context=Récemment,"
PC_0296,COD_CLUSTER,ME_COD,D3,"Actuellement, vous me la prêtez.",目前，您把这个借给我,目前，您把这个借给我,目前，您把这个借给他们,目前，您把这些借给我,目前，我把这个借给您,RECIPIENT|COD_NUMBER|ROLE_REVERSAL,1.0,1,目前，您把这个借给我,PRETER_QCH_A_QN,OBJ_COD,me la,PRESENT,VOUS,ME,LA,,RECIPIENT_COD,,RECIPIENT,COD_NUMBER,ROLE_REVERSAL,"seed=PC_0024; context=Actuellement,"
PC_0297,COD_CLUSTER,COD_LUI,D4,"Récemment, je le lui ai donné.",最近，我把这个给他了,最近，我把这个给他了,最近，我把这个给他们了,最近，我把这些给他了,最近，他把这个给我了,RECIPIENT|COD_NUMBER|ROLE_REVERSAL,1.7,1,最近，我把这个给他了,DONNER_QCH_A_QN,COD_COI,le lui,PASSE_COMPOSE,JE,LE,LUI,,COD_RECIPIENT,LE_LUI_AI,RECIPIENT,COD_NUMBER,ROLE_REVERSAL,"seed=PC_0025; context=Récemment,"
PC_0298,COD_CLUSTER,COD_LUI,D4,"Récemment, elle la lui a envoyée.",最近，她把这个发给他了,最近，她把这个发给他了,最近，她把这个发给他们了,最近，她把这些发给他了,最近，他把这个发给她了,RECIPIENT|COD_NUMBER|ROLE_REVERSAL,1.0,1,最近，她把这个发给他了,ENVOYER_QCH_A_QN,COD_COI,la lui,PASSE_COMPOSE,ELLE,LA,LUI,,COD_RECIPIENT,,RECIPIENT,COD_NUMBER,ROLE_REVERSAL,"seed=PC_0026; context=Récemment,"
PC_0299,COD_CLUSTER,LES_LEUR,D4,"Récemment, nous les leur avons montrés.",最近，我们把这些给他们看了,最近，我们把这些给他们看了,最近，我们把这些给他看了,最近，我们把这个给他们看了,最近，他们把这些给我们看了,RECIPIENT|COD_NUMBER|ROLE_REVERSAL,1.0,1,最近，我们把这些给他们看了,MONTRER_QCH_A_QN,COD_COI,les leur,PASSE_COMPOSE,NOUS,LES,LEUR,,COD_RECIPIENT,,RECIPIENT,COD_NUMBER,ROLE_REVERSAL,"seed=PC_0027; context=Récemment,"
PC_0300,COD_CLUSTER,COD_LEUR,D3,"Le mois prochain, on le leur expliquera.",下个月，我们会给他们解释这个,下个月，我们会给他们解释这个,下个月，我们会给他解释这个,下个月，我们会给他们解释这些,下个月，他们会给我们解释这个,RECIPIENT|COD_NUMBER|ROLE_REVERSAL,1.0,1,下个月，我们会给他们解释这个,EXPLIQUER_QCH_A_QN,COD_COI,le leur,FUTUR_SIMPLE,ON,LE,LEUR,,COD_RECIPIENT,,RECIPIENT,COD_NUMBER,ROLE_REVERSAL,"seed=PC_0028; context=Le mois prochain,"
PC_0301,COD_CLUSTER,LES_LUI,D4,"Récemment, je les lui ai rendus.",最近，我把这些还给他了,最近，我把这些还给他了,最近，我把这些还给他们了,最近，我把这个还给他了,最近，他把这些还给我了,RECIPIENT|COD_NUMBER|ROLE_REVERSAL,1.0,1,最近，我把这些还给他了,RENDRE_QCH_A_QN,COD_COI,les lui,PASSE_COMPOSE,JE,LES,LUI,,COD_RECIPIENT,,RECIPIENT,COD_NUMBER,ROLE_REVERSAL,"seed=PC_0029; context=Récemment,"
PC_0302,COD_CLUSTER,COD_LEUR,D3,"Actuellement, il la leur recommande.",目前，他向他们推荐这个,目前，他向他们推荐这个,目前，他向他推荐这个,目前，他向他们推荐这些,目前，他们向他推荐这个,RECIPIENT|COD_NUMBER|ROLE_REVERSAL,1.0,1,目前，他向他们推荐这个,RECOMMANDER_QCH_A_QN,COD_COI,la leur,PRESENT,IL,LA,LEUR,,COD_RECIPIENT,,RECIPIENT,COD_NUMBER,ROLE_REVERSAL,"seed=PC_0030; context=Actuellement,"
PC_0303,COD_CLUSTER,ME_COD,D3,"Actuellement, elle me le rappelle souvent.",目前，她经常提醒我这件事,目前，她经常提醒我这件事,目前，她经常提醒他们这件事,目前，她经常提醒我这些事,目前，我经常提醒她这件事,RECIPIENT|COD_NUMBER|ROLE_REVERSAL,1.0,1,目前，她经常提醒我这件事,RAPPELER_QCH_A_QN,OBJ_COD,me le,PRESENT,ELLE,ME,LE,,RECIPIENT_COD,,RECIPIENT,COD_NUMBER,ROLE_REVERSAL,"seed=PC_0031; context=Actuellement,"
PC_0304,COD_CLUSTER,VOUS_COD,D4,"Récemment, nous vous l'avons déjà dit.",最近，我们已经跟您说过这个了,最近，我们已经跟您说过这个了,最近，我们已经跟他们说过这个了,最近，我们已经跟您说过这些了,最近，您已经跟我们说过这个了,RECIPIENT|COD_NUMBER|ROLE_REVERSAL,1.7,1,最近，我们已经跟您说过这个了,DIRE_QCH_A_QN,OBJ_COD,vous l',PASSE_COMPOSE,NOUS,VOUS,LE_LA,,RECIPIENT_COD,VOUS_L_AVONS,RECIPIENT,COD_NUMBER,ROLE_REVERSAL,"seed=PC_0032; context=Récemment,"
PC_0305,COD_CLUSTER,NOUS_LES,D4,"Récemment, ils nous les ont transmis.",最近，他们把这些转给我们了,最近，他们把这些转给我们了,最近，他们把这些转给他们了,最近，他们把这个转给我们了,最近，我们把这些转给他们了,RECIPIENT|COD_NUMBER|ROLE_REVERSAL,1.0,1,最近，他们把这些转给我们了,TRANSMETTRE_QCH_A_QN,OBJ_COD,nous les,PASSE_COMPOSE,ILS,NOUS,LES,,RECIPIENT_COD,,RECIPIENT,COD_NUMBER,ROLE_REVERSAL,"seed=PC_0033; context=Récemment,"
PC_0306,COD_CLUSTER,TE_LES,D4,"Récemment, je te les ai réservés.",最近，我给你预留了这些,最近，我给你预留了这些,最近，我给他预留了这些,最近，我给你预留了这个,最近，你给我预留了这些,RECIPIENT|COD_NUMBER|ROLE_REVERSAL,1.0,1,最近，我给你预留了这些,RESERVER_QCH_A_QN,OBJ_COD,te les,PASSE_COMPOSE,JE,TE,LES,,RECIPIENT_COD,,RECIPIENT,COD_NUMBER,ROLE_REVERSAL,"seed=PC_0034; context=Récemment,"
PC_0307,COD_CLUSTER,ME_COD,D4,"La semaine dernière, il me l'a expliqué.",上周，他给我解释了这个,上周，他给我解释了这个,上周，他给我们解释了这个,上周，他给我解释了这些,上周，我给他解释了这个,RECIPIENT|COD_NUMBER|ROLE_REVERSAL,2.0,1,上周，他给我解释了这个,EXPLIQUER_QCH_A_QN,OBJ_COD,me l',PASSE_COMPOSE,IL,ME,LE_LA,,RECIPIENT_COD,ME_L_A,RECIPIENT,COD_NUMBER,ROLE_REVERSAL,"seed=PC_0017; context=La semaine dernière,"
PC_0308,COD_CLUSTER,VOUS_COD,D3,"À présent, je vous le confirme.",现在，我向您确认这个,现在，我向您确认这个,现在，我向他们确认这个,现在，我向您确认这些,现在，您向我确认这个,RECIPIENT|COD_NUMBER|ROLE_REVERSAL,1.0,1,现在，我向您确认这个,CONFIRMER_QCH_A_QN,OBJ_COD,vous le,PRESENT,JE,VOUS,LE,,RECIPIENT_COD,,RECIPIENT,COD_NUMBER,ROLE_REVERSAL,"seed=PC_0018; context=À présent,"
PC_0309,COD_CLUSTER,NOUS_COD,D4,"La semaine dernière, elle nous l'a envoyé.",上周，她把这个发给我们了,上周，她把这个发给我们了,上周，她把这个发给他们了,上周，她把这些发给我们了,上周，我们把这个发给她了,RECIPIENT|COD_NUMBER|ROLE_REVERSAL,1.7,1,上周，她把这个发给我们了,ENVOYER_QCH_A_QN,OBJ_COD,nous l',PASSE_COMPOSE,ELLE,NOUS,LE_LA,,RECIPIENT_COD,NOUS_L_A,RECIPIENT,COD_NUMBER,ROLE_REVERSAL,"seed=PC_0019; context=La semaine dernière,"
PC_0310,COD_CLUSTER,ME_LES,D3,"À présent, tu me les montres.",现在，你给我看这些,现在，你给我看这些,现在，你给我们看这些,现在，你给我看这个,现在，我给你看这些,RECIPIENT|COD_NUMBER|ROLE_REVERSAL,1.0,1,现在，你给我看这些,MONTRER_QCH_A_QN,OBJ_COD,me les,PRESENT,TU,ME,LES,,RECIPIENT_COD,,RECIPIENT,COD_NUMBER,ROLE_REVERSAL,"seed=PC_0020; context=À présent,"
PC_0311,COD_CLUSTER,VOUS_LES,D3,"Dans quelques jours, on vous les donnera demain.",过几天，我们明天会把这些给您,过几天，我们明天会把这些给您,过几天，我们明天会把这些给他们,过几天，我们明天会把这个给您,过几天，您明天会把这些给我们,RECIPIENT|COD_NUMBER|ROLE_REVERSAL,1.0,1,过几天，我们明天会把这些给您,DONNER_QCH_A_QN,OBJ_COD,vous les,FUTUR_SIMPLE,ON,VOUS,LES,,RECIPIENT_COD,,RECIPIENT,COD_NUMBER,ROLE_REVERSAL,"seed=PC_0021; context=Dans quelques jours,"
PC_0312,COD_CLUSTER,TE_COD,D4,"La semaine dernière, je te l'ai laissé.",上周，我把这个留给你了,上周，我把这个留给你了,上周，我把这个留给他了,上周，我把这些留给你了,上周，你把这个留给我了,RECIPIENT|COD_NUMBER|ROLE_REVERSAL,1.7,1,上周，我把这个留给你了,LAISSER_QCH_A_QN,OBJ_COD,te l',PASSE_COMPOSE,JE,TE,LE_LA,,RECIPIENT_COD,TE_L_AI,RECIPIENT,COD_NUMBER,ROLE_REVERSAL,"seed=PC_0022; context=La semaine dernière,"
PC_0313,COD_CLUSTER,NOUS_LES,D4,"La semaine dernière, il nous les a apportés.",上周，他把这些给我们带来了,上周，他把这些给我们带来了,上周，他把这些给他们带来了,上周，他把这个给我们带来了,上周，我们把这些给他带来了,RECIPIENT|COD_NUMBER|ROLE_REVERSAL,1.0,1,上周，他把这些给我们带来了,APPORTER_QCH_A_QN,OBJ_COD,nous les,PASSE_COMPOSE,IL,NOUS,LES,,RECIPIENT_COD,,RECIPIENT,COD_NUMBER,ROLE_REVERSAL,"seed=PC_0023; context=La semaine dernière,"
PC_0314,COD_CLUSTER,ME_COD,D3,"À présent, vous me la prêtez.",现在，您把这个借给我,现在，您把这个借给我,现在，您把这个借给他们,现在，您把这些借给我,现在，我把这个借给您,RECIPIENT|COD_NUMBER|ROLE_REVERSAL,1.0,1,现在，您把这个借给我,PRETER_QCH_A_QN,OBJ_COD,me la,PRESENT,VOUS,ME,LA,,RECIPIENT_COD,,RECIPIENT,COD_NUMBER,ROLE_REVERSAL,"seed=PC_0024; context=À présent,"
PC_0315,COD_CLUSTER,COD_LUI,D4,"La semaine dernière, je le lui ai donné.",上周，我把这个给他了,上周，我把这个给他了,上周，我把这个给他们了,上周，我把这些给他了,上周，他把这个给我了,RECIPIENT|COD_NUMBER|ROLE_REVERSAL,1.7,1,上周，我把这个给他了,DONNER_QCH_A_QN,COD_COI,le lui,PASSE_COMPOSE,JE,LE,LUI,,COD_RECIPIENT,LE_LUI_AI,RECIPIENT,COD_NUMBER,ROLE_REVERSAL,"seed=PC_0025; context=La semaine dernière,"
PC_0316,COD_CLUSTER,COD_LUI,D4,"La semaine dernière, elle la lui a envoyée.",上周，她把这个发给他了,上周，她把这个发给他了,上周，她把这个发给他们了,上周，她把这些发给他了,上周，他把这个发给她了,RECIPIENT|COD_NUMBER|ROLE_REVERSAL,1.0,1,上周，她把这个发给他了,ENVOYER_QCH_A_QN,COD_COI,la lui,PASSE_COMPOSE,ELLE,LA,LUI,,COD_RECIPIENT,,RECIPIENT,COD_NUMBER,ROLE_REVERSAL,"seed=PC_0026; context=La semaine dernière,"
PC_0317,COD_CLUSTER,LES_LEUR,D4,"La semaine dernière, nous les leur avons montrés.",上周，我们把这些给他们看了,上周，我们把这些给他们看了,上周，我们把这些给他看了,上周，我们把这个给他们看了,上周，他们把这些给我们看了,RECIPIENT|COD_NUMBER|ROLE_REVERSAL,1.0,1,上周，我们把这些给他们看了,MONTRER_QCH_A_QN,COD_COI,les leur,PASSE_COMPOSE,NOUS,LES,LEUR,,COD_RECIPIENT,,RECIPIENT,COD_NUMBER,ROLE_REVERSAL,"seed=PC_0027; context=La semaine dernière,"
PC_0318,COD_CLUSTER,COD_LEUR,D3,"Dans quelques jours, on le leur expliquera.",过几天，我们会给他们解释这个,过几天，我们会给他们解释这个,过几天，我们会给他解释这个,过几天，我们会给他们解释这些,过几天，他们会给我们解释这个,RECIPIENT|COD_NUMBER|ROLE_REVERSAL,1.0,1,过几天，我们会给他们解释这个,EXPLIQUER_QCH_A_QN,COD_COI,le leur,FUTUR_SIMPLE,ON,LE,LEUR,,COD_RECIPIENT,,RECIPIENT,COD_NUMBER,ROLE_REVERSAL,"seed=PC_0028; context=Dans quelques jours,"
PC_0319,COD_CLUSTER,LES_LUI,D4,"La semaine dernière, je les lui ai rendus.",上周，我把这些还给他了,上周，我把这些还给他了,上周，我把这些还给他们了,上周，我把这个还给他了,上周，他把这些还给我了,RECIPIENT|COD_NUMBER|ROLE_REVERSAL,1.0,1,上周，我把这些还给他了,RENDRE_QCH_A_QN,COD_COI,les lui,PASSE_COMPOSE,JE,LES,LUI,,COD_RECIPIENT,,RECIPIENT,COD_NUMBER,ROLE_REVERSAL,"seed=PC_0029; context=La semaine dernière,"
PC_0320,COD_CLUSTER,COD_LEUR,D3,"À présent, il la leur recommande.",现在，他向他们推荐这个,现在，他向他们推荐这个,现在，他向他推荐这个,现在，他向他们推荐这些,现在，他们向他推荐这个,RECIPIENT|COD_NUMBER|ROLE_REVERSAL,1.0,1,现在，他向他们推荐这个,RECOMMANDER_QCH_A_QN,COD_COI,la leur,PRESENT,IL,LA,LEUR,,COD_RECIPIENT,,RECIPIENT,COD_NUMBER,ROLE_REVERSAL,"seed=PC_0030; context=À présent,"
PC_0321,COD_CLUSTER,ME_COD,D3,"À présent, elle me le rappelle souvent.",现在，她经常提醒我这件事,现在，她经常提醒我这件事,现在，她经常提醒他们这件事,现在，她经常提醒我这些事,现在，我经常提醒她这件事,RECIPIENT|COD_NUMBER|ROLE_REVERSAL,1.0,1,现在，她经常提醒我这件事,RAPPELER_QCH_A_QN,OBJ_COD,me le,PRESENT,ELLE,ME,LE,,RECIPIENT_COD,,RECIPIENT,COD_NUMBER,ROLE_REVERSAL,"seed=PC_0031; context=À présent,"
PC_0322,COD_CLUSTER,VOUS_COD,D4,"La semaine dernière, nous vous l'avons déjà dit.",上周，我们已经跟您说过这个了,上周，我们已经跟您说过这个了,上周，我们已经跟他们说过这个了,上周，我们已经跟您说过这些了,上周，您已经跟我们说过这个了,RECIPIENT|COD_NUMBER|ROLE_REVERSAL,1.7,1,上周，我们已经跟您说过这个了,DIRE_QCH_A_QN,OBJ_COD,vous l',PASSE_COMPOSE,NOUS,VOUS,LE_LA,,RECIPIENT_COD,VOUS_L_AVONS,RECIPIENT,COD_NUMBER,ROLE_REVERSAL,"seed=PC_0032; context=La semaine dernière,"
PC_0323,COD_CLUSTER,NOUS_LES,D4,"La semaine dernière, ils nous les ont transmis.",上周，他们把这些转给我们了,上周，他们把这些转给我们了,上周，他们把这些转给他们了,上周，他们把这个转给我们了,上周，我们把这些转给他们了,RECIPIENT|COD_NUMBER|ROLE_REVERSAL,1.0,1,上周，他们把这些转给我们了,TRANSMETTRE_QCH_A_QN,OBJ_COD,nous les,PASSE_COMPOSE,ILS,NOUS,LES,,RECIPIENT_COD,,RECIPIENT,COD_NUMBER,ROLE_REVERSAL,"seed=PC_0033; context=La semaine dernière,"
PC_0324,COD_CLUSTER,TE_LES,D4,"La semaine dernière, je te les ai réservés.",上周，我给你预留了这些,上周，我给你预留了这些,上周，我给他预留了这些,上周，我给你预留了这个,上周，你给我预留了这些,RECIPIENT|COD_NUMBER|ROLE_REVERSAL,1.0,1,上周，我给你预留了这些,RESERVER_QCH_A_QN,OBJ_COD,te les,PASSE_COMPOSE,JE,TE,LES,,RECIPIENT_COD,,RECIPIENT,COD_NUMBER,ROLE_REVERSAL,"seed=PC_0034; context=La semaine dernière,"
PC_0325,COD_CLUSTER,ME_COD,D4,"Le mois dernier, il me l'a expliqué.",上个月，他给我解释了这个,上个月，他给我解释了这个,上个月，他给我们解释了这个,上个月，他给我解释了这些,上个月，我给他解释了这个,RECIPIENT|COD_NUMBER|ROLE_REVERSAL,2.0,1,上个月，他给我解释了这个,EXPLIQUER_QCH_A_QN,OBJ_COD,me l',PASSE_COMPOSE,IL,ME,LE_LA,,RECIPIENT_COD,ME_L_A,RECIPIENT,COD_NUMBER,ROLE_REVERSAL,"seed=PC_0017; context=Le mois dernier,"
PC_0326,COD_CLUSTER,VOUS_COD,D3,"Normalement, je vous le confirme.",通常，我向您确认这个,通常，我向您确认这个,通常，我向他们确认这个,通常，我向您确认这些,通常，您向我确认这个,RECIPIENT|COD_NUMBER|ROLE_REVERSAL,1.0,1,通常，我向您确认这个,CONFIRMER_QCH_A_QN,OBJ_COD,vous le,PRESENT,JE,VOUS,LE,,RECIPIENT_COD,,RECIPIENT,COD_NUMBER,ROLE_REVERSAL,"seed=PC_0018; context=Normalement,"
PC_0327,COD_CLUSTER,NOUS_COD,D4,"Le mois dernier, elle nous l'a envoyé.",上个月，她把这个发给我们了,上个月，她把这个发给我们了,上个月，她把这个发给他们了,上个月，她把这些发给我们了,上个月，我们把这个发给她了,RECIPIENT|COD_NUMBER|ROLE_REVERSAL,1.7,1,上个月，她把这个发给我们了,ENVOYER_QCH_A_QN,OBJ_COD,nous l',PASSE_COMPOSE,ELLE,NOUS,LE_LA,,RECIPIENT_COD,NOUS_L_A,RECIPIENT,COD_NUMBER,ROLE_REVERSAL,"seed=PC_0019; context=Le mois dernier,"
PC_0328,COD_CLUSTER,ME_LES,D3,"Normalement, tu me les montres.",通常，你给我看这些,通常，你给我看这些,通常，你给我们看这些,通常，你给我看这个,通常，我给你看这些,RECIPIENT|COD_NUMBER|ROLE_REVERSAL,1.0,1,通常，你给我看这些,MONTRER_QCH_A_QN,OBJ_COD,me les,PRESENT,TU,ME,LES,,RECIPIENT_COD,,RECIPIENT,COD_NUMBER,ROLE_REVERSAL,"seed=PC_0020; context=Normalement,"
PC_0329,COD_CLUSTER,VOUS_LES,D3,"Dès demain, on vous les donnera demain.",从明天起，我们明天会把这些给您,从明天起，我们明天会把这些给您,从明天起，我们明天会把这些给他们,从明天起，我们明天会把这个给您,从明天起，您明天会把这些给我们,RECIPIENT|COD_NUMBER|ROLE_REVERSAL,1.0,1,从明天起，我们明天会把这些给您,DONNER_QCH_A_QN,OBJ_COD,vous les,FUTUR_SIMPLE,ON,VOUS,LES,,RECIPIENT_COD,,RECIPIENT,COD_NUMBER,ROLE_REVERSAL,"seed=PC_0021; context=Dès demain,"
PC_0330,COD_CLUSTER,TE_COD,D4,"Le mois dernier, je te l'ai laissé.",上个月，我把这个留给你了,上个月，我把这个留给你了,上个月，我把这个留给他了,上个月，我把这些留给你了,上个月，你把这个留给我了,RECIPIENT|COD_NUMBER|ROLE_REVERSAL,1.7,1,上个月，我把这个留给你了,LAISSER_QCH_A_QN,OBJ_COD,te l',PASSE_COMPOSE,JE,TE,LE_LA,,RECIPIENT_COD,TE_L_AI,RECIPIENT,COD_NUMBER,ROLE_REVERSAL,"seed=PC_0022; context=Le mois dernier,"
PC_0331,COD_CLUSTER,NOUS_LES,D4,"Le mois dernier, il nous les a apportés.",上个月，他把这些给我们带来了,上个月，他把这些给我们带来了,上个月，他把这些给他们带来了,上个月，他把这个给我们带来了,上个月，我们把这些给他带来了,RECIPIENT|COD_NUMBER|ROLE_REVERSAL,1.0,1,上个月，他把这些给我们带来了,APPORTER_QCH_A_QN,OBJ_COD,nous les,PASSE_COMPOSE,IL,NOUS,LES,,RECIPIENT_COD,,RECIPIENT,COD_NUMBER,ROLE_REVERSAL,"seed=PC_0023; context=Le mois dernier,"
PC_0332,COD_CLUSTER,ME_COD,D3,"Normalement, vous me la prêtez.",通常，您把这个借给我,通常，您把这个借给我,通常，您把这个借给他们,通常，您把这些借给我,通常，我把这个借给您,RECIPIENT|COD_NUMBER|ROLE_REVERSAL,1.0,1,通常，您把这个借给我,PRETER_QCH_A_QN,OBJ_COD,me la,PRESENT,VOUS,ME,LA,,RECIPIENT_COD,,RECIPIENT,COD_NUMBER,ROLE_REVERSAL,"seed=PC_0024; context=Normalement,"
PC_0333,COD_CLUSTER,COD_LUI,D4,"Le mois dernier, je le lui ai donné.",上个月，我把这个给他了,上个月，我把这个给他了,上个月，我把这个给他们了,上个月，我把这些给他了,上个月，他把这个给我了,RECIPIENT|COD_NUMBER|ROLE_REVERSAL,1.7,1,上个月，我把这个给他了,DONNER_QCH_A_QN,COD_COI,le lui,PASSE_COMPOSE,JE,LE,LUI,,COD_RECIPIENT,LE_LUI_AI,RECIPIENT,COD_NUMBER,ROLE_REVERSAL,"seed=PC_0025; context=Le mois dernier,"
PC_0334,COD_CLUSTER,COD_LUI,D4,"Le mois dernier, elle la lui a envoyée.",上个月，她把这个发给他了,上个月，她把这个发给他了,上个月，她把这个发给他们了,上个月，她把这些发给他了,上个月，他把这个发给她了,RECIPIENT|COD_NUMBER|ROLE_REVERSAL,1.0,1,上个月，她把这个发给他了,ENVOYER_QCH_A_QN,COD_COI,la lui,PASSE_COMPOSE,ELLE,LA,LUI,,COD_RECIPIENT,,RECIPIENT,COD_NUMBER,ROLE_REVERSAL,"seed=PC_0026; context=Le mois dernier,"
PC_0335,COD_CLUSTER,LES_LEUR,D4,"Le mois dernier, nous les leur avons montrés.",上个月，我们把这些给他们看了,上个月，我们把这些给他们看了,上个月，我们把这些给他看了,上个月，我们把这个给他们看了,上个月，他们把这些给我们看了,RECIPIENT|COD_NUMBER|ROLE_REVERSAL,1.0,1,上个月，我们把这些给他们看了,MONTRER_QCH_A_QN,COD_COI,les leur,PASSE_COMPOSE,NOUS,LES,LEUR,,COD_RECIPIENT,,RECIPIENT,COD_NUMBER,ROLE_REVERSAL,"seed=PC_0027; context=Le mois dernier,"
PC_0336,COD_CLUSTER,COD_LEUR,D3,"Dès demain, on le leur expliquera.",从明天起，我们会给他们解释这个,从明天起，我们会给他们解释这个,从明天起，我们会给他解释这个,从明天起，我们会给他们解释这些,从明天起，他们会给我们解释这个,RECIPIENT|COD_NUMBER|ROLE_REVERSAL,1.0,1,从明天起，我们会给他们解释这个,EXPLIQUER_QCH_A_QN,COD_COI,le leur,FUTUR_SIMPLE,ON,LE,LEUR,,COD_RECIPIENT,,RECIPIENT,COD_NUMBER,ROLE_REVERSAL,"seed=PC_0028; context=Dès demain,"
PC_0337,COD_CLUSTER,LES_LUI,D4,"Le mois dernier, je les lui ai rendus.",上个月，我把这些还给他了,上个月，我把这些还给他了,上个月，我把这些还给他们了,上个月，我把这个还给他了,上个月，他把这些还给我了,RECIPIENT|COD_NUMBER|ROLE_REVERSAL,1.0,1,上个月，我把这些还给他了,RENDRE_QCH_A_QN,COD_COI,les lui,PASSE_COMPOSE,JE,LES,LUI,,COD_RECIPIENT,,RECIPIENT,COD_NUMBER,ROLE_REVERSAL,"seed=PC_0029; context=Le mois dernier,"
PC_0338,COD_CLUSTER,COD_LEUR,D3,"Normalement, il la leur recommande.",通常，他向他们推荐这个,通常，他向他们推荐这个,通常，他向他推荐这个,通常，他向他们推荐这些,通常，他们向他推荐这个,RECIPIENT|COD_NUMBER|ROLE_REVERSAL,1.0,1,通常，他向他们推荐这个,RECOMMANDER_QCH_A_QN,COD_COI,la leur,PRESENT,IL,LA,LEUR,,COD_RECIPIENT,,RECIPIENT,COD_NUMBER,ROLE_REVERSAL,"seed=PC_0030; context=Normalement,"
PC_0339,COD_CLUSTER,ME_COD,D3,"Normalement, elle me le rappelle souvent.",通常，她经常提醒我这件事,通常，她经常提醒我这件事,通常，她经常提醒他们这件事,通常，她经常提醒我这些事,通常，我经常提醒她这件事,RECIPIENT|COD_NUMBER|ROLE_REVERSAL,1.0,1,通常，她经常提醒我这件事,RAPPELER_QCH_A_QN,OBJ_COD,me le,PRESENT,ELLE,ME,LE,,RECIPIENT_COD,,RECIPIENT,COD_NUMBER,ROLE_REVERSAL,"seed=PC_0031; context=Normalement,"
PC_0340,COD_CLUSTER,VOUS_COD,D4,"Le mois dernier, nous vous l'avons déjà dit.",上个月，我们已经跟您说过这个了,上个月，我们已经跟您说过这个了,上个月，我们已经跟他们说过这个了,上个月，我们已经跟您说过这些了,上个月，您已经跟我们说过这个了,RECIPIENT|COD_NUMBER|ROLE_REVERSAL,1.7,1,上个月，我们已经跟您说过这个了,DIRE_QCH_A_QN,OBJ_COD,vous l',PASSE_COMPOSE,NOUS,VOUS,LE_LA,,RECIPIENT_COD,VOUS_L_AVONS,RECIPIENT,COD_NUMBER,ROLE_REVERSAL,"seed=PC_0032; context=Le mois dernier,"
PC_0341,COD_CLUSTER,NOUS_LES,D4,"Le mois dernier, ils nous les ont transmis.",上个月，他们把这些转给我们了,上个月，他们把这些转给我们了,上个月，他们把这些转给他们了,上个月，他们把这个转给我们了,上个月，我们把这些转给他们了,RECIPIENT|COD_NUMBER|ROLE_REVERSAL,1.0,1,上个月，他们把这些转给我们了,TRANSMETTRE_QCH_A_QN,OBJ_COD,nous les,PASSE_COMPOSE,ILS,NOUS,LES,,RECIPIENT_COD,,RECIPIENT,COD_NUMBER,ROLE_REVERSAL,"seed=PC_0033; context=Le mois dernier,"
PC_0342,COD_CLUSTER,TE_LES,D4,"Le mois dernier, je te les ai réservés.",上个月，我给你预留了这些,上个月，我给你预留了这些,上个月，我给他预留了这些,上个月，我给你预留了这个,上个月，你给我预留了这些,RECIPIENT|COD_NUMBER|ROLE_REVERSAL,1.0,1,上个月，我给你预留了这些,RESERVER_QCH_A_QN,OBJ_COD,te les,PASSE_COMPOSE,JE,TE,LES,,RECIPIENT_COD,,RECIPIENT,COD_NUMBER,ROLE_REVERSAL,"seed=PC_0034; context=Le mois dernier,"
PC_0343,COD_CLUSTER,ME_COD,D4,"Cette fois, il me l'a expliqué.",这次，他给我解释了这个,这次，他给我解释了这个,这次，他给我们解释了这个,这次，他给我解释了这些,这次，我给他解释了这个,RECIPIENT|COD_NUMBER|ROLE_REVERSAL,2.0,1,这次，他给我解释了这个,EXPLIQUER_QCH_A_QN,OBJ_COD,me l',PASSE_COMPOSE,IL,ME,LE_LA,,RECIPIENT_COD,ME_L_A,RECIPIENT,COD_NUMBER,ROLE_REVERSAL,"seed=PC_0017; context=Cette fois,"
PC_0344,COD_CLUSTER,VOUS_COD,D3,"D'habitude, je vous le confirme.",通常，我向您确认这个,通常，我向您确认这个,通常，我向他们确认这个,通常，我向您确认这些,通常，您向我确认这个,RECIPIENT|COD_NUMBER|ROLE_REVERSAL,1.0,1,通常，我向您确认这个,CONFIRMER_QCH_A_QN,OBJ_COD,vous le,PRESENT,JE,VOUS,LE,,RECIPIENT_COD,,RECIPIENT,COD_NUMBER,ROLE_REVERSAL,"seed=PC_0018; context=D'habitude,"
PC_0345,COD_CLUSTER,NOUS_COD,D4,"Cette fois, elle nous l'a envoyé.",这次，她把这个发给我们了,这次，她把这个发给我们了,这次，她把这个发给他们了,这次，她把这些发给我们了,这次，我们把这个发给她了,RECIPIENT|COD_NUMBER|ROLE_REVERSAL,1.7,1,这次，她把这个发给我们了,ENVOYER_QCH_A_QN,OBJ_COD,nous l',PASSE_COMPOSE,ELLE,NOUS,LE_LA,,RECIPIENT_COD,NOUS_L_A,RECIPIENT,COD_NUMBER,ROLE_REVERSAL,"seed=PC_0019; context=Cette fois,"
PC_0346,COD_CLUSTER,ME_LES,D3,"D'habitude, tu me les montres.",通常，你给我看这些,通常，你给我看这些,通常，你给我们看这些,通常，你给我看这个,通常，我给你看这些,RECIPIENT|COD_NUMBER|ROLE_REVERSAL,1.0,1,通常，你给我看这些,MONTRER_QCH_A_QN,OBJ_COD,me les,PRESENT,TU,ME,LES,,RECIPIENT_COD,,RECIPIENT,COD_NUMBER,ROLE_REVERSAL,"seed=PC_0020; context=D'habitude,"
PC_0347,COD_CLUSTER,VOUS_LES,D3,"Prochainement, on vous les donnera demain.",近期，我们明天会把这些给您,近期，我们明天会把这些给您,近期，我们明天会把这些给他们,近期，我们明天会把这个给您,近期，您明天会把这些给我们,RECIPIENT|COD_NUMBER|ROLE_REVERSAL,1.0,1,近期，我们明天会把这些给您,DONNER_QCH_A_QN,OBJ_COD,vous les,FUTUR_SIMPLE,ON,VOUS,LES,,RECIPIENT_COD,,RECIPIENT,COD_NUMBER,ROLE_REVERSAL,"seed=PC_0021; context=Prochainement,"
PC_0348,COD_CLUSTER,TE_COD,D4,"Cette fois, je te l'ai laissé.",这次，我把这个留给你了,这次，我把这个留给你了,这次，我把这个留给他了,这次，我把这些留给你了,这次，你把这个留给我了,RECIPIENT|COD_NUMBER|ROLE_REVERSAL,1.7,1,这次，我把这个留给你了,LAISSER_QCH_A_QN,OBJ_COD,te l',PASSE_COMPOSE,JE,TE,LE_LA,,RECIPIENT_COD,TE_L_AI,RECIPIENT,COD_NUMBER,ROLE_REVERSAL,"seed=PC_0022; context=Cette fois,"
PC_0349,COD_CLUSTER,NOUS_LES,D4,"Cette fois, il nous les a apportés.",这次，他把这些给我们带来了,这次，他把这些给我们带来了,这次，他把这些给他们带来了,这次，他把这个给我们带来了,这次，我们把这些给他带来了,RECIPIENT|COD_NUMBER|ROLE_REVERSAL,1.0,1,这次，他把这些给我们带来了,APPORTER_QCH_A_QN,OBJ_COD,nous les,PASSE_COMPOSE,IL,NOUS,LES,,RECIPIENT_COD,,RECIPIENT,COD_NUMBER,ROLE_REVERSAL,"seed=PC_0023; context=Cette fois,"
PC_0350,COD_CLUSTER,ME_COD,D3,"D'habitude, vous me la prêtez.",通常，您把这个借给我,通常，您把这个借给我,通常，您把这个借给他们,通常，您把这些借给我,通常，我把这个借给您,RECIPIENT|COD_NUMBER|ROLE_REVERSAL,1.0,1,通常，您把这个借给我,PRETER_QCH_A_QN,OBJ_COD,me la,PRESENT,VOUS,ME,LA,,RECIPIENT_COD,,RECIPIENT,COD_NUMBER,ROLE_REVERSAL,"seed=PC_0024; context=D'habitude,"
PC_0351,COD_CLUSTER,COD_LUI,D4,"Cette fois, je le lui ai donné.",这次，我把这个给他了,这次，我把这个给他了,这次，我把这个给他们了,这次，我把这些给他了,这次，他把这个给我了,RECIPIENT|COD_NUMBER|ROLE_REVERSAL,1.7,1,这次，我把这个给他了,DONNER_QCH_A_QN,COD_COI,le lui,PASSE_COMPOSE,JE,LE,LUI,,COD_RECIPIENT,LE_LUI_AI,RECIPIENT,COD_NUMBER,ROLE_REVERSAL,"seed=PC_0025; context=Cette fois,"
PC_0352,COD_CLUSTER,COD_LUI,D4,"Cette fois, elle la lui a envoyée.",这次，她把这个发给他了,这次，她把这个发给他了,这次，她把这个发给他们了,这次，她把这些发给他了,这次，他把这个发给她了,RECIPIENT|COD_NUMBER|ROLE_REVERSAL,1.0,1,这次，她把这个发给他了,ENVOYER_QCH_A_QN,COD_COI,la lui,PASSE_COMPOSE,ELLE,LA,LUI,,COD_RECIPIENT,,RECIPIENT,COD_NUMBER,ROLE_REVERSAL,"seed=PC_0026; context=Cette fois,"
PC_0353,COD_CLUSTER,LES_LEUR,D4,"Cette fois, nous les leur avons montrés.",这次，我们把这些给他们看了,这次，我们把这些给他们看了,这次，我们把这些给他看了,这次，我们把这个给他们看了,这次，他们把这些给我们看了,RECIPIENT|COD_NUMBER|ROLE_REVERSAL,1.0,1,这次，我们把这些给他们看了,MONTRER_QCH_A_QN,COD_COI,les leur,PASSE_COMPOSE,NOUS,LES,LEUR,,COD_RECIPIENT,,RECIPIENT,COD_NUMBER,ROLE_REVERSAL,"seed=PC_0027; context=Cette fois,"
PC_0354,COD_CLUSTER,COD_LEUR,D3,"Prochainement, on le leur expliquera.",近期，我们会给他们解释这个,近期，我们会给他们解释这个,近期，我们会给他解释这个,近期，我们会给他们解释这些,近期，他们会给我们解释这个,RECIPIENT|COD_NUMBER|ROLE_REVERSAL,1.0,1,近期，我们会给他们解释这个,EXPLIQUER_QCH_A_QN,COD_COI,le leur,FUTUR_SIMPLE,ON,LE,LEUR,,COD_RECIPIENT,,RECIPIENT,COD_NUMBER,ROLE_REVERSAL,"seed=PC_0028; context=Prochainement,"
PC_0355,COD_CLUSTER,LES_LUI,D4,"Cette fois, je les lui ai rendus.",这次，我把这些还给他了,这次，我把这些还给他了,这次，我把这些还给他们了,这次，我把这个还给他了,这次，他把这些还给我了,RECIPIENT|COD_NUMBER|ROLE_REVERSAL,1.0,1,这次，我把这些还给他了,RENDRE_QCH_A_QN,COD_COI,les lui,PASSE_COMPOSE,JE,LES,LUI,,COD_RECIPIENT,,RECIPIENT,COD_NUMBER,ROLE_REVERSAL,"seed=PC_0029; context=Cette fois,"
PC_0356,COD_CLUSTER,COD_LEUR,D3,"D'habitude, il la leur recommande.",通常，他向他们推荐这个,通常，他向他们推荐这个,通常，他向他推荐这个,通常，他向他们推荐这些,通常，他们向他推荐这个,RECIPIENT|COD_NUMBER|ROLE_REVERSAL,1.0,1,通常，他向他们推荐这个,RECOMMANDER_QCH_A_QN,COD_COI,la leur,PRESENT,IL,LA,LEUR,,COD_RECIPIENT,,RECIPIENT,COD_NUMBER,ROLE_REVERSAL,"seed=PC_0030; context=D'habitude,"
PC_0357,COD_CLUSTER,ME_COD,D3,"D'habitude, elle me le rappelle souvent.",通常，她经常提醒我这件事,通常，她经常提醒我这件事,通常，她经常提醒他们这件事,通常，她经常提醒我这些事,通常，我经常提醒她这件事,RECIPIENT|COD_NUMBER|ROLE_REVERSAL,1.0,1,通常，她经常提醒我这件事,RAPPELER_QCH_A_QN,OBJ_COD,me le,PRESENT,ELLE,ME,LE,,RECIPIENT_COD,,RECIPIENT,COD_NUMBER,ROLE_REVERSAL,"seed=PC_0031; context=D'habitude,"
PC_0358,COD_CLUSTER,VOUS_COD,D4,"Cette fois, nous vous l'avons déjà dit.",这次，我们已经跟您说过这个了,这次，我们已经跟您说过这个了,这次，我们已经跟他们说过这个了,这次，我们已经跟您说过这些了,这次，您已经跟我们说过这个了,RECIPIENT|COD_NUMBER|ROLE_REVERSAL,1.7,1,这次，我们已经跟您说过这个了,DIRE_QCH_A_QN,OBJ_COD,vous l',PASSE_COMPOSE,NOUS,VOUS,LE_LA,,RECIPIENT_COD,VOUS_L_AVONS,RECIPIENT,COD_NUMBER,ROLE_REVERSAL,"seed=PC_0032; context=Cette fois,"
PC_0359,COD_CLUSTER,NOUS_LES,D4,"Cette fois, ils nous les ont transmis.",这次，他们把这些转给我们了,这次，他们把这些转给我们了,这次，他们把这些转给他们了,这次，他们把这个转给我们了,这次，我们把这些转给他们了,RECIPIENT|COD_NUMBER|ROLE_REVERSAL,1.0,1,这次，他们把这些转给我们了,TRANSMETTRE_QCH_A_QN,OBJ_COD,nous les,PASSE_COMPOSE,ILS,NOUS,LES,,RECIPIENT_COD,,RECIPIENT,COD_NUMBER,ROLE_REVERSAL,"seed=PC_0033; context=Cette fois,"
PC_0360,COD_CLUSTER,TE_LES,D4,"Cette fois, je te les ai réservés.",这次，我给你预留了这些,这次，我给你预留了这些,这次，我给他预留了这些,这次，我给你预留了这个,这次，你给我预留了这些,RECIPIENT|COD_NUMBER|ROLE_REVERSAL,1.0,1,这次，我给你预留了这些,RESERVER_QCH_A_QN,OBJ_COD,te les,PASSE_COMPOSE,JE,TE,LES,,RECIPIENT_COD,,RECIPIENT,COD_NUMBER,ROLE_REVERSAL,"seed=PC_0034; context=Cette fois,"
PC_0361,COD_CLUSTER,ME_COD,D4,"Finalement, il me l'a expliqué.",最后，他给我解释了这个,最后，他给我解释了这个,最后，他给我们解释了这个,最后，他给我解释了这些,最后，我给他解释了这个,RECIPIENT|COD_NUMBER|ROLE_REVERSAL,2.0,1,最后，他给我解释了这个,EXPLIQUER_QCH_A_QN,OBJ_COD,me l',PASSE_COMPOSE,IL,ME,LE_LA,,RECIPIENT_COD,ME_L_A,RECIPIENT,COD_NUMBER,ROLE_REVERSAL,"seed=PC_0017; context=Finalement,"
PC_0362,COD_CLUSTER,VOUS_COD,D3,"En général, je vous le confirme.",一般来说，我向您确认这个,一般来说，我向您确认这个,一般来说，我向他们确认这个,一般来说，我向您确认这些,一般来说，您向我确认这个,RECIPIENT|COD_NUMBER|ROLE_REVERSAL,1.0,1,一般来说，我向您确认这个,CONFIRMER_QCH_A_QN,OBJ_COD,vous le,PRESENT,JE,VOUS,LE,,RECIPIENT_COD,,RECIPIENT,COD_NUMBER,ROLE_REVERSAL,"seed=PC_0018; context=En général,"
PC_0363,COD_CLUSTER,NOUS_COD,D4,"Finalement, elle nous l'a envoyé.",最后，她把这个发给我们了,最后，她把这个发给我们了,最后，她把这个发给他们了,最后，她把这些发给我们了,最后，我们把这个发给她了,RECIPIENT|COD_NUMBER|ROLE_REVERSAL,1.7,1,最后，她把这个发给我们了,ENVOYER_QCH_A_QN,OBJ_COD,nous l',PASSE_COMPOSE,ELLE,NOUS,LE_LA,,RECIPIENT_COD,NOUS_L_A,RECIPIENT,COD_NUMBER,ROLE_REVERSAL,"seed=PC_0019; context=Finalement,"
PC_0364,COD_CLUSTER,ME_LES,D3,"En général, tu me les montres.",一般来说，你给我看这些,一般来说，你给我看这些,一般来说，你给我们看这些,一般来说，你给我看这个,一般来说，我给你看这些,RECIPIENT|COD_NUMBER|ROLE_REVERSAL,1.0,1,一般来说，你给我看这些,MONTRER_QCH_A_QN,OBJ_COD,me les,PRESENT,TU,ME,LES,,RECIPIENT_COD,,RECIPIENT,COD_NUMBER,ROLE_REVERSAL,"seed=PC_0020; context=En général,"
PC_0365,COD_CLUSTER,VOUS_LES,D3,"À l'avenir, on vous les donnera demain.",以后，我们明天会把这些给您,以后，我们明天会把这些给您,以后，我们明天会把这些给他们,以后，我们明天会把这个给您,以后，您明天会把这些给我们,RECIPIENT|COD_NUMBER|ROLE_REVERSAL,1.0,1,以后，我们明天会把这些给您,DONNER_QCH_A_QN,OBJ_COD,vous les,FUTUR_SIMPLE,ON,VOUS,LES,,RECIPIENT_COD,,RECIPIENT,COD_NUMBER,ROLE_REVERSAL,"seed=PC_0021; context=À l'avenir,"
PC_0366,COD_CLUSTER,TE_COD,D4,"Finalement, je te l'ai laissé.",最后，我把这个留给你了,最后，我把这个留给你了,最后，我把这个留给他了,最后，我把这些留给你了,最后，你把这个留给我了,RECIPIENT|COD_NUMBER|ROLE_REVERSAL,1.7,1,最后，我把这个留给你了,LAISSER_QCH_A_QN,OBJ_COD,te l',PASSE_COMPOSE,JE,TE,LE_LA,,RECIPIENT_COD,TE_L_AI,RECIPIENT,COD_NUMBER,ROLE_REVERSAL,"seed=PC_0022; context=Finalement,"
PC_0367,COD_CLUSTER,NOUS_LES,D4,"Finalement, il nous les a apportés.",最后，他把这些给我们带来了,最后，他把这些给我们带来了,最后，他把这些给他们带来了,最后，他把这个给我们带来了,最后，我们把这些给他带来了,RECIPIENT|COD_NUMBER|ROLE_REVERSAL,1.0,1,最后，他把这些给我们带来了,APPORTER_QCH_A_QN,OBJ_COD,nous les,PASSE_COMPOSE,IL,NOUS,LES,,RECIPIENT_COD,,RECIPIENT,COD_NUMBER,ROLE_REVERSAL,"seed=PC_0023; context=Finalement,"
PC_0368,COD_CLUSTER,ME_COD,D3,"En général, vous me la prêtez.",一般来说，您把这个借给我,一般来说，您把这个借给我,一般来说，您把这个借给他们,一般来说，您把这些借给我,一般来说，我把这个借给您,RECIPIENT|COD_NUMBER|ROLE_REVERSAL,1.0,1,一般来说，您把这个借给我,PRETER_QCH_A_QN,OBJ_COD,me la,PRESENT,VOUS,ME,LA,,RECIPIENT_COD,,RECIPIENT,COD_NUMBER,ROLE_REVERSAL,"seed=PC_0024; context=En général,"
PC_0369,COD_CLUSTER,COD_LUI,D4,"Finalement, je le lui ai donné.",最后，我把这个给他了,最后，我把这个给他了,最后，我把这个给他们了,最后，我把这些给他了,最后，他把这个给我了,RECIPIENT|COD_NUMBER|ROLE_REVERSAL,1.7,1,最后，我把这个给他了,DONNER_QCH_A_QN,COD_COI,le lui,PASSE_COMPOSE,JE,LE,LUI,,COD_RECIPIENT,LE_LUI_AI,RECIPIENT,COD_NUMBER,ROLE_REVERSAL,"seed=PC_0025; context=Finalement,"
PC_0370,COD_CLUSTER,COD_LUI,D4,"Finalement, elle la lui a envoyée.",最后，她把这个发给他了,最后，她把这个发给他了,最后，她把这个发给他们了,最后，她把这些发给他了,最后，他把这个发给她了,RECIPIENT|COD_NUMBER|ROLE_REVERSAL,1.0,1,最后，她把这个发给他了,ENVOYER_QCH_A_QN,COD_COI,la lui,PASSE_COMPOSE,ELLE,LA,LUI,,COD_RECIPIENT,,RECIPIENT,COD_NUMBER,ROLE_REVERSAL,"seed=PC_0026; context=Finalement,"
PC_0371,COD_CLUSTER,LES_LEUR,D4,"Finalement, nous les leur avons montrés.",最后，我们把这些给他们看了,最后，我们把这些给他们看了,最后，我们把这些给他看了,最后，我们把这个给他们看了,最后，他们把这些给我们看了,RECIPIENT|COD_NUMBER|ROLE_REVERSAL,1.0,1,最后，我们把这些给他们看了,MONTRER_QCH_A_QN,COD_COI,les leur,PASSE_COMPOSE,NOUS,LES,LEUR,,COD_RECIPIENT,,RECIPIENT,COD_NUMBER,ROLE_REVERSAL,"seed=PC_0027; context=Finalement,"
PC_0372,COD_CLUSTER,COD_LEUR,D3,"À l'avenir, on le leur expliquera.",以后，我们会给他们解释这个,以后，我们会给他们解释这个,以后，我们会给他解释这个,以后，我们会给他们解释这些,以后，他们会给我们解释这个,RECIPIENT|COD_NUMBER|ROLE_REVERSAL,1.0,1,以后，我们会给他们解释这个,EXPLIQUER_QCH_A_QN,COD_COI,le leur,FUTUR_SIMPLE,ON,LE,LEUR,,COD_RECIPIENT,,RECIPIENT,COD_NUMBER,ROLE_REVERSAL,"seed=PC_0028; context=À l'avenir,"
PC_0373,COD_CLUSTER,LES_LUI,D4,"Finalement, je les lui ai rendus.",最后，我把这些还给他了,最后，我把这些还给他了,最后，我把这些还给他们了,最后，我把这个还给他了,最后，他把这些还给我了,RECIPIENT|COD_NUMBER|ROLE_REVERSAL,1.0,1,最后，我把这些还给他了,RENDRE_QCH_A_QN,COD_COI,les lui,PASSE_COMPOSE,JE,LES,LUI,,COD_RECIPIENT,,RECIPIENT,COD_NUMBER,ROLE_REVERSAL,"seed=PC_0029; context=Finalement,"
PC_0374,COD_CLUSTER,COD_LEUR,D3,"En général, il la leur recommande.",一般来说，他向他们推荐这个,一般来说，他向他们推荐这个,一般来说，他向他推荐这个,一般来说，他向他们推荐这些,一般来说，他们向他推荐这个,RECIPIENT|COD_NUMBER|ROLE_REVERSAL,1.0,1,一般来说，他向他们推荐这个,RECOMMANDER_QCH_A_QN,COD_COI,la leur,PRESENT,IL,LA,LEUR,,COD_RECIPIENT,,RECIPIENT,COD_NUMBER,ROLE_REVERSAL,"seed=PC_0030; context=En général,"
PC_0375,COD_CLUSTER,ME_COD,D3,"En général, elle me le rappelle souvent.",一般来说，她经常提醒我这件事,一般来说，她经常提醒我这件事,一般来说，她经常提醒他们这件事,一般来说，她经常提醒我这些事,一般来说，我经常提醒她这件事,RECIPIENT|COD_NUMBER|ROLE_REVERSAL,1.0,1,一般来说，她经常提醒我这件事,RAPPELER_QCH_A_QN,OBJ_COD,me le,PRESENT,ELLE,ME,LE,,RECIPIENT_COD,,RECIPIENT,COD_NUMBER,ROLE_REVERSAL,"seed=PC_0031; context=En général,"
PC_0376,COD_CLUSTER,VOUS_COD,D4,"Finalement, nous vous l'avons déjà dit.",最后，我们已经跟您说过这个了,最后，我们已经跟您说过这个了,最后，我们已经跟他们说过这个了,最后，我们已经跟您说过这些了,最后，您已经跟我们说过这个了,RECIPIENT|COD_NUMBER|ROLE_REVERSAL,1.7,1,最后，我们已经跟您说过这个了,DIRE_QCH_A_QN,OBJ_COD,vous l',PASSE_COMPOSE,NOUS,VOUS,LE_LA,,RECIPIENT_COD,VOUS_L_AVONS,RECIPIENT,COD_NUMBER,ROLE_REVERSAL,"seed=PC_0032; context=Finalement,"
PC_0377,COD_CLUSTER,NOUS_LES,D4,"Finalement, ils nous les ont transmis.",最后，他们把这些转给我们了,最后，他们把这些转给我们了,最后，他们把这些转给他们了,最后，他们把这个转给我们了,最后，我们把这些转给他们了,RECIPIENT|COD_NUMBER|ROLE_REVERSAL,1.0,1,最后，他们把这些转给我们了,TRANSMETTRE_QCH_A_QN,OBJ_COD,nous les,PASSE_COMPOSE,ILS,NOUS,LES,,RECIPIENT_COD,,RECIPIENT,COD_NUMBER,ROLE_REVERSAL,"seed=PC_0033; context=Finalement,"
PC_0378,COD_CLUSTER,TE_LES,D4,"Finalement, je te les ai réservés.",最后，我给你预留了这些,最后，我给你预留了这些,最后，我给他预留了这些,最后，我给你预留了这个,最后，你给我预留了这些,RECIPIENT|COD_NUMBER|ROLE_REVERSAL,1.0,1,最后，我给你预留了这些,RESERVER_QCH_A_QN,OBJ_COD,te les,PASSE_COMPOSE,JE,TE,LES,,RECIPIENT_COD,,RECIPIENT,COD_NUMBER,ROLE_REVERSAL,"seed=PC_0034; context=Finalement,"
PC_0379,COD_CLUSTER,ME_COD,D4,"Tout à l'heure, il me l'a expliqué.",刚才，他给我解释了这个,刚才，他给我解释了这个,刚才，他给我们解释了这个,刚才，他给我解释了这些,刚才，我给他解释了这个,RECIPIENT|COD_NUMBER|ROLE_REVERSAL,2.0,1,刚才，他给我解释了这个,EXPLIQUER_QCH_A_QN,OBJ_COD,me l',PASSE_COMPOSE,IL,ME,LE_LA,,RECIPIENT_COD,ME_L_A,RECIPIENT,COD_NUMBER,ROLE_REVERSAL,"seed=PC_0017; context=Tout à l'heure,"
PC_0380,COD_CLUSTER,VOUS_COD,D3,"Souvent, je vous le confirme.",经常，我向您确认这个,经常，我向您确认这个,经常，我向他们确认这个,经常，我向您确认这些,经常，您向我确认这个,RECIPIENT|COD_NUMBER|ROLE_REVERSAL,1.0,1,经常，我向您确认这个,CONFIRMER_QCH_A_QN,OBJ_COD,vous le,PRESENT,JE,VOUS,LE,,RECIPIENT_COD,,RECIPIENT,COD_NUMBER,ROLE_REVERSAL,"seed=PC_0018; context=Souvent,"
PC_0381,COD_CLUSTER,NOUS_COD,D4,"Tout à l'heure, elle nous l'a envoyé.",刚才，她把这个发给我们了,刚才，她把这个发给我们了,刚才，她把这个发给他们了,刚才，她把这些发给我们了,刚才，我们把这个发给她了,RECIPIENT|COD_NUMBER|ROLE_REVERSAL,1.7,1,刚才，她把这个发给我们了,ENVOYER_QCH_A_QN,OBJ_COD,nous l',PASSE_COMPOSE,ELLE,NOUS,LE_LA,,RECIPIENT_COD,NOUS_L_A,RECIPIENT,COD_NUMBER,ROLE_REVERSAL,"seed=PC_0019; context=Tout à l'heure,"
PC_0382,COD_CLUSTER,ME_LES,D3,"Souvent, tu me les montres.",经常，你给我看这些,经常，你给我看这些,经常，你给我们看这些,经常，你给我看这个,经常，我给你看这些,RECIPIENT|COD_NUMBER|ROLE_REVERSAL,1.0,1,经常，你给我看这些,MONTRER_QCH_A_QN,OBJ_COD,me les,PRESENT,TU,ME,LES,,RECIPIENT_COD,,RECIPIENT,COD_NUMBER,ROLE_REVERSAL,"seed=PC_0020; context=Souvent,"
PC_0383,COD_CLUSTER,VOUS_LES,D3,"Cette fois, on vous les donnera demain.",这次，我们明天会把这些给您,这次，我们明天会把这些给您,这次，我们明天会把这些给他们,这次，我们明天会把这个给您,这次，您明天会把这些给我们,RECIPIENT|COD_NUMBER|ROLE_REVERSAL,1.0,1,这次，我们明天会把这些给您,DONNER_QCH_A_QN,OBJ_COD,vous les,FUTUR_SIMPLE,ON,VOUS,LES,,RECIPIENT_COD,,RECIPIENT,COD_NUMBER,ROLE_REVERSAL,"seed=PC_0021; context=Cette fois,"
PC_0384,COD_CLUSTER,TE_COD,D4,"Tout à l'heure, je te l'ai laissé.",刚才，我把这个留给你了,刚才，我把这个留给你了,刚才，我把这个留给他了,刚才，我把这些留给你了,刚才，你把这个留给我了,RECIPIENT|COD_NUMBER|ROLE_REVERSAL,1.7,1,刚才，我把这个留给你了,LAISSER_QCH_A_QN,OBJ_COD,te l',PASSE_COMPOSE,JE,TE,LE_LA,,RECIPIENT_COD,TE_L_AI,RECIPIENT,COD_NUMBER,ROLE_REVERSAL,"seed=PC_0022; context=Tout à l'heure,"
PC_0385,COD_CLUSTER,NOUS_LES,D4,"Tout à l'heure, il nous les a apportés.",刚才，他把这些给我们带来了,刚才，他把这些给我们带来了,刚才，他把这些给他们带来了,刚才，他把这个给我们带来了,刚才，我们把这些给他带来了,RECIPIENT|COD_NUMBER|ROLE_REVERSAL,1.0,1,刚才，他把这些给我们带来了,APPORTER_QCH_A_QN,OBJ_COD,nous les,PASSE_COMPOSE,IL,NOUS,LES,,RECIPIENT_COD,,RECIPIENT,COD_NUMBER,ROLE_REVERSAL,"seed=PC_0023; context=Tout à l'heure,"
PC_0386,COD_CLUSTER,ME_COD,D3,"Souvent, vous me la prêtez.",经常，您把这个借给我,经常，您把这个借给我,经常，您把这个借给他们,经常，您把这些借给我,经常，我把这个借给您,RECIPIENT|COD_NUMBER|ROLE_REVERSAL,1.0,1,经常，您把这个借给我,PRETER_QCH_A_QN,OBJ_COD,me la,PRESENT,VOUS,ME,LA,,RECIPIENT_COD,,RECIPIENT,COD_NUMBER,ROLE_REVERSAL,"seed=PC_0024; context=Souvent,"
PC_0387,COD_CLUSTER,COD_LUI,D4,"Tout à l'heure, je le lui ai donné.",刚才，我把这个给他了,刚才，我把这个给他了,刚才，我把这个给他们了,刚才，我把这些给他了,刚才，他把这个给我了,RECIPIENT|COD_NUMBER|ROLE_REVERSAL,1.7,1,刚才，我把这个给他了,DONNER_QCH_A_QN,COD_COI,le lui,PASSE_COMPOSE,JE,LE,LUI,,COD_RECIPIENT,LE_LUI_AI,RECIPIENT,COD_NUMBER,ROLE_REVERSAL,"seed=PC_0025; context=Tout à l'heure,"
PC_0388,COD_CLUSTER,COD_LUI,D4,"Tout à l'heure, elle la lui a envoyée.",刚才，她把这个发给他了,刚才，她把这个发给他了,刚才，她把这个发给他们了,刚才，她把这些发给他了,刚才，他把这个发给她了,RECIPIENT|COD_NUMBER|ROLE_REVERSAL,1.0,1,刚才，她把这个发给他了,ENVOYER_QCH_A_QN,COD_COI,la lui,PASSE_COMPOSE,ELLE,LA,LUI,,COD_RECIPIENT,,RECIPIENT,COD_NUMBER,ROLE_REVERSAL,"seed=PC_0026; context=Tout à l'heure,"
PC_0389,COD_CLUSTER,LES_LEUR,D4,"Tout à l'heure, nous les leur avons montrés.",刚才，我们把这些给他们看了,刚才，我们把这些给他们看了,刚才，我们把这些给他看了,刚才，我们把这个给他们看了,刚才，他们把这些给我们看了,RECIPIENT|COD_NUMBER|ROLE_REVERSAL,1.0,1,刚才，我们把这些给他们看了,MONTRER_QCH_A_QN,COD_COI,les leur,PASSE_COMPOSE,NOUS,LES,LEUR,,COD_RECIPIENT,,RECIPIENT,COD_NUMBER,ROLE_REVERSAL,"seed=PC_0027; context=Tout à l'heure,"
PC_0390,COD_CLUSTER,COD_LEUR,D3,"Cette fois, on le leur expliquera.",这次，我们会给他们解释这个,这次，我们会给他们解释这个,这次，我们会给他解释这个,这次，我们会给他们解释这些,这次，他们会给我们解释这个,RECIPIENT|COD_NUMBER|ROLE_REVERSAL,1.0,1,这次，我们会给他们解释这个,EXPLIQUER_QCH_A_QN,COD_COI,le leur,FUTUR_SIMPLE,ON,LE,LEUR,,COD_RECIPIENT,,RECIPIENT,COD_NUMBER,ROLE_REVERSAL,"seed=PC_0028; context=Cette fois,"
PC_0391,COD_CLUSTER,LES_LUI,D4,"Tout à l'heure, je les lui ai rendus.",刚才，我把这些还给他了,刚才，我把这些还给他了,刚才，我把这些还给他们了,刚才，我把这个还给他了,刚才，他把这些还给我了,RECIPIENT|COD_NUMBER|ROLE_REVERSAL,1.0,1,刚才，我把这些还给他了,RENDRE_QCH_A_QN,COD_COI,les lui,PASSE_COMPOSE,JE,LES,LUI,,COD_RECIPIENT,,RECIPIENT,COD_NUMBER,ROLE_REVERSAL,"seed=PC_0029; context=Tout à l'heure,"
PC_0392,COD_CLUSTER,COD_LEUR,D3,"Souvent, il la leur recommande.",经常，他向他们推荐这个,经常，他向他们推荐这个,经常，他向他推荐这个,经常，他向他们推荐这些,经常，他们向他推荐这个,RECIPIENT|COD_NUMBER|ROLE_REVERSAL,1.0,1,经常，他向他们推荐这个,RECOMMANDER_QCH_A_QN,COD_COI,la leur,PRESENT,IL,LA,LEUR,,COD_RECIPIENT,,RECIPIENT,COD_NUMBER,ROLE_REVERSAL,"seed=PC_0030; context=Souvent,"
PC_0393,COD_CLUSTER,ME_COD,D3,"Souvent, elle me le rappelle souvent.",经常，她经常提醒我这件事,经常，她经常提醒我这件事,经常，她经常提醒他们这件事,经常，她经常提醒我这些事,经常，我经常提醒她这件事,RECIPIENT|COD_NUMBER|ROLE_REVERSAL,1.0,1,经常，她经常提醒我这件事,RAPPELER_QCH_A_QN,OBJ_COD,me le,PRESENT,ELLE,ME,LE,,RECIPIENT_COD,,RECIPIENT,COD_NUMBER,ROLE_REVERSAL,"seed=PC_0031; context=Souvent,"
PC_0394,COD_CLUSTER,VOUS_COD,D4,"Tout à l'heure, nous vous l'avons déjà dit.",刚才，我们已经跟您说过这个了,刚才，我们已经跟您说过这个了,刚才，我们已经跟他们说过这个了,刚才，我们已经跟您说过这些了,刚才，您已经跟我们说过这个了,RECIPIENT|COD_NUMBER|ROLE_REVERSAL,1.7,1,刚才，我们已经跟您说过这个了,DIRE_QCH_A_QN,OBJ_COD,vous l',PASSE_COMPOSE,NOUS,VOUS,LE_LA,,RECIPIENT_COD,VOUS_L_AVONS,RECIPIENT,COD_NUMBER,ROLE_REVERSAL,"seed=PC_0032; context=Tout à l'heure,"
PC_0395,COD_CLUSTER,NOUS_LES,D4,"Tout à l'heure, ils nous les ont transmis.",刚才，他们把这些转给我们了,刚才，他们把这些转给我们了,刚才，他们把这些转给他们了,刚才，他们把这个转给我们了,刚才，我们把这些转给他们了,RECIPIENT|COD_NUMBER|ROLE_REVERSAL,1.0,1,刚才，他们把这些转给我们了,TRANSMETTRE_QCH_A_QN,OBJ_COD,nous les,PASSE_COMPOSE,ILS,NOUS,LES,,RECIPIENT_COD,,RECIPIENT,COD_NUMBER,ROLE_REVERSAL,"seed=PC_0033; context=Tout à l'heure,"
PC_0396,COD_CLUSTER,TE_LES,D4,"Tout à l'heure, je te les ai réservés.",刚才，我给你预留了这些,刚才，我给你预留了这些,刚才，我给他预留了这些,刚才，我给你预留了这个,刚才，你给我预留了这些,RECIPIENT|COD_NUMBER|ROLE_REVERSAL,1.0,1,刚才，我给你预留了这些,RESERVER_QCH_A_QN,OBJ_COD,te les,PASSE_COMPOSE,JE,TE,LES,,RECIPIENT_COD,,RECIPIENT,COD_NUMBER,ROLE_REVERSAL,"seed=PC_0034; context=Tout à l'heure,"
PC_0397,COD_CLUSTER,ME_COD,D4,"Aujourd'hui, il me l'a expliqué.",今天，他给我解释了这个,今天，他给我解释了这个,今天，他给我们解释了这个,今天，他给我解释了这些,今天，我给他解释了这个,RECIPIENT|COD_NUMBER|ROLE_REVERSAL,2.0,1,今天，他给我解释了这个,EXPLIQUER_QCH_A_QN,OBJ_COD,me l',PASSE_COMPOSE,IL,ME,LE_LA,,RECIPIENT_COD,ME_L_A,RECIPIENT,COD_NUMBER,ROLE_REVERSAL,"seed=PC_0017; context=Aujourd'hui,"
PC_0398,COD_CLUSTER,VOUS_COD,D3,"Parfois, je vous le confirme.",有时候，我向您确认这个,有时候，我向您确认这个,有时候，我向他们确认这个,有时候，我向您确认这些,有时候，您向我确认这个,RECIPIENT|COD_NUMBER|ROLE_REVERSAL,1.0,1,有时候，我向您确认这个,CONFIRMER_QCH_A_QN,OBJ_COD,vous le,PRESENT,JE,VOUS,LE,,RECIPIENT_COD,,RECIPIENT,COD_NUMBER,ROLE_REVERSAL,"seed=PC_0018; context=Parfois,"
PC_0399,COD_CLUSTER,NOUS_COD,D4,"Aujourd'hui, elle nous l'a envoyé.",今天，她把这个发给我们了,今天，她把这个发给我们了,今天，她把这个发给他们了,今天，她把这些发给我们了,今天，我们把这个发给她了,RECIPIENT|COD_NUMBER|ROLE_REVERSAL,1.7,1,今天，她把这个发给我们了,ENVOYER_QCH_A_QN,OBJ_COD,nous l',PASSE_COMPOSE,ELLE,NOUS,LE_LA,,RECIPIENT_COD,NOUS_L_A,RECIPIENT,COD_NUMBER,ROLE_REVERSAL,"seed=PC_0019; context=Aujourd'hui,"
PC_0400,COD_CLUSTER,ME_LES,D3,"Parfois, tu me les montres.",有时候，你给我看这些,有时候，你给我看这些,有时候，你给我们看这些,有时候，你给我看这个,有时候，我给你看这些,RECIPIENT|COD_NUMBER|ROLE_REVERSAL,1.0,1,有时候，你给我看这些,MONTRER_QCH_A_QN,OBJ_COD,me les,PRESENT,TU,ME,LES,,RECIPIENT_COD,,RECIPIENT,COD_NUMBER,ROLE_REVERSAL,"seed=PC_0020; context=Parfois,"
PC_0401,COD_CLUSTER,VOUS_LES,D3,"Un peu plus tard, on vous les donnera demain.",晚些时候，我们明天会把这些给您,晚些时候，我们明天会把这些给您,晚些时候，我们明天会把这些给他们,晚些时候，我们明天会把这个给您,晚些时候，您明天会把这些给我们,RECIPIENT|COD_NUMBER|ROLE_REVERSAL,1.0,1,晚些时候，我们明天会把这些给您,DONNER_QCH_A_QN,OBJ_COD,vous les,FUTUR_SIMPLE,ON,VOUS,LES,,RECIPIENT_COD,,RECIPIENT,COD_NUMBER,ROLE_REVERSAL,"seed=PC_0021; context=Un peu plus tard,"
PC_0402,COD_CLUSTER,TE_COD,D4,"Aujourd'hui, je te l'ai laissé.",今天，我把这个留给你了,今天，我把这个留给你了,今天，我把这个留给他了,今天，我把这些留给你了,今天，你把这个留给我了,RECIPIENT|COD_NUMBER|ROLE_REVERSAL,1.7,1,今天，我把这个留给你了,LAISSER_QCH_A_QN,OBJ_COD,te l',PASSE_COMPOSE,JE,TE,LE_LA,,RECIPIENT_COD,TE_L_AI,RECIPIENT,COD_NUMBER,ROLE_REVERSAL,"seed=PC_0022; context=Aujourd'hui,"
PC_0403,COD_CLUSTER,NOUS_LES,D4,"Aujourd'hui, il nous les a apportés.",今天，他把这些给我们带来了,今天，他把这些给我们带来了,今天，他把这些给他们带来了,今天，他把这个给我们带来了,今天，我们把这些给他带来了,RECIPIENT|COD_NUMBER|ROLE_REVERSAL,1.0,1,今天，他把这些给我们带来了,APPORTER_QCH_A_QN,OBJ_COD,nous les,PASSE_COMPOSE,IL,NOUS,LES,,RECIPIENT_COD,,RECIPIENT,COD_NUMBER,ROLE_REVERSAL,"seed=PC_0023; context=Aujourd'hui,"
PC_0404,COD_CLUSTER,ME_COD,D3,"Parfois, vous me la prêtez.",有时候，您把这个借给我,有时候，您把这个借给我,有时候，您把这个借给他们,有时候，您把这些借给我,有时候，我把这个借给您,RECIPIENT|COD_NUMBER|ROLE_REVERSAL,1.0,1,有时候，您把这个借给我,PRETER_QCH_A_QN,OBJ_COD,me la,PRESENT,VOUS,ME,LA,,RECIPIENT_COD,,RECIPIENT,COD_NUMBER,ROLE_REVERSAL,"seed=PC_0024; context=Parfois,"
PC_0405,COD_CLUSTER,COD_LUI,D4,"Aujourd'hui, je le lui ai donné.",今天，我把这个给他了,今天，我把这个给他了,今天，我把这个给他们了,今天，我把这些给他了,今天，他把这个给我了,RECIPIENT|COD_NUMBER|ROLE_REVERSAL,1.7,1,今天，我把这个给他了,DONNER_QCH_A_QN,COD_COI,le lui,PASSE_COMPOSE,JE,LE,LUI,,COD_RECIPIENT,LE_LUI_AI,RECIPIENT,COD_NUMBER,ROLE_REVERSAL,"seed=PC_0025; context=Aujourd'hui,"
PC_0406,COD_CLUSTER,COD_LUI,D4,"Aujourd'hui, elle la lui a envoyée.",今天，她把这个发给他了,今天，她把这个发给他了,今天，她把这个发给他们了,今天，她把这些发给他了,今天，他把这个发给她了,RECIPIENT|COD_NUMBER|ROLE_REVERSAL,1.0,1,今天，她把这个发给他了,ENVOYER_QCH_A_QN,COD_COI,la lui,PASSE_COMPOSE,ELLE,LA,LUI,,COD_RECIPIENT,,RECIPIENT,COD_NUMBER,ROLE_REVERSAL,"seed=PC_0026; context=Aujourd'hui,"
PC_0407,COD_CLUSTER,LES_LEUR,D4,"Aujourd'hui, nous les leur avons montrés.",今天，我们把这些给他们看了,今天，我们把这些给他们看了,今天，我们把这些给他看了,今天，我们把这个给他们看了,今天，他们把这些给我们看了,RECIPIENT|COD_NUMBER|ROLE_REVERSAL,1.0,1,今天，我们把这些给他们看了,MONTRER_QCH_A_QN,COD_COI,les leur,PASSE_COMPOSE,NOUS,LES,LEUR,,COD_RECIPIENT,,RECIPIENT,COD_NUMBER,ROLE_REVERSAL,"seed=PC_0027; context=Aujourd'hui,"
PC_0408,COD_CLUSTER,COD_LEUR,D3,"Un peu plus tard, on le leur expliquera.",晚些时候，我们会给他们解释这个,晚些时候，我们会给他们解释这个,晚些时候，我们会给他解释这个,晚些时候，我们会给他们解释这些,晚些时候，他们会给我们解释这个,RECIPIENT|COD_NUMBER|ROLE_REVERSAL,1.0,1,晚些时候，我们会给他们解释这个,EXPLIQUER_QCH_A_QN,COD_COI,le leur,FUTUR_SIMPLE,ON,LE,LEUR,,COD_RECIPIENT,,RECIPIENT,COD_NUMBER,ROLE_REVERSAL,"seed=PC_0028; context=Un peu plus tard,"
PC_0409,COD_CLUSTER,LES_LUI,D4,"Aujourd'hui, je les lui ai rendus.",今天，我把这些还给他了,今天，我把这些还给他了,今天，我把这些还给他们了,今天，我把这个还给他了,今天，他把这些还给我了,RECIPIENT|COD_NUMBER|ROLE_REVERSAL,1.0,1,今天，我把这些还给他了,RENDRE_QCH_A_QN,COD_COI,les lui,PASSE_COMPOSE,JE,LES,LUI,,COD_RECIPIENT,,RECIPIENT,COD_NUMBER,ROLE_REVERSAL,"seed=PC_0029; context=Aujourd'hui,"
PC_0410,COD_CLUSTER,COD_LEUR,D3,"Parfois, il la leur recommande.",有时候，他向他们推荐这个,有时候，他向他们推荐这个,有时候，他向他推荐这个,有时候，他向他们推荐这些,有时候，他们向他推荐这个,RECIPIENT|COD_NUMBER|ROLE_REVERSAL,1.0,1,有时候，他向他们推荐这个,RECOMMANDER_QCH_A_QN,COD_COI,la leur,PRESENT,IL,LA,LEUR,,COD_RECIPIENT,,RECIPIENT,COD_NUMBER,ROLE_REVERSAL,"seed=PC_0030; context=Parfois,"
PC_0411,COD_CLUSTER,ME_COD,D3,"Parfois, elle me le rappelle souvent.",有时候，她经常提醒我这件事,有时候，她经常提醒我这件事,有时候，她经常提醒他们这件事,有时候，她经常提醒我这些事,有时候，我经常提醒她这件事,RECIPIENT|COD_NUMBER|ROLE_REVERSAL,1.0,1,有时候，她经常提醒我这件事,RAPPELER_QCH_A_QN,OBJ_COD,me le,PRESENT,ELLE,ME,LE,,RECIPIENT_COD,,RECIPIENT,COD_NUMBER,ROLE_REVERSAL,"seed=PC_0031; context=Parfois,"
PC_0412,COD_CLUSTER,VOUS_COD,D4,"Aujourd'hui, nous vous l'avons déjà dit.",今天，我们已经跟您说过这个了,今天，我们已经跟您说过这个了,今天，我们已经跟他们说过这个了,今天，我们已经跟您说过这些了,今天，您已经跟我们说过这个了,RECIPIENT|COD_NUMBER|ROLE_REVERSAL,1.7,1,今天，我们已经跟您说过这个了,DIRE_QCH_A_QN,OBJ_COD,vous l',PASSE_COMPOSE,NOUS,VOUS,LE_LA,,RECIPIENT_COD,VOUS_L_AVONS,RECIPIENT,COD_NUMBER,ROLE_REVERSAL,"seed=PC_0032; context=Aujourd'hui,"
PC_0413,COD_CLUSTER,NOUS_LES,D4,"Aujourd'hui, ils nous les ont transmis.",今天，他们把这些转给我们了,今天，他们把这些转给我们了,今天，他们把这些转给他们了,今天，他们把这个转给我们了,今天，我们把这些转给他们了,RECIPIENT|COD_NUMBER|ROLE_REVERSAL,1.0,1,今天，他们把这些转给我们了,TRANSMETTRE_QCH_A_QN,OBJ_COD,nous les,PASSE_COMPOSE,ILS,NOUS,LES,,RECIPIENT_COD,,RECIPIENT,COD_NUMBER,ROLE_REVERSAL,"seed=PC_0033; context=Aujourd'hui,"
PC_0414,COD_CLUSTER,TE_LES,D4,"Aujourd'hui, je te les ai réservés.",今天，我给你预留了这些,今天，我给你预留了这些,今天，我给他预留了这些,今天，我给你预留了这个,今天，你给我预留了这些,RECIPIENT|COD_NUMBER|ROLE_REVERSAL,1.0,1,今天，我给你预留了这些,RESERVER_QCH_A_QN,OBJ_COD,te les,PASSE_COMPOSE,JE,TE,LES,,RECIPIENT_COD,,RECIPIENT,COD_NUMBER,ROLE_REVERSAL,"seed=PC_0034; context=Aujourd'hui,"
PC_0415,COD_CLUSTER,ME_COD,D4,"Il y a peu, il me l'a expliqué.",不久前，他给我解释了这个,不久前，他给我解释了这个,不久前，他给我们解释了这个,不久前，他给我解释了这些,不久前，我给他解释了这个,RECIPIENT|COD_NUMBER|ROLE_REVERSAL,2.0,1,不久前，他给我解释了这个,EXPLIQUER_QCH_A_QN,OBJ_COD,me l',PASSE_COMPOSE,IL,ME,LE_LA,,RECIPIENT_COD,ME_L_A,RECIPIENT,COD_NUMBER,ROLE_REVERSAL,"seed=PC_0017; context=Il y a peu,"
PC_0416,COD_CLUSTER,VOUS_COD,D3,"De temps en temps, je vous le confirme.",偶尔，我向您确认这个,偶尔，我向您确认这个,偶尔，我向他们确认这个,偶尔，我向您确认这些,偶尔，您向我确认这个,RECIPIENT|COD_NUMBER|ROLE_REVERSAL,1.0,1,偶尔，我向您确认这个,CONFIRMER_QCH_A_QN,OBJ_COD,vous le,PRESENT,JE,VOUS,LE,,RECIPIENT_COD,,RECIPIENT,COD_NUMBER,ROLE_REVERSAL,"seed=PC_0018; context=De temps en temps,"
PC_0417,COD_CLUSTER,NOUS_COD,D4,"Il y a peu, elle nous l'a envoyé.",不久前，她把这个发给我们了,不久前，她把这个发给我们了,不久前，她把这个发给他们了,不久前，她把这些发给我们了,不久前，我们把这个发给她了,RECIPIENT|COD_NUMBER|ROLE_REVERSAL,1.7,1,不久前，她把这个发给我们了,ENVOYER_QCH_A_QN,OBJ_COD,nous l',PASSE_COMPOSE,ELLE,NOUS,LE_LA,,RECIPIENT_COD,NOUS_L_A,RECIPIENT,COD_NUMBER,ROLE_REVERSAL,"seed=PC_0019; context=Il y a peu,"
PC_0418,COD_CLUSTER,ME_LES,D3,"De temps en temps, tu me les montres.",偶尔，你给我看这些,偶尔，你给我看这些,偶尔，你给我们看这些,偶尔，你给我看这个,偶尔，我给你看这些,RECIPIENT|COD_NUMBER|ROLE_REVERSAL,1.0,1,偶尔，你给我看这些,MONTRER_QCH_A_QN,OBJ_COD,me les,PRESENT,TU,ME,LES,,RECIPIENT_COD,,RECIPIENT,COD_NUMBER,ROLE_REVERSAL,"seed=PC_0020; context=De temps en temps,"
PC_0419,COD_CLUSTER,VOUS_LES,D3,"Avant la fin de la semaine, on vous les donnera demain.",本周结束前，我们明天会把这些给您,本周结束前，我们明天会把这些给您,本周结束前，我们明天会把这些给他们,本周结束前，我们明天会把这个给您,本周结束前，您明天会把这些给我们,RECIPIENT|COD_NUMBER|ROLE_REVERSAL,1.0,1,本周结束前，我们明天会把这些给您,DONNER_QCH_A_QN,OBJ_COD,vous les,FUTUR_SIMPLE,ON,VOUS,LES,,RECIPIENT_COD,,RECIPIENT,COD_NUMBER,ROLE_REVERSAL,"seed=PC_0021; context=Avant la fin de la semaine,"
PC_0420,COD_CLUSTER,TE_COD,D4,"Il y a peu, je te l'ai laissé.",不久前，我把这个留给你了,不久前，我把这个留给你了,不久前，我把这个留给他了,不久前，我把这些留给你了,不久前，你把这个留给我了,RECIPIENT|COD_NUMBER|ROLE_REVERSAL,1.7,1,不久前，我把这个留给你了,LAISSER_QCH_A_QN,OBJ_COD,te l',PASSE_COMPOSE,JE,TE,LE_LA,,RECIPIENT_COD,TE_L_AI,RECIPIENT,COD_NUMBER,ROLE_REVERSAL,"seed=PC_0022; context=Il y a peu,"
PC_0421,EN_CLUSTER,ME_EN_TOPIC,D4,Il m'en a parlé.,他跟我提过这件事,他跟我提过这件事,他跟我们提过这件事,他跟我提过这些东西,我跟他提过这件事,RECIPIENT|EN_SEMANTIC|ROLE_REVERSAL,2.0,1,他跟我提过这件事,PARLER_DE_A_QN,OBJ_EN,m'en,PASSE_COMPOSE,IL,ME,EN,,TOPIC,M_EN_A,RECIPIENT,EN_SEMANTIC,ROLE_REVERSAL,seed=PC_0035; context=NONE
PC_0422,EN_CLUSTER,VOUS_EN_TOPIC,D3,Je vous en parlerai.,我会跟您谈这件事,我会跟您谈这件事,我会跟他们谈这件事,我会跟您谈别的事,您会跟我谈这件事,RECIPIENT|EN_SEMANTIC|ROLE_REVERSAL,1.0,1,我会跟您谈这件事,PARLER_DE_A_QN,OBJ_EN,vous en,FUTUR_SIMPLE,JE,VOUS,EN,,TOPIC,,RECIPIENT,EN_SEMANTIC,ROLE_REVERSAL,seed=PC_0036; context=NONE
PC_0423,EN_CLUSTER,ME_EN_QUANTITY,D4,Tu m'en as envoyé deux.,你给我发了两个,你给我发了两个,你给他们发了两个,你给我发了一个,我给你发了两个,RECIPIENT|QUANTITY|ROLE_REVERSAL,1.7,1,你给我发了两个,ENVOYER_QCH_A_QN,OBJ_EN,m'en,PASSE_COMPOSE,TU,ME,EN,,QUANTITY,M_EN_AS,RECIPIENT,QUANTITY,ROLE_REVERSAL,seed=PC_0037; context=NONE
PC_0424,EN_CLUSTER,NOUS_EN_QUANTITY,D4,On nous en a proposé plusieurs.,有人给我们提了好几个,有人给我们提了好几个,有人给他们提了好几个,有人给我们只提了一个,我们给别人提了好几个,RECIPIENT|QUANTITY|ROLE_REVERSAL,1.7,1,有人给我们提了好几个,PROPOSER_QCH_A_QN,OBJ_EN,nous en,PASSE_COMPOSE,ON,NOUS,EN,,QUANTITY,NOUS_EN_A,RECIPIENT,QUANTITY,ROLE_REVERSAL,seed=PC_0038; context=NONE
PC_0425,EN_CLUSTER,VOUS_EN_QUANTITY,D3,Elle vous en donnera un.,她会给您一个,她会给您一个,她会给他们一个,她会给您两个,您会给她一个,RECIPIENT|QUANTITY|ROLE_REVERSAL,1.0,1,她会给您一个,DONNER_QCH_A_QN,OBJ_EN,vous en,FUTUR_SIMPLE,ELLE,VOUS,EN,,QUANTITY,,RECIPIENT,QUANTITY,ROLE_REVERSAL,seed=PC_0039; context=NONE
PC_0426,EN_CLUSTER,TE_EN_QUANTITY,D4,Je t'en ai réservé deux.,我给你预留了两个,我给你预留了两个,我给他预留了两个,我给你预留了一个,你给我预留了两个,RECIPIENT|QUANTITY|ROLE_REVERSAL,1.7,1,我给你预留了两个,RESERVER_QCH_A_QN,OBJ_EN,t'en,PASSE_COMPOSE,JE,TE,EN,,QUANTITY,T_EN_AI,RECIPIENT,QUANTITY,ROLE_REVERSAL,seed=PC_0040; context=NONE
PC_0427,EN_CLUSTER,VOUS_EN_TOPIC,D4,Nous vous en avons déjà parlé.,我们已经跟您谈过这件事,我们已经跟您谈过这件事,我们已经跟他们谈过这件事,我们已经跟您谈过这些东西,您已经跟我们谈过这件事,RECIPIENT|EN_SEMANTIC|ROLE_REVERSAL,1.7,1,我们已经跟您谈过这件事,PARLER_DE_A_QN,OBJ_EN,vous en,PASSE_COMPOSE,NOUS,VOUS,EN,,TOPIC,VOUS_EN_AVONS,RECIPIENT,EN_SEMANTIC,ROLE_REVERSAL,seed=PC_0041; context=NONE
PC_0428,EN_CLUSTER,ME_EN_QUANTITY,D4,Ils m'en ont demandé trois.,他们问我要了三个,他们问我要了三个,他们问我们要了三个,他们问我要了一个,我问他们要了三个,RECIPIENT|QUANTITY|ROLE_REVERSAL,1.5,1,他们问我要了三个,DEMANDER_QCH_A_QN,OBJ_EN,m'en,PASSE_COMPOSE,ILS,ME,EN,,QUANTITY,M_EN_ONT,RECIPIENT,QUANTITY,ROLE_REVERSAL,seed=PC_0042; context=NONE
PC_0429,EN_CLUSTER,LUI_EN_QUANTITY,D4,Je lui en ai donné deux.,我给了他两个,我给了他两个,我给了他们两个,我给了他一个,他给了我两个,RECIPIENT|QUANTITY|ROLE_REVERSAL,1.7,1,我给了他两个,DONNER_QCH_A_QN,COI_EN,lui en,PASSE_COMPOSE,JE,LUI,EN,,QUANTITY,LUI_EN_AI,RECIPIENT,QUANTITY,ROLE_REVERSAL,seed=PC_0043; context=NONE
PC_0430,EN_CLUSTER,LEUR_EN_QUANTITY,D4,On leur en a envoyé trois.,有人给他们发了三个,有人给他们发了三个,有人给他发了三个,有人给他们发了一个,他们给别人发了三个,RECIPIENT|QUANTITY|ROLE_REVERSAL,1.5,1,有人给他们发了三个,ENVOYER_QCH_A_QN,COI_EN,leur en,PASSE_COMPOSE,ON,LEUR,EN,,QUANTITY,LEUR_EN_A,RECIPIENT,QUANTITY,ROLE_REVERSAL,seed=PC_0044; context=NONE
PC_0431,EN_CLUSTER,LUI_EN_TOPIC,D3,Elle lui en parle souvent.,她经常跟他谈这件事,她经常跟他谈这件事,她经常跟他们谈这件事,她经常跟他谈别的事,他经常跟她谈这件事,RECIPIENT|EN_SEMANTIC|ROLE_REVERSAL,1.0,1,她经常跟他谈这件事,PARLER_DE_A_QN,COI_EN,lui en,PRESENT,ELLE,LUI,EN,,TOPIC,,RECIPIENT,EN_SEMANTIC,ROLE_REVERSAL,seed=PC_0045; context=NONE
PC_0432,EN_CLUSTER,LEUR_EN_QUANTITY,D3,Nous leur en proposerons plusieurs.,我们会给他们提好几个,我们会给他们提好几个,我们会给他提好几个,我们会给他们只提一个,他们会给我们提好几个,RECIPIENT|QUANTITY|ROLE_REVERSAL,1.0,1,我们会给他们提好几个,PROPOSER_QCH_A_QN,COI_EN,leur en,FUTUR_SIMPLE,NOUS,LEUR,EN,,QUANTITY,,RECIPIENT,QUANTITY,ROLE_REVERSAL,seed=PC_0046; context=NONE
PC_0433,EN_CLUSTER,LUI_EN_QUANTITY,D4,Vous lui en avez demandé combien ?,您问他要了多少个？,您问他要了多少个？,您问他们要了多少个？,您只问他要了一个,他问您要了多少个？,RECIPIENT|QUANTITY|ROLE_REVERSAL,1.5,1,您问他要了多少个？,DEMANDER_QCH_A_QN,COI_EN,lui en,PASSE_COMPOSE,VOUS,LUI,EN,,QUANTITY,VOUS_LUI_EN_AVEZ,RECIPIENT,QUANTITY,ROLE_REVERSAL,seed=PC_0047; context=NONE
PC_0434,EN_CLUSTER,EN_QUANTITY,D2,J'en ai acheté deux.,我买了两个,我买了两个,他买了两个,我买了一个,我卖了两个,SUBJECT|QUANTITY|LEXICAL,1.5,1,我买了两个,ACHETER_QCH,SINGLE_EN,en,PASSE_COMPOSE,JE,EN,,,QUANTITY,EN_AI,SUBJECT,QUANTITY,LEXICAL,seed=PC_0048; context=NONE
PC_0435,EN_CLUSTER,EN_QUANTITY,D2,Il en reste encore trois.,还剩三个,还剩三个,还剩一个,已经一个都不剩了,还有三个要买,QUANTITY|POLARITY|LEXICAL,1.0,1,还剩三个,RESTER_QUANTITE,SINGLE_EN,en,PRESENT,IL_IMPERSONAL,EN,,,QUANTITY,,QUANTITY,POLARITY,LEXICAL,seed=PC_0049; context=NONE
PC_0436,EN_CLUSTER,EN_QUANTITY,D2,Nous en avons reçu plusieurs.,我们收到了好几个,我们收到了好几个,他们收到了好几个,我们只收到一个,我们寄出了好几个,SUBJECT|QUANTITY|LEXICAL,1.5,1,我们收到了好几个,RECEVOIR_QCH,SINGLE_EN,en,PASSE_COMPOSE,NOUS,EN,,,QUANTITY,NOUS_EN_AVONS,SUBJECT,QUANTITY,LEXICAL,seed=PC_0050; context=NONE
PC_0437,EN_CLUSTER,EN_QUANTITY,D1,Elle en veut un.,她想要一个,她想要一个,他想要一个,她想要两个,她已经有一个,SUBJECT|QUANTITY|LEXICAL,1.0,1,她想要一个,VOULOIR_QCH,SINGLE_EN,en,PRESENT,ELLE,EN,,,QUANTITY,,SUBJECT,QUANTITY,LEXICAL,seed=PC_0051; context=NONE
PC_0438,EN_CLUSTER,EN_LEXICAL,D2,Vous en avez besoin.,您需要这个,您需要这个,他们需要这个,您不需要这个,您需要这些,SUBJECT|POLARITY|NUMBER,1.7,1,您需要这个,AVOIR_BESOIN_DE,SINGLE_EN,en,PRESENT,VOUS,EN,,,LEXICAL_EN,VOUS_EN_AVEZ,SUBJECT,POLARITY,NUMBER,seed=PC_0052; context=NONE
PC_0439,EN_CLUSTER,ME_EN_TOPIC,D4,"Hier, il m'en a parlé.",昨天，他跟我提过这件事,昨天，他跟我提过这件事,昨天，他跟我们提过这件事,昨天，他跟我提过这些东西,昨天，我跟他提过这件事,RECIPIENT|EN_SEMANTIC|ROLE_REVERSAL,2.0,1,昨天，他跟我提过这件事,PARLER_DE_A_QN,OBJ_EN,m'en,PASSE_COMPOSE,IL,ME,EN,,TOPIC,M_EN_A,RECIPIENT,EN_SEMANTIC,ROLE_REVERSAL,"seed=PC_0035; context=Hier,"
PC_0440,EN_CLUSTER,VOUS_EN_TOPIC,D3,"Demain, je vous en parlerai.",明天，我会跟您谈这件事,明天，我会跟您谈这件事,明天，我会跟他们谈这件事,明天，我会跟您谈别的事,明天，您会跟我谈这件事,RECIPIENT|EN_SEMANTIC|ROLE_REVERSAL,1.0,1,明天，我会跟您谈这件事,PARLER_DE_A_QN,OBJ_EN,vous en,FUTUR_SIMPLE,JE,VOUS,EN,,TOPIC,,RECIPIENT,EN_SEMANTIC,ROLE_REVERSAL,"seed=PC_0036; context=Demain,"
PC_0441,EN_CLUSTER,ME_EN_QUANTITY,D4,"Hier, tu m'en as envoyé deux.",昨天，你给我发了两个,昨天，你给我发了两个,昨天，你给他们发了两个,昨天，你给我发了一个,昨天，我给你发了两个,RECIPIENT|QUANTITY|ROLE_REVERSAL,1.7,1,昨天，你给我发了两个,ENVOYER_QCH_A_QN,OBJ_EN,m'en,PASSE_COMPOSE,TU,ME,EN,,QUANTITY,M_EN_AS,RECIPIENT,QUANTITY,ROLE_REVERSAL,"seed=PC_0037; context=Hier,"
PC_0442,EN_CLUSTER,NOUS_EN_QUANTITY,D4,"Hier, on nous en a proposé plusieurs.",昨天，有人给我们提了好几个,昨天，有人给我们提了好几个,昨天，有人给他们提了好几个,昨天，有人给我们只提了一个,昨天，我们给别人提了好几个,RECIPIENT|QUANTITY|ROLE_REVERSAL,1.7,1,昨天，有人给我们提了好几个,PROPOSER_QCH_A_QN,OBJ_EN,nous en,PASSE_COMPOSE,ON,NOUS,EN,,QUANTITY,NOUS_EN_A,RECIPIENT,QUANTITY,ROLE_REVERSAL,"seed=PC_0038; context=Hier,"
PC_0443,EN_CLUSTER,VOUS_EN_QUANTITY,D3,"Demain, elle vous en donnera un.",明天，她会给您一个,明天，她会给您一个,明天，她会给他们一个,明天，她会给您两个,明天，您会给她一个,RECIPIENT|QUANTITY|ROLE_REVERSAL,1.0,1,明天，她会给您一个,DONNER_QCH_A_QN,OBJ_EN,vous en,FUTUR_SIMPLE,ELLE,VOUS,EN,,QUANTITY,,RECIPIENT,QUANTITY,ROLE_REVERSAL,"seed=PC_0039; context=Demain,"
PC_0444,EN_CLUSTER,TE_EN_QUANTITY,D4,"Hier, je t'en ai réservé deux.",昨天，我给你预留了两个,昨天，我给你预留了两个,昨天，我给他预留了两个,昨天，我给你预留了一个,昨天，你给我预留了两个,RECIPIENT|QUANTITY|ROLE_REVERSAL,1.7,1,昨天，我给你预留了两个,RESERVER_QCH_A_QN,OBJ_EN,t'en,PASSE_COMPOSE,JE,TE,EN,,QUANTITY,T_EN_AI,RECIPIENT,QUANTITY,ROLE_REVERSAL,"seed=PC_0040; context=Hier,"
PC_0445,EN_CLUSTER,VOUS_EN_TOPIC,D4,"Hier, nous vous en avons déjà parlé.",昨天，我们已经跟您谈过这件事,昨天，我们已经跟您谈过这件事,昨天，我们已经跟他们谈过这件事,昨天，我们已经跟您谈过这些东西,昨天，您已经跟我们谈过这件事,RECIPIENT|EN_SEMANTIC|ROLE_REVERSAL,1.7,1,昨天，我们已经跟您谈过这件事,PARLER_DE_A_QN,OBJ_EN,vous en,PASSE_COMPOSE,NOUS,VOUS,EN,,TOPIC,VOUS_EN_AVONS,RECIPIENT,EN_SEMANTIC,ROLE_REVERSAL,"seed=PC_0041; context=Hier,"
PC_0446,EN_CLUSTER,ME_EN_QUANTITY,D4,"Hier, ils m'en ont demandé trois.",昨天，他们问我要了三个,昨天，他们问我要了三个,昨天，他们问我们要了三个,昨天，他们问我要了一个,昨天，我问他们要了三个,RECIPIENT|QUANTITY|ROLE_REVERSAL,1.5,1,昨天，他们问我要了三个,DEMANDER_QCH_A_QN,OBJ_EN,m'en,PASSE_COMPOSE,ILS,ME,EN,,QUANTITY,M_EN_ONT,RECIPIENT,QUANTITY,ROLE_REVERSAL,"seed=PC_0042; context=Hier,"
PC_0447,EN_CLUSTER,LUI_EN_QUANTITY,D4,"Hier, je lui en ai donné deux.",昨天，我给了他两个,昨天，我给了他两个,昨天，我给了他们两个,昨天，我给了他一个,昨天，他给了我两个,RECIPIENT|QUANTITY|ROLE_REVERSAL,1.7,1,昨天，我给了他两个,DONNER_QCH_A_QN,COI_EN,lui en,PASSE_COMPOSE,JE,LUI,EN,,QUANTITY,LUI_EN_AI,RECIPIENT,QUANTITY,ROLE_REVERSAL,"seed=PC_0043; context=Hier,"
PC_0448,EN_CLUSTER,LEUR_EN_QUANTITY,D4,"Hier, on leur en a envoyé trois.",昨天，有人给他们发了三个,昨天，有人给他们发了三个,昨天，有人给他发了三个,昨天，有人给他们发了一个,昨天，他们给别人发了三个,RECIPIENT|QUANTITY|ROLE_REVERSAL,1.5,1,昨天，有人给他们发了三个,ENVOYER_QCH_A_QN,COI_EN,leur en,PASSE_COMPOSE,ON,LEUR,EN,,QUANTITY,LEUR_EN_A,RECIPIENT,QUANTITY,ROLE_REVERSAL,"seed=PC_0044; context=Hier,"
PC_0449,EN_CLUSTER,LUI_EN_TOPIC,D3,"Aujourd'hui, elle lui en parle souvent.",今天，她经常跟他谈这件事,今天，她经常跟他谈这件事,今天，她经常跟他们谈这件事,今天，她经常跟他谈别的事,今天，他经常跟她谈这件事,RECIPIENT|EN_SEMANTIC|ROLE_REVERSAL,1.0,1,今天，她经常跟他谈这件事,PARLER_DE_A_QN,COI_EN,lui en,PRESENT,ELLE,LUI,EN,,TOPIC,,RECIPIENT,EN_SEMANTIC,ROLE_REVERSAL,"seed=PC_0045; context=Aujourd'hui,"
PC_0450,EN_CLUSTER,LEUR_EN_QUANTITY,D3,"Demain, nous leur en proposerons plusieurs.",明天，我们会给他们提好几个,明天，我们会给他们提好几个,明天，我们会给他提好几个,明天，我们会给他们只提一个,明天，他们会给我们提好几个,RECIPIENT|QUANTITY|ROLE_REVERSAL,1.0,1,明天，我们会给他们提好几个,PROPOSER_QCH_A_QN,COI_EN,leur en,FUTUR_SIMPLE,NOUS,LEUR,EN,,QUANTITY,,RECIPIENT,QUANTITY,ROLE_REVERSAL,"seed=PC_0046; context=Demain,"
PC_0451,EN_CLUSTER,LUI_EN_QUANTITY,D4,"Hier, vous lui en avez demandé combien ?",昨天，您问他要了多少个？,昨天，您问他要了多少个？,昨天，您问他们要了多少个？,昨天，您只问他要了一个,昨天，他问您要了多少个？,RECIPIENT|QUANTITY|ROLE_REVERSAL,1.5,1,昨天，您问他要了多少个？,DEMANDER_QCH_A_QN,COI_EN,lui en,PASSE_COMPOSE,VOUS,LUI,EN,,QUANTITY,VOUS_LUI_EN_AVEZ,RECIPIENT,QUANTITY,ROLE_REVERSAL,"seed=PC_0047; context=Hier,"
PC_0452,EN_CLUSTER,EN_QUANTITY,D2,"Hier, j'en ai acheté deux.",昨天，我买了两个,昨天，我买了两个,昨天，他买了两个,昨天，我买了一个,昨天，我卖了两个,SUBJECT|QUANTITY|LEXICAL,1.5,1,昨天，我买了两个,ACHETER_QCH,SINGLE_EN,en,PASSE_COMPOSE,JE,EN,,,QUANTITY,EN_AI,SUBJECT,QUANTITY,LEXICAL,"seed=PC_0048; context=Hier,"
PC_0453,EN_CLUSTER,EN_QUANTITY,D2,"Aujourd'hui, il en reste encore trois.",今天，还剩三个,今天，还剩三个,今天，还剩一个,今天，已经一个都不剩了,今天，还有三个要买,QUANTITY|POLARITY|LEXICAL,1.0,1,今天，还剩三个,RESTER_QUANTITE,SINGLE_EN,en,PRESENT,IL_IMPERSONAL,EN,,,QUANTITY,,QUANTITY,POLARITY,LEXICAL,"seed=PC_0049; context=Aujourd'hui,"
PC_0454,EN_CLUSTER,EN_QUANTITY,D2,"Hier, nous en avons reçu plusieurs.",昨天，我们收到了好几个,昨天，我们收到了好几个,昨天，他们收到了好几个,昨天，我们只收到一个,昨天，我们寄出了好几个,SUBJECT|QUANTITY|LEXICAL,1.5,1,昨天，我们收到了好几个,RECEVOIR_QCH,SINGLE_EN,en,PASSE_COMPOSE,NOUS,EN,,,QUANTITY,NOUS_EN_AVONS,SUBJECT,QUANTITY,LEXICAL,"seed=PC_0050; context=Hier,"
PC_0455,EN_CLUSTER,EN_QUANTITY,D1,"Aujourd'hui, elle en veut un.",今天，她想要一个,今天，她想要一个,今天，他想要一个,今天，她想要两个,今天，她已经有一个,SUBJECT|QUANTITY|LEXICAL,1.0,1,今天，她想要一个,VOULOIR_QCH,SINGLE_EN,en,PRESENT,ELLE,EN,,,QUANTITY,,SUBJECT,QUANTITY,LEXICAL,"seed=PC_0051; context=Aujourd'hui,"
PC_0456,EN_CLUSTER,EN_LEXICAL,D2,"Hier, vous en avez besoin.",昨天，您需要这个,昨天，您需要这个,昨天，他们需要这个,昨天，您不需要这个,昨天，您需要这些,SUBJECT|POLARITY|NUMBER,1.7,1,昨天，您需要这个,AVOIR_BESOIN_DE,SINGLE_EN,en,PRESENT,VOUS,EN,,,LEXICAL_EN,VOUS_EN_AVEZ,SUBJECT,POLARITY,NUMBER,"seed=PC_0052; context=Hier,"
PC_0457,EN_CLUSTER,ME_EN_TOPIC,D4,"Avant-hier, il m'en a parlé.",前天，他跟我提过这件事,前天，他跟我提过这件事,前天，他跟我们提过这件事,前天，他跟我提过这些东西,前天，我跟他提过这件事,RECIPIENT|EN_SEMANTIC|ROLE_REVERSAL,2.0,1,前天，他跟我提过这件事,PARLER_DE_A_QN,OBJ_EN,m'en,PASSE_COMPOSE,IL,ME,EN,,TOPIC,M_EN_A,RECIPIENT,EN_SEMANTIC,ROLE_REVERSAL,"seed=PC_0035; context=Avant-hier,"
PC_0458,EN_CLUSTER,VOUS_EN_TOPIC,D3,"Après-demain, je vous en parlerai.",后天，我会跟您谈这件事,后天，我会跟您谈这件事,后天，我会跟他们谈这件事,后天，我会跟您谈别的事,后天，您会跟我谈这件事,RECIPIENT|EN_SEMANTIC|ROLE_REVERSAL,1.0,1,后天，我会跟您谈这件事,PARLER_DE_A_QN,OBJ_EN,vous en,FUTUR_SIMPLE,JE,VOUS,EN,,TOPIC,,RECIPIENT,EN_SEMANTIC,ROLE_REVERSAL,"seed=PC_0036; context=Après-demain,"
PC_0459,EN_CLUSTER,ME_EN_QUANTITY,D4,"Avant-hier, tu m'en as envoyé deux.",前天，你给我发了两个,前天，你给我发了两个,前天，你给他们发了两个,前天，你给我发了一个,前天，我给你发了两个,RECIPIENT|QUANTITY|ROLE_REVERSAL,1.7,1,前天，你给我发了两个,ENVOYER_QCH_A_QN,OBJ_EN,m'en,PASSE_COMPOSE,TU,ME,EN,,QUANTITY,M_EN_AS,RECIPIENT,QUANTITY,ROLE_REVERSAL,"seed=PC_0037; context=Avant-hier,"
PC_0460,EN_CLUSTER,NOUS_EN_QUANTITY,D4,"Avant-hier, on nous en a proposé plusieurs.",前天，有人给我们提了好几个,前天，有人给我们提了好几个,前天，有人给他们提了好几个,前天，有人给我们只提了一个,前天，我们给别人提了好几个,RECIPIENT|QUANTITY|ROLE_REVERSAL,1.7,1,前天，有人给我们提了好几个,PROPOSER_QCH_A_QN,OBJ_EN,nous en,PASSE_COMPOSE,ON,NOUS,EN,,QUANTITY,NOUS_EN_A,RECIPIENT,QUANTITY,ROLE_REVERSAL,"seed=PC_0038; context=Avant-hier,"
PC_0461,EN_CLUSTER,VOUS_EN_QUANTITY,D3,"Après-demain, elle vous en donnera un.",后天，她会给您一个,后天，她会给您一个,后天，她会给他们一个,后天，她会给您两个,后天，您会给她一个,RECIPIENT|QUANTITY|ROLE_REVERSAL,1.0,1,后天，她会给您一个,DONNER_QCH_A_QN,OBJ_EN,vous en,FUTUR_SIMPLE,ELLE,VOUS,EN,,QUANTITY,,RECIPIENT,QUANTITY,ROLE_REVERSAL,"seed=PC_0039; context=Après-demain,"
PC_0462,EN_CLUSTER,TE_EN_QUANTITY,D4,"Avant-hier, je t'en ai réservé deux.",前天，我给你预留了两个,前天，我给你预留了两个,前天，我给他预留了两个,前天，我给你预留了一个,前天，你给我预留了两个,RECIPIENT|QUANTITY|ROLE_REVERSAL,1.7,1,前天，我给你预留了两个,RESERVER_QCH_A_QN,OBJ_EN,t'en,PASSE_COMPOSE,JE,TE,EN,,QUANTITY,T_EN_AI,RECIPIENT,QUANTITY,ROLE_REVERSAL,"seed=PC_0040; context=Avant-hier,"
PC_0463,EN_CLUSTER,VOUS_EN_TOPIC,D4,"Avant-hier, nous vous en avons déjà parlé.",前天，我们已经跟您谈过这件事,前天，我们已经跟您谈过这件事,前天，我们已经跟他们谈过这件事,前天，我们已经跟您谈过这些东西,前天，您已经跟我们谈过这件事,RECIPIENT|EN_SEMANTIC|ROLE_REVERSAL,1.7,1,前天，我们已经跟您谈过这件事,PARLER_DE_A_QN,OBJ_EN,vous en,PASSE_COMPOSE,NOUS,VOUS,EN,,TOPIC,VOUS_EN_AVONS,RECIPIENT,EN_SEMANTIC,ROLE_REVERSAL,"seed=PC_0041; context=Avant-hier,"
PC_0464,EN_CLUSTER,ME_EN_QUANTITY,D4,"Avant-hier, ils m'en ont demandé trois.",前天，他们问我要了三个,前天，他们问我要了三个,前天，他们问我们要了三个,前天，他们问我要了一个,前天，我问他们要了三个,RECIPIENT|QUANTITY|ROLE_REVERSAL,1.5,1,前天，他们问我要了三个,DEMANDER_QCH_A_QN,OBJ_EN,m'en,PASSE_COMPOSE,ILS,ME,EN,,QUANTITY,M_EN_ONT,RECIPIENT,QUANTITY,ROLE_REVERSAL,"seed=PC_0042; context=Avant-hier,"
PC_0465,EN_CLUSTER,LUI_EN_QUANTITY,D4,"Avant-hier, je lui en ai donné deux.",前天，我给了他两个,前天，我给了他两个,前天，我给了他们两个,前天，我给了他一个,前天，他给了我两个,RECIPIENT|QUANTITY|ROLE_REVERSAL,1.7,1,前天，我给了他两个,DONNER_QCH_A_QN,COI_EN,lui en,PASSE_COMPOSE,JE,LUI,EN,,QUANTITY,LUI_EN_AI,RECIPIENT,QUANTITY,ROLE_REVERSAL,"seed=PC_0043; context=Avant-hier,"
PC_0466,EN_CLUSTER,LEUR_EN_QUANTITY,D4,"Avant-hier, on leur en a envoyé trois.",前天，有人给他们发了三个,前天，有人给他们发了三个,前天，有人给他发了三个,前天，有人给他们发了一个,前天，他们给别人发了三个,RECIPIENT|QUANTITY|ROLE_REVERSAL,1.5,1,前天，有人给他们发了三个,ENVOYER_QCH_A_QN,COI_EN,leur en,PASSE_COMPOSE,ON,LEUR,EN,,QUANTITY,LEUR_EN_A,RECIPIENT,QUANTITY,ROLE_REVERSAL,"seed=PC_0044; context=Avant-hier,"
PC_0467,EN_CLUSTER,LUI_EN_TOPIC,D3,"Maintenant, elle lui en parle souvent.",现在，她经常跟他谈这件事,现在，她经常跟他谈这件事,现在，她经常跟他们谈这件事,现在，她经常跟他谈别的事,现在，他经常跟她谈这件事,RECIPIENT|EN_SEMANTIC|ROLE_REVERSAL,1.0,1,现在，她经常跟他谈这件事,PARLER_DE_A_QN,COI_EN,lui en,PRESENT,ELLE,LUI,EN,,TOPIC,,RECIPIENT,EN_SEMANTIC,ROLE_REVERSAL,"seed=PC_0045; context=Maintenant,"
PC_0468,EN_CLUSTER,LEUR_EN_QUANTITY,D3,"Après-demain, nous leur en proposerons plusieurs.",后天，我们会给他们提好几个,后天，我们会给他们提好几个,后天，我们会给他提好几个,后天，我们会给他们只提一个,后天，他们会给我们提好几个,RECIPIENT|QUANTITY|ROLE_REVERSAL,1.0,1,后天，我们会给他们提好几个,PROPOSER_QCH_A_QN,COI_EN,leur en,FUTUR_SIMPLE,NOUS,LEUR,EN,,QUANTITY,,RECIPIENT,QUANTITY,ROLE_REVERSAL,"seed=PC_0046; context=Après-demain,"
PC_0469,EN_CLUSTER,LUI_EN_QUANTITY,D4,"Avant-hier, vous lui en avez demandé combien ?",前天，您问他要了多少个？,前天，您问他要了多少个？,前天，您问他们要了多少个？,前天，您只问他要了一个,前天，他问您要了多少个？,RECIPIENT|QUANTITY|ROLE_REVERSAL,1.5,1,前天，您问他要了多少个？,DEMANDER_QCH_A_QN,COI_EN,lui en,PASSE_COMPOSE,VOUS,LUI,EN,,QUANTITY,VOUS_LUI_EN_AVEZ,RECIPIENT,QUANTITY,ROLE_REVERSAL,"seed=PC_0047; context=Avant-hier,"
PC_0470,EN_CLUSTER,EN_QUANTITY,D2,"Avant-hier, j'en ai acheté deux.",前天，我买了两个,前天，我买了两个,前天，他买了两个,前天，我买了一个,前天，我卖了两个,SUBJECT|QUANTITY|LEXICAL,1.5,1,前天，我买了两个,ACHETER_QCH,SINGLE_EN,en,PASSE_COMPOSE,JE,EN,,,QUANTITY,EN_AI,SUBJECT,QUANTITY,LEXICAL,"seed=PC_0048; context=Avant-hier,"
PC_0471,EN_CLUSTER,EN_QUANTITY,D2,"Maintenant, il en reste encore trois.",现在，还剩三个,现在，还剩三个,现在，还剩一个,现在，已经一个都不剩了,现在，还有三个要买,QUANTITY|POLARITY|LEXICAL,1.0,1,现在，还剩三个,RESTER_QUANTITE,SINGLE_EN,en,PRESENT,IL_IMPERSONAL,EN,,,QUANTITY,,QUANTITY,POLARITY,LEXICAL,"seed=PC_0049; context=Maintenant,"
PC_0472,EN_CLUSTER,EN_QUANTITY,D2,"Avant-hier, nous en avons reçu plusieurs.",前天，我们收到了好几个,前天，我们收到了好几个,前天，他们收到了好几个,前天，我们只收到一个,前天，我们寄出了好几个,SUBJECT|QUANTITY|LEXICAL,1.5,1,前天，我们收到了好几个,RECEVOIR_QCH,SINGLE_EN,en,PASSE_COMPOSE,NOUS,EN,,,QUANTITY,NOUS_EN_AVONS,SUBJECT,QUANTITY,LEXICAL,"seed=PC_0050; context=Avant-hier,"
PC_0473,EN_CLUSTER,EN_QUANTITY,D1,"Maintenant, elle en veut un.",现在，她想要一个,现在，她想要一个,现在，他想要一个,现在，她想要两个,现在，她已经有一个,SUBJECT|QUANTITY|LEXICAL,1.0,1,现在，她想要一个,VOULOIR_QCH,SINGLE_EN,en,PRESENT,ELLE,EN,,,QUANTITY,,SUBJECT,QUANTITY,LEXICAL,"seed=PC_0051; context=Maintenant,"
PC_0474,EN_CLUSTER,EN_LEXICAL,D2,"Avant-hier, vous en avez besoin.",前天，您需要这个,前天，您需要这个,前天，他们需要这个,前天，您不需要这个,前天，您需要这些,SUBJECT|POLARITY|NUMBER,1.7,1,前天，您需要这个,AVOIR_BESOIN_DE,SINGLE_EN,en,PRESENT,VOUS,EN,,,LEXICAL_EN,VOUS_EN_AVEZ,SUBJECT,POLARITY,NUMBER,"seed=PC_0052; context=Avant-hier,"
PC_0475,EN_CLUSTER,ME_EN_TOPIC,D4,"Ce matin, il m'en a parlé.",今天早上，他跟我提过这件事,今天早上，他跟我提过这件事,今天早上，他跟我们提过这件事,今天早上，他跟我提过这些东西,今天早上，我跟他提过这件事,RECIPIENT|EN_SEMANTIC|ROLE_REVERSAL,2.0,1,今天早上，他跟我提过这件事,PARLER_DE_A_QN,OBJ_EN,m'en,PASSE_COMPOSE,IL,ME,EN,,TOPIC,M_EN_A,RECIPIENT,EN_SEMANTIC,ROLE_REVERSAL,"seed=PC_0035; context=Ce matin,"
PC_0476,EN_CLUSTER,VOUS_EN_TOPIC,D3,"Bientôt, je vous en parlerai.",很快，我会跟您谈这件事,很快，我会跟您谈这件事,很快，我会跟他们谈这件事,很快，我会跟您谈别的事,很快，您会跟我谈这件事,RECIPIENT|EN_SEMANTIC|ROLE_REVERSAL,1.0,1,很快，我会跟您谈这件事,PARLER_DE_A_QN,OBJ_EN,vous en,FUTUR_SIMPLE,JE,VOUS,EN,,TOPIC,,RECIPIENT,EN_SEMANTIC,ROLE_REVERSAL,"seed=PC_0036; context=Bientôt,"
PC_0477,EN_CLUSTER,ME_EN_QUANTITY,D4,"Ce matin, tu m'en as envoyé deux.",今天早上，你给我发了两个,今天早上，你给我发了两个,今天早上，你给他们发了两个,今天早上，你给我发了一个,今天早上，我给你发了两个,RECIPIENT|QUANTITY|ROLE_REVERSAL,1.7,1,今天早上，你给我发了两个,ENVOYER_QCH_A_QN,OBJ_EN,m'en,PASSE_COMPOSE,TU,ME,EN,,QUANTITY,M_EN_AS,RECIPIENT,QUANTITY,ROLE_REVERSAL,"seed=PC_0037; context=Ce matin,"
PC_0478,EN_CLUSTER,NOUS_EN_QUANTITY,D4,"Ce matin, on nous en a proposé plusieurs.",今天早上，有人给我们提了好几个,今天早上，有人给我们提了好几个,今天早上，有人给他们提了好几个,今天早上，有人给我们只提了一个,今天早上，我们给别人提了好几个,RECIPIENT|QUANTITY|ROLE_REVERSAL,1.7,1,今天早上，有人给我们提了好几个,PROPOSER_QCH_A_QN,OBJ_EN,nous en,PASSE_COMPOSE,ON,NOUS,EN,,QUANTITY,NOUS_EN_A,RECIPIENT,QUANTITY,ROLE_REVERSAL,"seed=PC_0038; context=Ce matin,"
PC_0479,EN_CLUSTER,VOUS_EN_QUANTITY,D3,"Bientôt, elle vous en donnera un.",很快，她会给您一个,很快，她会给您一个,很快，她会给他们一个,很快，她会给您两个,很快，您会给她一个,RECIPIENT|QUANTITY|ROLE_REVERSAL,1.0,1,很快，她会给您一个,DONNER_QCH_A_QN,OBJ_EN,vous en,FUTUR_SIMPLE,ELLE,VOUS,EN,,QUANTITY,,RECIPIENT,QUANTITY,ROLE_REVERSAL,"seed=PC_0039; context=Bientôt,"
PC_0480,EN_CLUSTER,TE_EN_QUANTITY,D4,"Ce matin, je t'en ai réservé deux.",今天早上，我给你预留了两个,今天早上，我给你预留了两个,今天早上，我给他预留了两个,今天早上，我给你预留了一个,今天早上，你给我预留了两个,RECIPIENT|QUANTITY|ROLE_REVERSAL,1.7,1,今天早上，我给你预留了两个,RESERVER_QCH_A_QN,OBJ_EN,t'en,PASSE_COMPOSE,JE,TE,EN,,QUANTITY,T_EN_AI,RECIPIENT,QUANTITY,ROLE_REVERSAL,"seed=PC_0040; context=Ce matin,"
PC_0481,EN_CLUSTER,VOUS_EN_TOPIC,D4,"Ce matin, nous vous en avons déjà parlé.",今天早上，我们已经跟您谈过这件事,今天早上，我们已经跟您谈过这件事,今天早上，我们已经跟他们谈过这件事,今天早上，我们已经跟您谈过这些东西,今天早上，您已经跟我们谈过这件事,RECIPIENT|EN_SEMANTIC|ROLE_REVERSAL,1.7,1,今天早上，我们已经跟您谈过这件事,PARLER_DE_A_QN,OBJ_EN,vous en,PASSE_COMPOSE,NOUS,VOUS,EN,,TOPIC,VOUS_EN_AVONS,RECIPIENT,EN_SEMANTIC,ROLE_REVERSAL,"seed=PC_0041; context=Ce matin,"
PC_0482,EN_CLUSTER,ME_EN_QUANTITY,D4,"Ce matin, ils m'en ont demandé trois.",今天早上，他们问我要了三个,今天早上，他们问我要了三个,今天早上，他们问我们要了三个,今天早上，他们问我要了一个,今天早上，我问他们要了三个,RECIPIENT|QUANTITY|ROLE_REVERSAL,1.5,1,今天早上，他们问我要了三个,DEMANDER_QCH_A_QN,OBJ_EN,m'en,PASSE_COMPOSE,ILS,ME,EN,,QUANTITY,M_EN_ONT,RECIPIENT,QUANTITY,ROLE_REVERSAL,"seed=PC_0042; context=Ce matin,"
PC_0483,EN_CLUSTER,LUI_EN_QUANTITY,D4,"Ce matin, je lui en ai donné deux.",今天早上，我给了他两个,今天早上，我给了他两个,今天早上，我给了他们两个,今天早上，我给了他一个,今天早上，他给了我两个,RECIPIENT|QUANTITY|ROLE_REVERSAL,1.7,1,今天早上，我给了他两个,DONNER_QCH_A_QN,COI_EN,lui en,PASSE_COMPOSE,JE,LUI,EN,,QUANTITY,LUI_EN_AI,RECIPIENT,QUANTITY,ROLE_REVERSAL,"seed=PC_0043; context=Ce matin,"
PC_0484,EN_CLUSTER,LEUR_EN_QUANTITY,D4,"Ce matin, on leur en a envoyé trois.",今天早上，有人给他们发了三个,今天早上，有人给他们发了三个,今天早上，有人给他发了三个,今天早上，有人给他们发了一个,今天早上，他们给别人发了三个,RECIPIENT|QUANTITY|ROLE_REVERSAL,1.5,1,今天早上，有人给他们发了三个,ENVOYER_QCH_A_QN,COI_EN,leur en,PASSE_COMPOSE,ON,LEUR,EN,,QUANTITY,LEUR_EN_A,RECIPIENT,QUANTITY,ROLE_REVERSAL,"seed=PC_0044; context=Ce matin,"
PC_0485,EN_CLUSTER,LUI_EN_TOPIC,D3,"En ce moment, elle lui en parle souvent.",目前，她经常跟他谈这件事,目前，她经常跟他谈这件事,目前，她经常跟他们谈这件事,目前，她经常跟他谈别的事,目前，他经常跟她谈这件事,RECIPIENT|EN_SEMANTIC|ROLE_REVERSAL,1.0,1,目前，她经常跟他谈这件事,PARLER_DE_A_QN,COI_EN,lui en,PRESENT,ELLE,LUI,EN,,TOPIC,,RECIPIENT,EN_SEMANTIC,ROLE_REVERSAL,"seed=PC_0045; context=En ce moment,"
PC_0486,EN_CLUSTER,LEUR_EN_QUANTITY,D3,"Bientôt, nous leur en proposerons plusieurs.",很快，我们会给他们提好几个,很快，我们会给他们提好几个,很快，我们会给他提好几个,很快，我们会给他们只提一个,很快，他们会给我们提好几个,RECIPIENT|QUANTITY|ROLE_REVERSAL,1.0,1,很快，我们会给他们提好几个,PROPOSER_QCH_A_QN,COI_EN,leur en,FUTUR_SIMPLE,NOUS,LEUR,EN,,QUANTITY,,RECIPIENT,QUANTITY,ROLE_REVERSAL,"seed=PC_0046; context=Bientôt,"
PC_0487,EN_CLUSTER,LUI_EN_QUANTITY,D4,"Ce matin, vous lui en avez demandé combien ?",今天早上，您问他要了多少个？,今天早上，您问他要了多少个？,今天早上，您问他们要了多少个？,今天早上，您只问他要了一个,今天早上，他问您要了多少个？,RECIPIENT|QUANTITY|ROLE_REVERSAL,1.5,1,今天早上，您问他要了多少个？,DEMANDER_QCH_A_QN,COI_EN,lui en,PASSE_COMPOSE,VOUS,LUI,EN,,QUANTITY,VOUS_LUI_EN_AVEZ,RECIPIENT,QUANTITY,ROLE_REVERSAL,"seed=PC_0047; context=Ce matin,"
PC_0488,EN_CLUSTER,EN_QUANTITY,D2,"Ce matin, j'en ai acheté deux.",今天早上，我买了两个,今天早上，我买了两个,今天早上，他买了两个,今天早上，我买了一个,今天早上，我卖了两个,SUBJECT|QUANTITY|LEXICAL,1.5,1,今天早上，我买了两个,ACHETER_QCH,SINGLE_EN,en,PASSE_COMPOSE,JE,EN,,,QUANTITY,EN_AI,SUBJECT,QUANTITY,LEXICAL,"seed=PC_0048; context=Ce matin,"
PC_0489,EN_CLUSTER,EN_QUANTITY,D2,"En ce moment, il en reste encore trois.",目前，还剩三个,目前，还剩三个,目前，还剩一个,目前，已经一个都不剩了,目前，还有三个要买,QUANTITY|POLARITY|LEXICAL,1.0,1,目前，还剩三个,RESTER_QUANTITE,SINGLE_EN,en,PRESENT,IL_IMPERSONAL,EN,,,QUANTITY,,QUANTITY,POLARITY,LEXICAL,"seed=PC_0049; context=En ce moment,"
PC_0490,EN_CLUSTER,EN_QUANTITY,D2,"Ce matin, nous en avons reçu plusieurs.",今天早上，我们收到了好几个,今天早上，我们收到了好几个,今天早上，他们收到了好几个,今天早上，我们只收到一个,今天早上，我们寄出了好几个,SUBJECT|QUANTITY|LEXICAL,1.5,1,今天早上，我们收到了好几个,RECEVOIR_QCH,SINGLE_EN,en,PASSE_COMPOSE,NOUS,EN,,,QUANTITY,NOUS_EN_AVONS,SUBJECT,QUANTITY,LEXICAL,"seed=PC_0050; context=Ce matin,"
PC_0491,EN_CLUSTER,EN_QUANTITY,D1,"En ce moment, elle en veut un.",目前，她想要一个,目前，她想要一个,目前，他想要一个,目前，她想要两个,目前，她已经有一个,SUBJECT|QUANTITY|LEXICAL,1.0,1,目前，她想要一个,VOULOIR_QCH,SINGLE_EN,en,PRESENT,ELLE,EN,,,QUANTITY,,SUBJECT,QUANTITY,LEXICAL,"seed=PC_0051; context=En ce moment,"
PC_0492,EN_CLUSTER,EN_LEXICAL,D2,"Ce matin, vous en avez besoin.",今天早上，您需要这个,今天早上，您需要这个,今天早上，他们需要这个,今天早上，您不需要这个,今天早上，您需要这些,SUBJECT|POLARITY|NUMBER,1.7,1,今天早上，您需要这个,AVOIR_BESOIN_DE,SINGLE_EN,en,PRESENT,VOUS,EN,,,LEXICAL_EN,VOUS_EN_AVEZ,SUBJECT,POLARITY,NUMBER,"seed=PC_0052; context=Ce matin,"
PC_0493,EN_CLUSTER,ME_EN_TOPIC,D4,"Hier matin, il m'en a parlé.",昨天早上，他跟我提过这件事,昨天早上，他跟我提过这件事,昨天早上，他跟我们提过这件事,昨天早上，他跟我提过这些东西,昨天早上，我跟他提过这件事,RECIPIENT|EN_SEMANTIC|ROLE_REVERSAL,2.0,1,昨天早上，他跟我提过这件事,PARLER_DE_A_QN,OBJ_EN,m'en,PASSE_COMPOSE,IL,ME,EN,,TOPIC,M_EN_A,RECIPIENT,EN_SEMANTIC,ROLE_REVERSAL,"seed=PC_0035; context=Hier matin,"
PC_0494,EN_CLUSTER,VOUS_EN_TOPIC,D3,"Plus tard, je vous en parlerai.",之后，我会跟您谈这件事,之后，我会跟您谈这件事,之后，我会跟他们谈这件事,之后，我会跟您谈别的事,之后，您会跟我谈这件事,RECIPIENT|EN_SEMANTIC|ROLE_REVERSAL,1.0,1,之后，我会跟您谈这件事,PARLER_DE_A_QN,OBJ_EN,vous en,FUTUR_SIMPLE,JE,VOUS,EN,,TOPIC,,RECIPIENT,EN_SEMANTIC,ROLE_REVERSAL,"seed=PC_0036; context=Plus tard,"
PC_0495,EN_CLUSTER,ME_EN_QUANTITY,D4,"Hier matin, tu m'en as envoyé deux.",昨天早上，你给我发了两个,昨天早上，你给我发了两个,昨天早上，你给他们发了两个,昨天早上，你给我发了一个,昨天早上，我给你发了两个,RECIPIENT|QUANTITY|ROLE_REVERSAL,1.7,1,昨天早上，你给我发了两个,ENVOYER_QCH_A_QN,OBJ_EN,m'en,PASSE_COMPOSE,TU,ME,EN,,QUANTITY,M_EN_AS,RECIPIENT,QUANTITY,ROLE_REVERSAL,"seed=PC_0037; context=Hier matin,"
PC_0496,EN_CLUSTER,NOUS_EN_QUANTITY,D4,"Hier matin, on nous en a proposé plusieurs.",昨天早上，有人给我们提了好几个,昨天早上，有人给我们提了好几个,昨天早上，有人给他们提了好几个,昨天早上，有人给我们只提了一个,昨天早上，我们给别人提了好几个,RECIPIENT|QUANTITY|ROLE_REVERSAL,1.7,1,昨天早上，有人给我们提了好几个,PROPOSER_QCH_A_QN,OBJ_EN,nous en,PASSE_COMPOSE,ON,NOUS,EN,,QUANTITY,NOUS_EN_A,RECIPIENT,QUANTITY,ROLE_REVERSAL,"seed=PC_0038; context=Hier matin,"
PC_0497,EN_CLUSTER,VOUS_EN_QUANTITY,D3,"Plus tard, elle vous en donnera un.",之后，她会给您一个,之后，她会给您一个,之后，她会给他们一个,之后，她会给您两个,之后，您会给她一个,RECIPIENT|QUANTITY|ROLE_REVERSAL,1.0,1,之后，她会给您一个,DONNER_QCH_A_QN,OBJ_EN,vous en,FUTUR_SIMPLE,ELLE,VOUS,EN,,QUANTITY,,RECIPIENT,QUANTITY,ROLE_REVERSAL,"seed=PC_0039; context=Plus tard,"
PC_0498,EN_CLUSTER,TE_EN_QUANTITY,D4,"Hier matin, je t'en ai réservé deux.",昨天早上，我给你预留了两个,昨天早上，我给你预留了两个,昨天早上，我给他预留了两个,昨天早上，我给你预留了一个,昨天早上，你给我预留了两个,RECIPIENT|QUANTITY|ROLE_REVERSAL,1.7,1,昨天早上，我给你预留了两个,RESERVER_QCH_A_QN,OBJ_EN,t'en,PASSE_COMPOSE,JE,TE,EN,,QUANTITY,T_EN_AI,RECIPIENT,QUANTITY,ROLE_REVERSAL,"seed=PC_0040; context=Hier matin,"
PC_0499,EN_CLUSTER,VOUS_EN_TOPIC,D4,"Hier matin, nous vous en avons déjà parlé.",昨天早上，我们已经跟您谈过这件事,昨天早上，我们已经跟您谈过这件事,昨天早上，我们已经跟他们谈过这件事,昨天早上，我们已经跟您谈过这些东西,昨天早上，您已经跟我们谈过这件事,RECIPIENT|EN_SEMANTIC|ROLE_REVERSAL,1.7,1,昨天早上，我们已经跟您谈过这件事,PARLER_DE_A_QN,OBJ_EN,vous en,PASSE_COMPOSE,NOUS,VOUS,EN,,TOPIC,VOUS_EN_AVONS,RECIPIENT,EN_SEMANTIC,ROLE_REVERSAL,"seed=PC_0041; context=Hier matin,"
PC_0500,EN_CLUSTER,ME_EN_QUANTITY,D4,"Hier matin, ils m'en ont demandé trois.",昨天早上，他们问我要了三个,昨天早上，他们问我要了三个,昨天早上，他们问我们要了三个,昨天早上，他们问我要了一个,昨天早上，我问他们要了三个,RECIPIENT|QUANTITY|ROLE_REVERSAL,1.5,1,昨天早上，他们问我要了三个,DEMANDER_QCH_A_QN,OBJ_EN,m'en,PASSE_COMPOSE,ILS,ME,EN,,QUANTITY,M_EN_ONT,RECIPIENT,QUANTITY,ROLE_REVERSAL,"seed=PC_0042; context=Hier matin,"
PC_0501,EN_CLUSTER,LUI_EN_QUANTITY,D4,"Hier matin, je lui en ai donné deux.",昨天早上，我给了他两个,昨天早上，我给了他两个,昨天早上，我给了他们两个,昨天早上，我给了他一个,昨天早上，他给了我两个,RECIPIENT|QUANTITY|ROLE_REVERSAL,1.7,1,昨天早上，我给了他两个,DONNER_QCH_A_QN,COI_EN,lui en,PASSE_COMPOSE,JE,LUI,EN,,QUANTITY,LUI_EN_AI,RECIPIENT,QUANTITY,ROLE_REVERSAL,"seed=PC_0043; context=Hier matin,"
PC_0502,EN_CLUSTER,LEUR_EN_QUANTITY,D4,"Hier matin, on leur en a envoyé trois.",昨天早上，有人给他们发了三个,昨天早上，有人给他们发了三个,昨天早上，有人给他发了三个,昨天早上，有人给他们发了一个,昨天早上，他们给别人发了三个,RECIPIENT|QUANTITY|ROLE_REVERSAL,1.5,1,昨天早上，有人给他们发了三个,ENVOYER_QCH_A_QN,COI_EN,leur en,PASSE_COMPOSE,ON,LEUR,EN,,QUANTITY,LEUR_EN_A,RECIPIENT,QUANTITY,ROLE_REVERSAL,"seed=PC_0044; context=Hier matin,"
PC_0503,EN_CLUSTER,LUI_EN_TOPIC,D3,"Pour l'instant, elle lui en parle souvent.",目前，她经常跟他谈这件事,目前，她经常跟他谈这件事,目前，她经常跟他们谈这件事,目前，她经常跟他谈别的事,目前，他经常跟她谈这件事,RECIPIENT|EN_SEMANTIC|ROLE_REVERSAL,1.0,1,目前，她经常跟他谈这件事,PARLER_DE_A_QN,COI_EN,lui en,PRESENT,ELLE,LUI,EN,,TOPIC,,RECIPIENT,EN_SEMANTIC,ROLE_REVERSAL,"seed=PC_0045; context=Pour l'instant,"
PC_0504,EN_CLUSTER,LEUR_EN_QUANTITY,D3,"Plus tard, nous leur en proposerons plusieurs.",之后，我们会给他们提好几个,之后，我们会给他们提好几个,之后，我们会给他提好几个,之后，我们会给他们只提一个,之后，他们会给我们提好几个,RECIPIENT|QUANTITY|ROLE_REVERSAL,1.0,1,之后，我们会给他们提好几个,PROPOSER_QCH_A_QN,COI_EN,leur en,FUTUR_SIMPLE,NOUS,LEUR,EN,,QUANTITY,,RECIPIENT,QUANTITY,ROLE_REVERSAL,"seed=PC_0046; context=Plus tard,"
PC_0505,EN_CLUSTER,LUI_EN_QUANTITY,D4,"Hier matin, vous lui en avez demandé combien ?",昨天早上，您问他要了多少个？,昨天早上，您问他要了多少个？,昨天早上，您问他们要了多少个？,昨天早上，您只问他要了一个,昨天早上，他问您要了多少个？,RECIPIENT|QUANTITY|ROLE_REVERSAL,1.5,1,昨天早上，您问他要了多少个？,DEMANDER_QCH_A_QN,COI_EN,lui en,PASSE_COMPOSE,VOUS,LUI,EN,,QUANTITY,VOUS_LUI_EN_AVEZ,RECIPIENT,QUANTITY,ROLE_REVERSAL,"seed=PC_0047; context=Hier matin,"
PC_0506,EN_CLUSTER,EN_QUANTITY,D2,"Hier matin, j'en ai acheté deux.",昨天早上，我买了两个,昨天早上，我买了两个,昨天早上，他买了两个,昨天早上，我买了一个,昨天早上，我卖了两个,SUBJECT|QUANTITY|LEXICAL,1.5,1,昨天早上，我买了两个,ACHETER_QCH,SINGLE_EN,en,PASSE_COMPOSE,JE,EN,,,QUANTITY,EN_AI,SUBJECT,QUANTITY,LEXICAL,"seed=PC_0048; context=Hier matin,"
PC_0507,EN_CLUSTER,EN_QUANTITY,D2,"Pour l'instant, il en reste encore trois.",目前，还剩三个,目前，还剩三个,目前，还剩一个,目前，已经一个都不剩了,目前，还有三个要买,QUANTITY|POLARITY|LEXICAL,1.0,1,目前，还剩三个,RESTER_QUANTITE,SINGLE_EN,en,PRESENT,IL_IMPERSONAL,EN,,,QUANTITY,,QUANTITY,POLARITY,LEXICAL,"seed=PC_0049; context=Pour l'instant,"
PC_0508,EN_CLUSTER,EN_QUANTITY,D2,"Hier matin, nous en avons reçu plusieurs.",昨天早上，我们收到了好几个,昨天早上，我们收到了好几个,昨天早上，他们收到了好几个,昨天早上，我们只收到一个,昨天早上，我们寄出了好几个,SUBJECT|QUANTITY|LEXICAL,1.5,1,昨天早上，我们收到了好几个,RECEVOIR_QCH,SINGLE_EN,en,PASSE_COMPOSE,NOUS,EN,,,QUANTITY,NOUS_EN_AVONS,SUBJECT,QUANTITY,LEXICAL,"seed=PC_0050; context=Hier matin,"
PC_0509,EN_CLUSTER,EN_QUANTITY,D1,"Pour l'instant, elle en veut un.",目前，她想要一个,目前，她想要一个,目前，他想要一个,目前，她想要两个,目前，她已经有一个,SUBJECT|QUANTITY|LEXICAL,1.0,1,目前，她想要一个,VOULOIR_QCH,SINGLE_EN,en,PRESENT,ELLE,EN,,,QUANTITY,,SUBJECT,QUANTITY,LEXICAL,"seed=PC_0051; context=Pour l'instant,"
PC_0510,EN_CLUSTER,EN_LEXICAL,D2,"Hier matin, vous en avez besoin.",昨天早上，您需要这个,昨天早上，您需要这个,昨天早上，他们需要这个,昨天早上，您不需要这个,昨天早上，您需要这些,SUBJECT|POLARITY|NUMBER,1.7,1,昨天早上，您需要这个,AVOIR_BESOIN_DE,SINGLE_EN,en,PRESENT,VOUS,EN,,,LEXICAL_EN,VOUS_EN_AVEZ,SUBJECT,POLARITY,NUMBER,"seed=PC_0052; context=Hier matin,"
PC_0511,EN_CLUSTER,ME_EN_TOPIC,D4,"Hier soir, il m'en a parlé.",昨晚，他跟我提过这件事,昨晚，他跟我提过这件事,昨晚，他跟我们提过这件事,昨晚，他跟我提过这些东西,昨晚，我跟他提过这件事,RECIPIENT|EN_SEMANTIC|ROLE_REVERSAL,2.0,1,昨晚，他跟我提过这件事,PARLER_DE_A_QN,OBJ_EN,m'en,PASSE_COMPOSE,IL,ME,EN,,TOPIC,M_EN_A,RECIPIENT,EN_SEMANTIC,ROLE_REVERSAL,"seed=PC_0035; context=Hier soir,"
PC_0512,EN_CLUSTER,VOUS_EN_TOPIC,D3,"La semaine prochaine, je vous en parlerai.",下周，我会跟您谈这件事,下周，我会跟您谈这件事,下周，我会跟他们谈这件事,下周，我会跟您谈别的事,下周，您会跟我谈这件事,RECIPIENT|EN_SEMANTIC|ROLE_REVERSAL,1.0,1,下周，我会跟您谈这件事,PARLER_DE_A_QN,OBJ_EN,vous en,FUTUR_SIMPLE,JE,VOUS,EN,,TOPIC,,RECIPIENT,EN_SEMANTIC,ROLE_REVERSAL,"seed=PC_0036; context=La semaine prochaine,"
PC_0513,EN_CLUSTER,ME_EN_QUANTITY,D4,"Hier soir, tu m'en as envoyé deux.",昨晚，你给我发了两个,昨晚，你给我发了两个,昨晚，你给他们发了两个,昨晚，你给我发了一个,昨晚，我给你发了两个,RECIPIENT|QUANTITY|ROLE_REVERSAL,1.7,1,昨晚，你给我发了两个,ENVOYER_QCH_A_QN,OBJ_EN,m'en,PASSE_COMPOSE,TU,ME,EN,,QUANTITY,M_EN_AS,RECIPIENT,QUANTITY,ROLE_REVERSAL,"seed=PC_0037; context=Hier soir,"
PC_0514,EN_CLUSTER,NOUS_EN_QUANTITY,D4,"Hier soir, on nous en a proposé plusieurs.",昨晚，有人给我们提了好几个,昨晚，有人给我们提了好几个,昨晚，有人给他们提了好几个,昨晚，有人给我们只提了一个,昨晚，我们给别人提了好几个,RECIPIENT|QUANTITY|ROLE_REVERSAL,1.7,1,昨晚，有人给我们提了好几个,PROPOSER_QCH_A_QN,OBJ_EN,nous en,PASSE_COMPOSE,ON,NOUS,EN,,QUANTITY,NOUS_EN_A,RECIPIENT,QUANTITY,ROLE_REVERSAL,"seed=PC_0038; context=Hier soir,"
PC_0515,EN_CLUSTER,VOUS_EN_QUANTITY,D3,"La semaine prochaine, elle vous en donnera un.",下周，她会给您一个,下周，她会给您一个,下周，她会给他们一个,下周，她会给您两个,下周，您会给她一个,RECIPIENT|QUANTITY|ROLE_REVERSAL,1.0,1,下周，她会给您一个,DONNER_QCH_A_QN,OBJ_EN,vous en,FUTUR_SIMPLE,ELLE,VOUS,EN,,QUANTITY,,RECIPIENT,QUANTITY,ROLE_REVERSAL,"seed=PC_0039; context=La semaine prochaine,"
PC_0516,EN_CLUSTER,TE_EN_QUANTITY,D4,"Hier soir, je t'en ai réservé deux.",昨晚，我给你预留了两个,昨晚，我给你预留了两个,昨晚，我给他预留了两个,昨晚，我给你预留了一个,昨晚，你给我预留了两个,RECIPIENT|QUANTITY|ROLE_REVERSAL,1.7,1,昨晚，我给你预留了两个,RESERVER_QCH_A_QN,OBJ_EN,t'en,PASSE_COMPOSE,JE,TE,EN,,QUANTITY,T_EN_AI,RECIPIENT,QUANTITY,ROLE_REVERSAL,"seed=PC_0040; context=Hier soir,"
PC_0517,EN_CLUSTER,VOUS_EN_TOPIC,D4,"Hier soir, nous vous en avons déjà parlé.",昨晚，我们已经跟您谈过这件事,昨晚，我们已经跟您谈过这件事,昨晚，我们已经跟他们谈过这件事,昨晚，我们已经跟您谈过这些东西,昨晚，您已经跟我们谈过这件事,RECIPIENT|EN_SEMANTIC|ROLE_REVERSAL,1.7,1,昨晚，我们已经跟您谈过这件事,PARLER_DE_A_QN,OBJ_EN,vous en,PASSE_COMPOSE,NOUS,VOUS,EN,,TOPIC,VOUS_EN_AVONS,RECIPIENT,EN_SEMANTIC,ROLE_REVERSAL,"seed=PC_0041; context=Hier soir,"
PC_0518,EN_CLUSTER,ME_EN_QUANTITY,D4,"Hier soir, ils m'en ont demandé trois.",昨晚，他们问我要了三个,昨晚，他们问我要了三个,昨晚，他们问我们要了三个,昨晚，他们问我要了一个,昨晚，我问他们要了三个,RECIPIENT|QUANTITY|ROLE_REVERSAL,1.5,1,昨晚，他们问我要了三个,DEMANDER_QCH_A_QN,OBJ_EN,m'en,PASSE_COMPOSE,ILS,ME,EN,,QUANTITY,M_EN_ONT,RECIPIENT,QUANTITY,ROLE_REVERSAL,"seed=PC_0042; context=Hier soir,"
PC_0519,EN_CLUSTER,LUI_EN_QUANTITY,D4,"Hier soir, je lui en ai donné deux.",昨晚，我给了他两个,昨晚，我给了他两个,昨晚，我给了他们两个,昨晚，我给了他一个,昨晚，他给了我两个,RECIPIENT|QUANTITY|ROLE_REVERSAL,1.7,1,昨晚，我给了他两个,DONNER_QCH_A_QN,COI_EN,lui en,PASSE_COMPOSE,JE,LUI,EN,,QUANTITY,LUI_EN_AI,RECIPIENT,QUANTITY,ROLE_REVERSAL,"seed=PC_0043; context=Hier soir,"
PC_0520,EN_CLUSTER,LEUR_EN_QUANTITY,D4,"Hier soir, on leur en a envoyé trois.",昨晚，有人给他们发了三个,昨晚，有人给他们发了三个,昨晚，有人给他发了三个,昨晚，有人给他们发了一个,昨晚，他们给别人发了三个,RECIPIENT|QUANTITY|ROLE_REVERSAL,1.5,1,昨晚，有人给他们发了三个,ENVOYER_QCH_A_QN,COI_EN,leur en,PASSE_COMPOSE,ON,LEUR,EN,,QUANTITY,LEUR_EN_A,RECIPIENT,QUANTITY,ROLE_REVERSAL,"seed=PC_0044; context=Hier soir,"
PC_0521,EN_CLUSTER,LUI_EN_TOPIC,D3,"Cette fois, elle lui en parle souvent.",这次，她经常跟他谈这件事,这次，她经常跟他谈这件事,这次，她经常跟他们谈这件事,这次，她经常跟他谈别的事,这次，他经常跟她谈这件事,RECIPIENT|EN_SEMANTIC|ROLE_REVERSAL,1.0,1,这次，她经常跟他谈这件事,PARLER_DE_A_QN,COI_EN,lui en,PRESENT,ELLE,LUI,EN,,TOPIC,,RECIPIENT,EN_SEMANTIC,ROLE_REVERSAL,"seed=PC_0045; context=Cette fois,"
PC_0522,EN_CLUSTER,LEUR_EN_QUANTITY,D3,"La semaine prochaine, nous leur en proposerons plusieurs.",下周，我们会给他们提好几个,下周，我们会给他们提好几个,下周，我们会给他提好几个,下周，我们会给他们只提一个,下周，他们会给我们提好几个,RECIPIENT|QUANTITY|ROLE_REVERSAL,1.0,1,下周，我们会给他们提好几个,PROPOSER_QCH_A_QN,COI_EN,leur en,FUTUR_SIMPLE,NOUS,LEUR,EN,,QUANTITY,,RECIPIENT,QUANTITY,ROLE_REVERSAL,"seed=PC_0046; context=La semaine prochaine,"
PC_0523,EN_CLUSTER,LUI_EN_QUANTITY,D4,"Hier soir, vous lui en avez demandé combien ?",昨晚，您问他要了多少个？,昨晚，您问他要了多少个？,昨晚，您问他们要了多少个？,昨晚，您只问他要了一个,昨晚，他问您要了多少个？,RECIPIENT|QUANTITY|ROLE_REVERSAL,1.5,1,昨晚，您问他要了多少个？,DEMANDER_QCH_A_QN,COI_EN,lui en,PASSE_COMPOSE,VOUS,LUI,EN,,QUANTITY,VOUS_LUI_EN_AVEZ,RECIPIENT,QUANTITY,ROLE_REVERSAL,"seed=PC_0047; context=Hier soir,"
PC_0524,EN_CLUSTER,EN_QUANTITY,D2,"Hier soir, j'en ai acheté deux.",昨晚，我买了两个,昨晚，我买了两个,昨晚，他买了两个,昨晚，我买了一个,昨晚，我卖了两个,SUBJECT|QUANTITY|LEXICAL,1.5,1,昨晚，我买了两个,ACHETER_QCH,SINGLE_EN,en,PASSE_COMPOSE,JE,EN,,,QUANTITY,EN_AI,SUBJECT,QUANTITY,LEXICAL,"seed=PC_0048; context=Hier soir,"
PC_0525,EN_CLUSTER,EN_QUANTITY,D2,"Cette fois, il en reste encore trois.",这次，还剩三个,这次，还剩三个,这次，还剩一个,这次，已经一个都不剩了,这次，还有三个要买,QUANTITY|POLARITY|LEXICAL,1.0,1,这次，还剩三个,RESTER_QUANTITE,SINGLE_EN,en,PRESENT,IL_IMPERSONAL,EN,,,QUANTITY,,QUANTITY,POLARITY,LEXICAL,"seed=PC_0049; context=Cette fois,"
PC_0526,EN_CLUSTER,EN_QUANTITY,D2,"Hier soir, nous en avons reçu plusieurs.",昨晚，我们收到了好几个,昨晚，我们收到了好几个,昨晚，他们收到了好几个,昨晚，我们只收到一个,昨晚，我们寄出了好几个,SUBJECT|QUANTITY|LEXICAL,1.5,1,昨晚，我们收到了好几个,RECEVOIR_QCH,SINGLE_EN,en,PASSE_COMPOSE,NOUS,EN,,,QUANTITY,NOUS_EN_AVONS,SUBJECT,QUANTITY,LEXICAL,"seed=PC_0050; context=Hier soir,"
PC_0527,EN_CLUSTER,EN_QUANTITY,D1,"Cette fois, elle en veut un.",这次，她想要一个,这次，她想要一个,这次，他想要一个,这次，她想要两个,这次，她已经有一个,SUBJECT|QUANTITY|LEXICAL,1.0,1,这次，她想要一个,VOULOIR_QCH,SINGLE_EN,en,PRESENT,ELLE,EN,,,QUANTITY,,SUBJECT,QUANTITY,LEXICAL,"seed=PC_0051; context=Cette fois,"
PC_0528,EN_CLUSTER,EN_LEXICAL,D2,"Hier soir, vous en avez besoin.",昨晚，您需要这个,昨晚，您需要这个,昨晚，他们需要这个,昨晚，您不需要这个,昨晚，您需要这些,SUBJECT|POLARITY|NUMBER,1.7,1,昨晚，您需要这个,AVOIR_BESOIN_DE,SINGLE_EN,en,PRESENT,VOUS,EN,,,LEXICAL_EN,VOUS_EN_AVEZ,SUBJECT,POLARITY,NUMBER,"seed=PC_0052; context=Hier soir,"
PC_0529,EN_CLUSTER,ME_EN_TOPIC,D4,"Récemment, il m'en a parlé.",最近，他跟我提过这件事,最近，他跟我提过这件事,最近，他跟我们提过这件事,最近，他跟我提过这些东西,最近，我跟他提过这件事,RECIPIENT|EN_SEMANTIC|ROLE_REVERSAL,2.0,1,最近，他跟我提过这件事,PARLER_DE_A_QN,OBJ_EN,m'en,PASSE_COMPOSE,IL,ME,EN,,TOPIC,M_EN_A,RECIPIENT,EN_SEMANTIC,ROLE_REVERSAL,"seed=PC_0035; context=Récemment,"
PC_0530,EN_CLUSTER,VOUS_EN_TOPIC,D3,"Le mois prochain, je vous en parlerai.",下个月，我会跟您谈这件事,下个月，我会跟您谈这件事,下个月，我会跟他们谈这件事,下个月，我会跟您谈别的事,下个月，您会跟我谈这件事,RECIPIENT|EN_SEMANTIC|ROLE_REVERSAL,1.0,1,下个月，我会跟您谈这件事,PARLER_DE_A_QN,OBJ_EN,vous en,FUTUR_SIMPLE,JE,VOUS,EN,,TOPIC,,RECIPIENT,EN_SEMANTIC,ROLE_REVERSAL,"seed=PC_0036; context=Le mois prochain,"
PC_0531,EN_CLUSTER,ME_EN_QUANTITY,D4,"Récemment, tu m'en as envoyé deux.",最近，你给我发了两个,最近，你给我发了两个,最近，你给他们发了两个,最近，你给我发了一个,最近，我给你发了两个,RECIPIENT|QUANTITY|ROLE_REVERSAL,1.7,1,最近，你给我发了两个,ENVOYER_QCH_A_QN,OBJ_EN,m'en,PASSE_COMPOSE,TU,ME,EN,,QUANTITY,M_EN_AS,RECIPIENT,QUANTITY,ROLE_REVERSAL,"seed=PC_0037; context=Récemment,"
PC_0532,EN_CLUSTER,NOUS_EN_QUANTITY,D4,"Récemment, on nous en a proposé plusieurs.",最近，有人给我们提了好几个,最近，有人给我们提了好几个,最近，有人给他们提了好几个,最近，有人给我们只提了一个,最近，我们给别人提了好几个,RECIPIENT|QUANTITY|ROLE_REVERSAL,1.7,1,最近，有人给我们提了好几个,PROPOSER_QCH_A_QN,OBJ_EN,nous en,PASSE_COMPOSE,ON,NOUS,EN,,QUANTITY,NOUS_EN_A,RECIPIENT,QUANTITY,ROLE_REVERSAL,"seed=PC_0038; context=Récemment,"
PC_0533,EN_CLUSTER,VOUS_EN_QUANTITY,D3,"Le mois prochain, elle vous en donnera un.",下个月，她会给您一个,下个月，她会给您一个,下个月，她会给他们一个,下个月，她会给您两个,下个月，您会给她一个,RECIPIENT|QUANTITY|ROLE_REVERSAL,1.0,1,下个月，她会给您一个,DONNER_QCH_A_QN,OBJ_EN,vous en,FUTUR_SIMPLE,ELLE,VOUS,EN,,QUANTITY,,RECIPIENT,QUANTITY,ROLE_REVERSAL,"seed=PC_0039; context=Le mois prochain,"
PC_0534,EN_CLUSTER,TE_EN_QUANTITY,D4,"Récemment, je t'en ai réservé deux.",最近，我给你预留了两个,最近，我给你预留了两个,最近，我给他预留了两个,最近，我给你预留了一个,最近，你给我预留了两个,RECIPIENT|QUANTITY|ROLE_REVERSAL,1.7,1,最近，我给你预留了两个,RESERVER_QCH_A_QN,OBJ_EN,t'en,PASSE_COMPOSE,JE,TE,EN,,QUANTITY,T_EN_AI,RECIPIENT,QUANTITY,ROLE_REVERSAL,"seed=PC_0040; context=Récemment,"
PC_0535,EN_CLUSTER,VOUS_EN_TOPIC,D4,"Récemment, nous vous en avons déjà parlé.",最近，我们已经跟您谈过这件事,最近，我们已经跟您谈过这件事,最近，我们已经跟他们谈过这件事,最近，我们已经跟您谈过这些东西,最近，您已经跟我们谈过这件事,RECIPIENT|EN_SEMANTIC|ROLE_REVERSAL,1.7,1,最近，我们已经跟您谈过这件事,PARLER_DE_A_QN,OBJ_EN,vous en,PASSE_COMPOSE,NOUS,VOUS,EN,,TOPIC,VOUS_EN_AVONS,RECIPIENT,EN_SEMANTIC,ROLE_REVERSAL,"seed=PC_0041; context=Récemment,"
PC_0536,EN_CLUSTER,ME_EN_QUANTITY,D4,"Récemment, ils m'en ont demandé trois.",最近，他们问我要了三个,最近，他们问我要了三个,最近，他们问我们要了三个,最近，他们问我要了一个,最近，我问他们要了三个,RECIPIENT|QUANTITY|ROLE_REVERSAL,1.5,1,最近，他们问我要了三个,DEMANDER_QCH_A_QN,OBJ_EN,m'en,PASSE_COMPOSE,ILS,ME,EN,,QUANTITY,M_EN_ONT,RECIPIENT,QUANTITY,ROLE_REVERSAL,"seed=PC_0042; context=Récemment,"
PC_0537,EN_CLUSTER,LUI_EN_QUANTITY,D4,"Récemment, je lui en ai donné deux.",最近，我给了他两个,最近，我给了他两个,最近，我给了他们两个,最近，我给了他一个,最近，他给了我两个,RECIPIENT|QUANTITY|ROLE_REVERSAL,1.7,1,最近，我给了他两个,DONNER_QCH_A_QN,COI_EN,lui en,PASSE_COMPOSE,JE,LUI,EN,,QUANTITY,LUI_EN_AI,RECIPIENT,QUANTITY,ROLE_REVERSAL,"seed=PC_0043; context=Récemment,"
PC_0538,EN_CLUSTER,LEUR_EN_QUANTITY,D4,"Récemment, on leur en a envoyé trois.",最近，有人给他们发了三个,最近，有人给他们发了三个,最近，有人给他发了三个,最近，有人给他们发了一个,最近，他们给别人发了三个,RECIPIENT|QUANTITY|ROLE_REVERSAL,1.5,1,最近，有人给他们发了三个,ENVOYER_QCH_A_QN,COI_EN,leur en,PASSE_COMPOSE,ON,LEUR,EN,,QUANTITY,LEUR_EN_A,RECIPIENT,QUANTITY,ROLE_REVERSAL,"seed=PC_0044; context=Récemment,"
PC_0539,EN_CLUSTER,LUI_EN_TOPIC,D3,"Actuellement, elle lui en parle souvent.",目前，她经常跟他谈这件事,目前，她经常跟他谈这件事,目前，她经常跟他们谈这件事,目前，她经常跟他谈别的事,目前，他经常跟她谈这件事,RECIPIENT|EN_SEMANTIC|ROLE_REVERSAL,1.0,1,目前，她经常跟他谈这件事,PARLER_DE_A_QN,COI_EN,lui en,PRESENT,ELLE,LUI,EN,,TOPIC,,RECIPIENT,EN_SEMANTIC,ROLE_REVERSAL,"seed=PC_0045; context=Actuellement,"
PC_0540,EN_CLUSTER,LEUR_EN_QUANTITY,D3,"Le mois prochain, nous leur en proposerons plusieurs.",下个月，我们会给他们提好几个,下个月，我们会给他们提好几个,下个月，我们会给他提好几个,下个月，我们会给他们只提一个,下个月，他们会给我们提好几个,RECIPIENT|QUANTITY|ROLE_REVERSAL,1.0,1,下个月，我们会给他们提好几个,PROPOSER_QCH_A_QN,COI_EN,leur en,FUTUR_SIMPLE,NOUS,LEUR,EN,,QUANTITY,,RECIPIENT,QUANTITY,ROLE_REVERSAL,"seed=PC_0046; context=Le mois prochain,"
PC_0541,EN_CLUSTER,LUI_EN_QUANTITY,D4,"Récemment, vous lui en avez demandé combien ?",最近，您问他要了多少个？,最近，您问他要了多少个？,最近，您问他们要了多少个？,最近，您只问他要了一个,最近，他问您要了多少个？,RECIPIENT|QUANTITY|ROLE_REVERSAL,1.5,1,最近，您问他要了多少个？,DEMANDER_QCH_A_QN,COI_EN,lui en,PASSE_COMPOSE,VOUS,LUI,EN,,QUANTITY,VOUS_LUI_EN_AVEZ,RECIPIENT,QUANTITY,ROLE_REVERSAL,"seed=PC_0047; context=Récemment,"
PC_0542,EN_CLUSTER,EN_QUANTITY,D2,"Récemment, j'en ai acheté deux.",最近，我买了两个,最近，我买了两个,最近，他买了两个,最近，我买了一个,最近，我卖了两个,SUBJECT|QUANTITY|LEXICAL,1.5,1,最近，我买了两个,ACHETER_QCH,SINGLE_EN,en,PASSE_COMPOSE,JE,EN,,,QUANTITY,EN_AI,SUBJECT,QUANTITY,LEXICAL,"seed=PC_0048; context=Récemment,"
PC_0543,EN_CLUSTER,EN_QUANTITY,D2,"Actuellement, il en reste encore trois.",目前，还剩三个,目前，还剩三个,目前，还剩一个,目前，已经一个都不剩了,目前，还有三个要买,QUANTITY|POLARITY|LEXICAL,1.0,1,目前，还剩三个,RESTER_QUANTITE,SINGLE_EN,en,PRESENT,IL_IMPERSONAL,EN,,,QUANTITY,,QUANTITY,POLARITY,LEXICAL,"seed=PC_0049; context=Actuellement,"
PC_0544,EN_CLUSTER,EN_QUANTITY,D2,"Récemment, nous en avons reçu plusieurs.",最近，我们收到了好几个,最近，我们收到了好几个,最近，他们收到了好几个,最近，我们只收到一个,最近，我们寄出了好几个,SUBJECT|QUANTITY|LEXICAL,1.5,1,最近，我们收到了好几个,RECEVOIR_QCH,SINGLE_EN,en,PASSE_COMPOSE,NOUS,EN,,,QUANTITY,NOUS_EN_AVONS,SUBJECT,QUANTITY,LEXICAL,"seed=PC_0050; context=Récemment,"
PC_0545,EN_CLUSTER,EN_QUANTITY,D1,"Actuellement, elle en veut un.",目前，她想要一个,目前，她想要一个,目前，他想要一个,目前，她想要两个,目前，她已经有一个,SUBJECT|QUANTITY|LEXICAL,1.0,1,目前，她想要一个,VOULOIR_QCH,SINGLE_EN,en,PRESENT,ELLE,EN,,,QUANTITY,,SUBJECT,QUANTITY,LEXICAL,"seed=PC_0051; context=Actuellement,"
PC_0546,EN_CLUSTER,EN_LEXICAL,D2,"Récemment, vous en avez besoin.",最近，您需要这个,最近，您需要这个,最近，他们需要这个,最近，您不需要这个,最近，您需要这些,SUBJECT|POLARITY|NUMBER,1.7,1,最近，您需要这个,AVOIR_BESOIN_DE,SINGLE_EN,en,PRESENT,VOUS,EN,,,LEXICAL_EN,VOUS_EN_AVEZ,SUBJECT,POLARITY,NUMBER,"seed=PC_0052; context=Récemment,"
PC_0547,EN_CLUSTER,ME_EN_TOPIC,D4,"La semaine dernière, il m'en a parlé.",上周，他跟我提过这件事,上周，他跟我提过这件事,上周，他跟我们提过这件事,上周，他跟我提过这些东西,上周，我跟他提过这件事,RECIPIENT|EN_SEMANTIC|ROLE_REVERSAL,2.0,1,上周，他跟我提过这件事,PARLER_DE_A_QN,OBJ_EN,m'en,PASSE_COMPOSE,IL,ME,EN,,TOPIC,M_EN_A,RECIPIENT,EN_SEMANTIC,ROLE_REVERSAL,"seed=PC_0035; context=La semaine dernière,"
PC_0548,EN_CLUSTER,VOUS_EN_TOPIC,D3,"Dans quelques jours, je vous en parlerai.",过几天，我会跟您谈这件事,过几天，我会跟您谈这件事,过几天，我会跟他们谈这件事,过几天，我会跟您谈别的事,过几天，您会跟我谈这件事,RECIPIENT|EN_SEMANTIC|ROLE_REVERSAL,1.0,1,过几天，我会跟您谈这件事,PARLER_DE_A_QN,OBJ_EN,vous en,FUTUR_SIMPLE,JE,VOUS,EN,,TOPIC,,RECIPIENT,EN_SEMANTIC,ROLE_REVERSAL,"seed=PC_0036; context=Dans quelques jours,"
PC_0549,EN_CLUSTER,ME_EN_QUANTITY,D4,"La semaine dernière, tu m'en as envoyé deux.",上周，你给我发了两个,上周，你给我发了两个,上周，你给他们发了两个,上周，你给我发了一个,上周，我给你发了两个,RECIPIENT|QUANTITY|ROLE_REVERSAL,1.7,1,上周，你给我发了两个,ENVOYER_QCH_A_QN,OBJ_EN,m'en,PASSE_COMPOSE,TU,ME,EN,,QUANTITY,M_EN_AS,RECIPIENT,QUANTITY,ROLE_REVERSAL,"seed=PC_0037; context=La semaine dernière,"
PC_0550,EN_CLUSTER,NOUS_EN_QUANTITY,D4,"La semaine dernière, on nous en a proposé plusieurs.",上周，有人给我们提了好几个,上周，有人给我们提了好几个,上周，有人给他们提了好几个,上周，有人给我们只提了一个,上周，我们给别人提了好几个,RECIPIENT|QUANTITY|ROLE_REVERSAL,1.7,1,上周，有人给我们提了好几个,PROPOSER_QCH_A_QN,OBJ_EN,nous en,PASSE_COMPOSE,ON,NOUS,EN,,QUANTITY,NOUS_EN_A,RECIPIENT,QUANTITY,ROLE_REVERSAL,"seed=PC_0038; context=La semaine dernière,"
PC_0551,EN_CLUSTER,VOUS_EN_QUANTITY,D3,"Dans quelques jours, elle vous en donnera un.",过几天，她会给您一个,过几天，她会给您一个,过几天，她会给他们一个,过几天，她会给您两个,过几天，您会给她一个,RECIPIENT|QUANTITY|ROLE_REVERSAL,1.0,1,过几天，她会给您一个,DONNER_QCH_A_QN,OBJ_EN,vous en,FUTUR_SIMPLE,ELLE,VOUS,EN,,QUANTITY,,RECIPIENT,QUANTITY,ROLE_REVERSAL,"seed=PC_0039; context=Dans quelques jours,"
PC_0552,EN_CLUSTER,TE_EN_QUANTITY,D4,"La semaine dernière, je t'en ai réservé deux.",上周，我给你预留了两个,上周，我给你预留了两个,上周，我给他预留了两个,上周，我给你预留了一个,上周，你给我预留了两个,RECIPIENT|QUANTITY|ROLE_REVERSAL,1.7,1,上周，我给你预留了两个,RESERVER_QCH_A_QN,OBJ_EN,t'en,PASSE_COMPOSE,JE,TE,EN,,QUANTITY,T_EN_AI,RECIPIENT,QUANTITY,ROLE_REVERSAL,"seed=PC_0040; context=La semaine dernière,"
PC_0553,EN_CLUSTER,VOUS_EN_TOPIC,D4,"La semaine dernière, nous vous en avons déjà parlé.",上周，我们已经跟您谈过这件事,上周，我们已经跟您谈过这件事,上周，我们已经跟他们谈过这件事,上周，我们已经跟您谈过这些东西,上周，您已经跟我们谈过这件事,RECIPIENT|EN_SEMANTIC|ROLE_REVERSAL,1.7,1,上周，我们已经跟您谈过这件事,PARLER_DE_A_QN,OBJ_EN,vous en,PASSE_COMPOSE,NOUS,VOUS,EN,,TOPIC,VOUS_EN_AVONS,RECIPIENT,EN_SEMANTIC,ROLE_REVERSAL,"seed=PC_0041; context=La semaine dernière,"
PC_0554,EN_CLUSTER,ME_EN_QUANTITY,D4,"La semaine dernière, ils m'en ont demandé trois.",上周，他们问我要了三个,上周，他们问我要了三个,上周，他们问我们要了三个,上周，他们问我要了一个,上周，我问他们要了三个,RECIPIENT|QUANTITY|ROLE_REVERSAL,1.5,1,上周，他们问我要了三个,DEMANDER_QCH_A_QN,OBJ_EN,m'en,PASSE_COMPOSE,ILS,ME,EN,,QUANTITY,M_EN_ONT,RECIPIENT,QUANTITY,ROLE_REVERSAL,"seed=PC_0042; context=La semaine dernière,"
PC_0555,EN_CLUSTER,LUI_EN_QUANTITY,D4,"La semaine dernière, je lui en ai donné deux.",上周，我给了他两个,上周，我给了他两个,上周，我给了他们两个,上周，我给了他一个,上周，他给了我两个,RECIPIENT|QUANTITY|ROLE_REVERSAL,1.7,1,上周，我给了他两个,DONNER_QCH_A_QN,COI_EN,lui en,PASSE_COMPOSE,JE,LUI,EN,,QUANTITY,LUI_EN_AI,RECIPIENT,QUANTITY,ROLE_REVERSAL,"seed=PC_0043; context=La semaine dernière,"
PC_0556,EN_CLUSTER,LEUR_EN_QUANTITY,D4,"La semaine dernière, on leur en a envoyé trois.",上周，有人给他们发了三个,上周，有人给他们发了三个,上周，有人给他发了三个,上周，有人给他们发了一个,上周，他们给别人发了三个,RECIPIENT|QUANTITY|ROLE_REVERSAL,1.5,1,上周，有人给他们发了三个,ENVOYER_QCH_A_QN,COI_EN,leur en,PASSE_COMPOSE,ON,LEUR,EN,,QUANTITY,LEUR_EN_A,RECIPIENT,QUANTITY,ROLE_REVERSAL,"seed=PC_0044; context=La semaine dernière,"
PC_0557,EN_CLUSTER,LUI_EN_TOPIC,D3,"À présent, elle lui en parle souvent.",现在，她经常跟他谈这件事,现在，她经常跟他谈这件事,现在，她经常跟他们谈这件事,现在，她经常跟他谈别的事,现在，他经常跟她谈这件事,RECIPIENT|EN_SEMANTIC|ROLE_REVERSAL,1.0,1,现在，她经常跟他谈这件事,PARLER_DE_A_QN,COI_EN,lui en,PRESENT,ELLE,LUI,EN,,TOPIC,,RECIPIENT,EN_SEMANTIC,ROLE_REVERSAL,"seed=PC_0045; context=À présent,"
PC_0558,EN_CLUSTER,LEUR_EN_QUANTITY,D3,"Dans quelques jours, nous leur en proposerons plusieurs.",过几天，我们会给他们提好几个,过几天，我们会给他们提好几个,过几天，我们会给他提好几个,过几天，我们会给他们只提一个,过几天，他们会给我们提好几个,RECIPIENT|QUANTITY|ROLE_REVERSAL,1.0,1,过几天，我们会给他们提好几个,PROPOSER_QCH_A_QN,COI_EN,leur en,FUTUR_SIMPLE,NOUS,LEUR,EN,,QUANTITY,,RECIPIENT,QUANTITY,ROLE_REVERSAL,"seed=PC_0046; context=Dans quelques jours,"
PC_0559,EN_CLUSTER,LUI_EN_QUANTITY,D4,"La semaine dernière, vous lui en avez demandé combien ?",上周，您问他要了多少个？,上周，您问他要了多少个？,上周，您问他们要了多少个？,上周，您只问他要了一个,上周，他问您要了多少个？,RECIPIENT|QUANTITY|ROLE_REVERSAL,1.5,1,上周，您问他要了多少个？,DEMANDER_QCH_A_QN,COI_EN,lui en,PASSE_COMPOSE,VOUS,LUI,EN,,QUANTITY,VOUS_LUI_EN_AVEZ,RECIPIENT,QUANTITY,ROLE_REVERSAL,"seed=PC_0047; context=La semaine dernière,"
PC_0560,EN_CLUSTER,EN_QUANTITY,D2,"La semaine dernière, j'en ai acheté deux.",上周，我买了两个,上周，我买了两个,上周，他买了两个,上周，我买了一个,上周，我卖了两个,SUBJECT|QUANTITY|LEXICAL,1.5,1,上周，我买了两个,ACHETER_QCH,SINGLE_EN,en,PASSE_COMPOSE,JE,EN,,,QUANTITY,EN_AI,SUBJECT,QUANTITY,LEXICAL,"seed=PC_0048; context=La semaine dernière,"
PC_0561,EN_CLUSTER,EN_QUANTITY,D2,"À présent, il en reste encore trois.",现在，还剩三个,现在，还剩三个,现在，还剩一个,现在，已经一个都不剩了,现在，还有三个要买,QUANTITY|POLARITY|LEXICAL,1.0,1,现在，还剩三个,RESTER_QUANTITE,SINGLE_EN,en,PRESENT,IL_IMPERSONAL,EN,,,QUANTITY,,QUANTITY,POLARITY,LEXICAL,"seed=PC_0049; context=À présent,"
PC_0562,EN_CLUSTER,EN_QUANTITY,D2,"La semaine dernière, nous en avons reçu plusieurs.",上周，我们收到了好几个,上周，我们收到了好几个,上周，他们收到了好几个,上周，我们只收到一个,上周，我们寄出了好几个,SUBJECT|QUANTITY|LEXICAL,1.5,1,上周，我们收到了好几个,RECEVOIR_QCH,SINGLE_EN,en,PASSE_COMPOSE,NOUS,EN,,,QUANTITY,NOUS_EN_AVONS,SUBJECT,QUANTITY,LEXICAL,"seed=PC_0050; context=La semaine dernière,"
PC_0563,EN_CLUSTER,EN_QUANTITY,D1,"À présent, elle en veut un.",现在，她想要一个,现在，她想要一个,现在，他想要一个,现在，她想要两个,现在，她已经有一个,SUBJECT|QUANTITY|LEXICAL,1.0,1,现在，她想要一个,VOULOIR_QCH,SINGLE_EN,en,PRESENT,ELLE,EN,,,QUANTITY,,SUBJECT,QUANTITY,LEXICAL,"seed=PC_0051; context=À présent,"
PC_0564,EN_CLUSTER,EN_LEXICAL,D2,"La semaine dernière, vous en avez besoin.",上周，您需要这个,上周，您需要这个,上周，他们需要这个,上周，您不需要这个,上周，您需要这些,SUBJECT|POLARITY|NUMBER,1.7,1,上周，您需要这个,AVOIR_BESOIN_DE,SINGLE_EN,en,PRESENT,VOUS,EN,,,LEXICAL_EN,VOUS_EN_AVEZ,SUBJECT,POLARITY,NUMBER,"seed=PC_0052; context=La semaine dernière,"
PC_0565,EN_CLUSTER,ME_EN_TOPIC,D4,"Le mois dernier, il m'en a parlé.",上个月，他跟我提过这件事,上个月，他跟我提过这件事,上个月，他跟我们提过这件事,上个月，他跟我提过这些东西,上个月，我跟他提过这件事,RECIPIENT|EN_SEMANTIC|ROLE_REVERSAL,2.0,1,上个月，他跟我提过这件事,PARLER_DE_A_QN,OBJ_EN,m'en,PASSE_COMPOSE,IL,ME,EN,,TOPIC,M_EN_A,RECIPIENT,EN_SEMANTIC,ROLE_REVERSAL,"seed=PC_0035; context=Le mois dernier,"
PC_0566,EN_CLUSTER,VOUS_EN_TOPIC,D3,"Dès demain, je vous en parlerai.",从明天起，我会跟您谈这件事,从明天起，我会跟您谈这件事,从明天起，我会跟他们谈这件事,从明天起，我会跟您谈别的事,从明天起，您会跟我谈这件事,RECIPIENT|EN_SEMANTIC|ROLE_REVERSAL,1.0,1,从明天起，我会跟您谈这件事,PARLER_DE_A_QN,OBJ_EN,vous en,FUTUR_SIMPLE,JE,VOUS,EN,,TOPIC,,RECIPIENT,EN_SEMANTIC,ROLE_REVERSAL,"seed=PC_0036; context=Dès demain,"
PC_0567,EN_CLUSTER,ME_EN_QUANTITY,D4,"Le mois dernier, tu m'en as envoyé deux.",上个月，你给我发了两个,上个月，你给我发了两个,上个月，你给他们发了两个,上个月，你给我发了一个,上个月，我给你发了两个,RECIPIENT|QUANTITY|ROLE_REVERSAL,1.7,1,上个月，你给我发了两个,ENVOYER_QCH_A_QN,OBJ_EN,m'en,PASSE_COMPOSE,TU,ME,EN,,QUANTITY,M_EN_AS,RECIPIENT,QUANTITY,ROLE_REVERSAL,"seed=PC_0037; context=Le mois dernier,"
PC_0568,EN_CLUSTER,NOUS_EN_QUANTITY,D4,"Le mois dernier, on nous en a proposé plusieurs.",上个月，有人给我们提了好几个,上个月，有人给我们提了好几个,上个月，有人给他们提了好几个,上个月，有人给我们只提了一个,上个月，我们给别人提了好几个,RECIPIENT|QUANTITY|ROLE_REVERSAL,1.7,1,上个月，有人给我们提了好几个,PROPOSER_QCH_A_QN,OBJ_EN,nous en,PASSE_COMPOSE,ON,NOUS,EN,,QUANTITY,NOUS_EN_A,RECIPIENT,QUANTITY,ROLE_REVERSAL,"seed=PC_0038; context=Le mois dernier,"
PC_0569,EN_CLUSTER,VOUS_EN_QUANTITY,D3,"Dès demain, elle vous en donnera un.",从明天起，她会给您一个,从明天起，她会给您一个,从明天起，她会给他们一个,从明天起，她会给您两个,从明天起，您会给她一个,RECIPIENT|QUANTITY|ROLE_REVERSAL,1.0,1,从明天起，她会给您一个,DONNER_QCH_A_QN,OBJ_EN,vous en,FUTUR_SIMPLE,ELLE,VOUS,EN,,QUANTITY,,RECIPIENT,QUANTITY,ROLE_REVERSAL,"seed=PC_0039; context=Dès demain,"
PC_0570,EN_CLUSTER,TE_EN_QUANTITY,D4,"Le mois dernier, je t'en ai réservé deux.",上个月，我给你预留了两个,上个月，我给你预留了两个,上个月，我给他预留了两个,上个月，我给你预留了一个,上个月，你给我预留了两个,RECIPIENT|QUANTITY|ROLE_REVERSAL,1.7,1,上个月，我给你预留了两个,RESERVER_QCH_A_QN,OBJ_EN,t'en,PASSE_COMPOSE,JE,TE,EN,,QUANTITY,T_EN_AI,RECIPIENT,QUANTITY,ROLE_REVERSAL,"seed=PC_0040; context=Le mois dernier,"
PC_0571,EN_CLUSTER,VOUS_EN_TOPIC,D4,"Le mois dernier, nous vous en avons déjà parlé.",上个月，我们已经跟您谈过这件事,上个月，我们已经跟您谈过这件事,上个月，我们已经跟他们谈过这件事,上个月，我们已经跟您谈过这些东西,上个月，您已经跟我们谈过这件事,RECIPIENT|EN_SEMANTIC|ROLE_REVERSAL,1.7,1,上个月，我们已经跟您谈过这件事,PARLER_DE_A_QN,OBJ_EN,vous en,PASSE_COMPOSE,NOUS,VOUS,EN,,TOPIC,VOUS_EN_AVONS,RECIPIENT,EN_SEMANTIC,ROLE_REVERSAL,"seed=PC_0041; context=Le mois dernier,"
PC_0572,EN_CLUSTER,ME_EN_QUANTITY,D4,"Le mois dernier, ils m'en ont demandé trois.",上个月，他们问我要了三个,上个月，他们问我要了三个,上个月，他们问我们要了三个,上个月，他们问我要了一个,上个月，我问他们要了三个,RECIPIENT|QUANTITY|ROLE_REVERSAL,1.5,1,上个月，他们问我要了三个,DEMANDER_QCH_A_QN,OBJ_EN,m'en,PASSE_COMPOSE,ILS,ME,EN,,QUANTITY,M_EN_ONT,RECIPIENT,QUANTITY,ROLE_REVERSAL,"seed=PC_0042; context=Le mois dernier,"
PC_0573,EN_CLUSTER,LUI_EN_QUANTITY,D4,"Le mois dernier, je lui en ai donné deux.",上个月，我给了他两个,上个月，我给了他两个,上个月，我给了他们两个,上个月，我给了他一个,上个月，他给了我两个,RECIPIENT|QUANTITY|ROLE_REVERSAL,1.7,1,上个月，我给了他两个,DONNER_QCH_A_QN,COI_EN,lui en,PASSE_COMPOSE,JE,LUI,EN,,QUANTITY,LUI_EN_AI,RECIPIENT,QUANTITY,ROLE_REVERSAL,"seed=PC_0043; context=Le mois dernier,"
PC_0574,EN_CLUSTER,LEUR_EN_QUANTITY,D4,"Le mois dernier, on leur en a envoyé trois.",上个月，有人给他们发了三个,上个月，有人给他们发了三个,上个月，有人给他发了三个,上个月，有人给他们发了一个,上个月，他们给别人发了三个,RECIPIENT|QUANTITY|ROLE_REVERSAL,1.5,1,上个月，有人给他们发了三个,ENVOYER_QCH_A_QN,COI_EN,leur en,PASSE_COMPOSE,ON,LEUR,EN,,QUANTITY,LEUR_EN_A,RECIPIENT,QUANTITY,ROLE_REVERSAL,"seed=PC_0044; context=Le mois dernier,"
PC_0575,EN_CLUSTER,LUI_EN_TOPIC,D3,"Normalement, elle lui en parle souvent.",通常，她经常跟他谈这件事,通常，她经常跟他谈这件事,通常，她经常跟他们谈这件事,通常，她经常跟他谈别的事,通常，他经常跟她谈这件事,RECIPIENT|EN_SEMANTIC|ROLE_REVERSAL,1.0,1,通常，她经常跟他谈这件事,PARLER_DE_A_QN,COI_EN,lui en,PRESENT,ELLE,LUI,EN,,TOPIC,,RECIPIENT,EN_SEMANTIC,ROLE_REVERSAL,"seed=PC_0045; context=Normalement,"
PC_0576,EN_CLUSTER,LEUR_EN_QUANTITY,D3,"Dès demain, nous leur en proposerons plusieurs.",从明天起，我们会给他们提好几个,从明天起，我们会给他们提好几个,从明天起，我们会给他提好几个,从明天起，我们会给他们只提一个,从明天起，他们会给我们提好几个,RECIPIENT|QUANTITY|ROLE_REVERSAL,1.0,1,从明天起，我们会给他们提好几个,PROPOSER_QCH_A_QN,COI_EN,leur en,FUTUR_SIMPLE,NOUS,LEUR,EN,,QUANTITY,,RECIPIENT,QUANTITY,ROLE_REVERSAL,"seed=PC_0046; context=Dès demain,"
PC_0577,EN_CLUSTER,LUI_EN_QUANTITY,D4,"Le mois dernier, vous lui en avez demandé combien ?",上个月，您问他要了多少个？,上个月，您问他要了多少个？,上个月，您问他们要了多少个？,上个月，您只问他要了一个,上个月，他问您要了多少个？,RECIPIENT|QUANTITY|ROLE_REVERSAL,1.5,1,上个月，您问他要了多少个？,DEMANDER_QCH_A_QN,COI_EN,lui en,PASSE_COMPOSE,VOUS,LUI,EN,,QUANTITY,VOUS_LUI_EN_AVEZ,RECIPIENT,QUANTITY,ROLE_REVERSAL,"seed=PC_0047; context=Le mois dernier,"
PC_0578,EN_CLUSTER,EN_QUANTITY,D2,"Le mois dernier, j'en ai acheté deux.",上个月，我买了两个,上个月，我买了两个,上个月，他买了两个,上个月，我买了一个,上个月，我卖了两个,SUBJECT|QUANTITY|LEXICAL,1.5,1,上个月，我买了两个,ACHETER_QCH,SINGLE_EN,en,PASSE_COMPOSE,JE,EN,,,QUANTITY,EN_AI,SUBJECT,QUANTITY,LEXICAL,"seed=PC_0048; context=Le mois dernier,"
PC_0579,EN_CLUSTER,EN_QUANTITY,D2,"Normalement, il en reste encore trois.",通常，还剩三个,通常，还剩三个,通常，还剩一个,通常，已经一个都不剩了,通常，还有三个要买,QUANTITY|POLARITY|LEXICAL,1.0,1,通常，还剩三个,RESTER_QUANTITE,SINGLE_EN,en,PRESENT,IL_IMPERSONAL,EN,,,QUANTITY,,QUANTITY,POLARITY,LEXICAL,"seed=PC_0049; context=Normalement,"
PC_0580,EN_CLUSTER,EN_QUANTITY,D2,"Le mois dernier, nous en avons reçu plusieurs.",上个月，我们收到了好几个,上个月，我们收到了好几个,上个月，他们收到了好几个,上个月，我们只收到一个,上个月，我们寄出了好几个,SUBJECT|QUANTITY|LEXICAL,1.5,1,上个月，我们收到了好几个,RECEVOIR_QCH,SINGLE_EN,en,PASSE_COMPOSE,NOUS,EN,,,QUANTITY,NOUS_EN_AVONS,SUBJECT,QUANTITY,LEXICAL,"seed=PC_0050; context=Le mois dernier,"
PC_0581,EN_CLUSTER,EN_QUANTITY,D1,"Normalement, elle en veut un.",通常，她想要一个,通常，她想要一个,通常，他想要一个,通常，她想要两个,通常，她已经有一个,SUBJECT|QUANTITY|LEXICAL,1.0,1,通常，她想要一个,VOULOIR_QCH,SINGLE_EN,en,PRESENT,ELLE,EN,,,QUANTITY,,SUBJECT,QUANTITY,LEXICAL,"seed=PC_0051; context=Normalement,"
PC_0582,EN_CLUSTER,EN_LEXICAL,D2,"Le mois dernier, vous en avez besoin.",上个月，您需要这个,上个月，您需要这个,上个月，他们需要这个,上个月，您不需要这个,上个月，您需要这些,SUBJECT|POLARITY|NUMBER,1.7,1,上个月，您需要这个,AVOIR_BESOIN_DE,SINGLE_EN,en,PRESENT,VOUS,EN,,,LEXICAL_EN,VOUS_EN_AVEZ,SUBJECT,POLARITY,NUMBER,"seed=PC_0052; context=Le mois dernier,"
PC_0583,EN_CLUSTER,ME_EN_TOPIC,D4,"Cette fois, il m'en a parlé.",这次，他跟我提过这件事,这次，他跟我提过这件事,这次，他跟我们提过这件事,这次，他跟我提过这些东西,这次，我跟他提过这件事,RECIPIENT|EN_SEMANTIC|ROLE_REVERSAL,2.0,1,这次，他跟我提过这件事,PARLER_DE_A_QN,OBJ_EN,m'en,PASSE_COMPOSE,IL,ME,EN,,TOPIC,M_EN_A,RECIPIENT,EN_SEMANTIC,ROLE_REVERSAL,"seed=PC_0035; context=Cette fois,"
PC_0584,EN_CLUSTER,VOUS_EN_TOPIC,D3,"Prochainement, je vous en parlerai.",近期，我会跟您谈这件事,近期，我会跟您谈这件事,近期，我会跟他们谈这件事,近期，我会跟您谈别的事,近期，您会跟我谈这件事,RECIPIENT|EN_SEMANTIC|ROLE_REVERSAL,1.0,1,近期，我会跟您谈这件事,PARLER_DE_A_QN,OBJ_EN,vous en,FUTUR_SIMPLE,JE,VOUS,EN,,TOPIC,,RECIPIENT,EN_SEMANTIC,ROLE_REVERSAL,"seed=PC_0036; context=Prochainement,"
PC_0585,EN_CLUSTER,ME_EN_QUANTITY,D4,"Cette fois, tu m'en as envoyé deux.",这次，你给我发了两个,这次，你给我发了两个,这次，你给他们发了两个,这次，你给我发了一个,这次，我给你发了两个,RECIPIENT|QUANTITY|ROLE_REVERSAL,1.7,1,这次，你给我发了两个,ENVOYER_QCH_A_QN,OBJ_EN,m'en,PASSE_COMPOSE,TU,ME,EN,,QUANTITY,M_EN_AS,RECIPIENT,QUANTITY,ROLE_REVERSAL,"seed=PC_0037; context=Cette fois,"
PC_0586,EN_CLUSTER,NOUS_EN_QUANTITY,D4,"Cette fois, on nous en a proposé plusieurs.",这次，有人给我们提了好几个,这次，有人给我们提了好几个,这次，有人给他们提了好几个,这次，有人给我们只提了一个,这次，我们给别人提了好几个,RECIPIENT|QUANTITY|ROLE_REVERSAL,1.7,1,这次，有人给我们提了好几个,PROPOSER_QCH_A_QN,OBJ_EN,nous en,PASSE_COMPOSE,ON,NOUS,EN,,QUANTITY,NOUS_EN_A,RECIPIENT,QUANTITY,ROLE_REVERSAL,"seed=PC_0038; context=Cette fois,"
PC_0587,EN_CLUSTER,VOUS_EN_QUANTITY,D3,"Prochainement, elle vous en donnera un.",近期，她会给您一个,近期，她会给您一个,近期，她会给他们一个,近期，她会给您两个,近期，您会给她一个,RECIPIENT|QUANTITY|ROLE_REVERSAL,1.0,1,近期，她会给您一个,DONNER_QCH_A_QN,OBJ_EN,vous en,FUTUR_SIMPLE,ELLE,VOUS,EN,,QUANTITY,,RECIPIENT,QUANTITY,ROLE_REVERSAL,"seed=PC_0039; context=Prochainement,"
PC_0588,EN_CLUSTER,TE_EN_QUANTITY,D4,"Cette fois, je t'en ai réservé deux.",这次，我给你预留了两个,这次，我给你预留了两个,这次，我给他预留了两个,这次，我给你预留了一个,这次，你给我预留了两个,RECIPIENT|QUANTITY|ROLE_REVERSAL,1.7,1,这次，我给你预留了两个,RESERVER_QCH_A_QN,OBJ_EN,t'en,PASSE_COMPOSE,JE,TE,EN,,QUANTITY,T_EN_AI,RECIPIENT,QUANTITY,ROLE_REVERSAL,"seed=PC_0040; context=Cette fois,"
PC_0589,EN_CLUSTER,VOUS_EN_TOPIC,D4,"Cette fois, nous vous en avons déjà parlé.",这次，我们已经跟您谈过这件事,这次，我们已经跟您谈过这件事,这次，我们已经跟他们谈过这件事,这次，我们已经跟您谈过这些东西,这次，您已经跟我们谈过这件事,RECIPIENT|EN_SEMANTIC|ROLE_REVERSAL,1.7,1,这次，我们已经跟您谈过这件事,PARLER_DE_A_QN,OBJ_EN,vous en,PASSE_COMPOSE,NOUS,VOUS,EN,,TOPIC,VOUS_EN_AVONS,RECIPIENT,EN_SEMANTIC,ROLE_REVERSAL,"seed=PC_0041; context=Cette fois,"
PC_0590,EN_CLUSTER,ME_EN_QUANTITY,D4,"Cette fois, ils m'en ont demandé trois.",这次，他们问我要了三个,这次，他们问我要了三个,这次，他们问我们要了三个,这次，他们问我要了一个,这次，我问他们要了三个,RECIPIENT|QUANTITY|ROLE_REVERSAL,1.5,1,这次，他们问我要了三个,DEMANDER_QCH_A_QN,OBJ_EN,m'en,PASSE_COMPOSE,ILS,ME,EN,,QUANTITY,M_EN_ONT,RECIPIENT,QUANTITY,ROLE_REVERSAL,"seed=PC_0042; context=Cette fois,"
PC_0591,EN_CLUSTER,LUI_EN_QUANTITY,D4,"Cette fois, je lui en ai donné deux.",这次，我给了他两个,这次，我给了他两个,这次，我给了他们两个,这次，我给了他一个,这次，他给了我两个,RECIPIENT|QUANTITY|ROLE_REVERSAL,1.7,1,这次，我给了他两个,DONNER_QCH_A_QN,COI_EN,lui en,PASSE_COMPOSE,JE,LUI,EN,,QUANTITY,LUI_EN_AI,RECIPIENT,QUANTITY,ROLE_REVERSAL,"seed=PC_0043; context=Cette fois,"
PC_0592,EN_CLUSTER,LEUR_EN_QUANTITY,D4,"Cette fois, on leur en a envoyé trois.",这次，有人给他们发了三个,这次，有人给他们发了三个,这次，有人给他发了三个,这次，有人给他们发了一个,这次，他们给别人发了三个,RECIPIENT|QUANTITY|ROLE_REVERSAL,1.5,1,这次，有人给他们发了三个,ENVOYER_QCH_A_QN,COI_EN,leur en,PASSE_COMPOSE,ON,LEUR,EN,,QUANTITY,LEUR_EN_A,RECIPIENT,QUANTITY,ROLE_REVERSAL,"seed=PC_0044; context=Cette fois,"
PC_0593,EN_CLUSTER,LUI_EN_TOPIC,D3,"D'habitude, elle lui en parle souvent.",通常，她经常跟他谈这件事,通常，她经常跟他谈这件事,通常，她经常跟他们谈这件事,通常，她经常跟他谈别的事,通常，他经常跟她谈这件事,RECIPIENT|EN_SEMANTIC|ROLE_REVERSAL,1.0,1,通常，她经常跟他谈这件事,PARLER_DE_A_QN,COI_EN,lui en,PRESENT,ELLE,LUI,EN,,TOPIC,,RECIPIENT,EN_SEMANTIC,ROLE_REVERSAL,"seed=PC_0045; context=D'habitude,"
PC_0594,EN_CLUSTER,LEUR_EN_QUANTITY,D3,"Prochainement, nous leur en proposerons plusieurs.",近期，我们会给他们提好几个,近期，我们会给他们提好几个,近期，我们会给他提好几个,近期，我们会给他们只提一个,近期，他们会给我们提好几个,RECIPIENT|QUANTITY|ROLE_REVERSAL,1.0,1,近期，我们会给他们提好几个,PROPOSER_QCH_A_QN,COI_EN,leur en,FUTUR_SIMPLE,NOUS,LEUR,EN,,QUANTITY,,RECIPIENT,QUANTITY,ROLE_REVERSAL,"seed=PC_0046; context=Prochainement,"
PC_0595,EN_CLUSTER,LUI_EN_QUANTITY,D4,"Cette fois, vous lui en avez demandé combien ?",这次，您问他要了多少个？,这次，您问他要了多少个？,这次，您问他们要了多少个？,这次，您只问他要了一个,这次，他问您要了多少个？,RECIPIENT|QUANTITY|ROLE_REVERSAL,1.5,1,这次，您问他要了多少个？,DEMANDER_QCH_A_QN,COI_EN,lui en,PASSE_COMPOSE,VOUS,LUI,EN,,QUANTITY,VOUS_LUI_EN_AVEZ,RECIPIENT,QUANTITY,ROLE_REVERSAL,"seed=PC_0047; context=Cette fois,"
PC_0596,EN_CLUSTER,EN_QUANTITY,D2,"Cette fois, j'en ai acheté deux.",这次，我买了两个,这次，我买了两个,这次，他买了两个,这次，我买了一个,这次，我卖了两个,SUBJECT|QUANTITY|LEXICAL,1.5,1,这次，我买了两个,ACHETER_QCH,SINGLE_EN,en,PASSE_COMPOSE,JE,EN,,,QUANTITY,EN_AI,SUBJECT,QUANTITY,LEXICAL,"seed=PC_0048; context=Cette fois,"
PC_0597,EN_CLUSTER,EN_QUANTITY,D2,"D'habitude, il en reste encore trois.",通常，还剩三个,通常，还剩三个,通常，还剩一个,通常，已经一个都不剩了,通常，还有三个要买,QUANTITY|POLARITY|LEXICAL,1.0,1,通常，还剩三个,RESTER_QUANTITE,SINGLE_EN,en,PRESENT,IL_IMPERSONAL,EN,,,QUANTITY,,QUANTITY,POLARITY,LEXICAL,"seed=PC_0049; context=D'habitude,"
PC_0598,EN_CLUSTER,EN_QUANTITY,D2,"Cette fois, nous en avons reçu plusieurs.",这次，我们收到了好几个,这次，我们收到了好几个,这次，他们收到了好几个,这次，我们只收到一个,这次，我们寄出了好几个,SUBJECT|QUANTITY|LEXICAL,1.5,1,这次，我们收到了好几个,RECEVOIR_QCH,SINGLE_EN,en,PASSE_COMPOSE,NOUS,EN,,,QUANTITY,NOUS_EN_AVONS,SUBJECT,QUANTITY,LEXICAL,"seed=PC_0050; context=Cette fois,"
PC_0599,EN_CLUSTER,EN_QUANTITY,D1,"D'habitude, elle en veut un.",通常，她想要一个,通常，她想要一个,通常，他想要一个,通常，她想要两个,通常，她已经有一个,SUBJECT|QUANTITY|LEXICAL,1.0,1,通常，她想要一个,VOULOIR_QCH,SINGLE_EN,en,PRESENT,ELLE,EN,,,QUANTITY,,SUBJECT,QUANTITY,LEXICAL,"seed=PC_0051; context=D'habitude,"
PC_0600,EN_CLUSTER,EN_LEXICAL,D2,"Cette fois, vous en avez besoin.",这次，您需要这个,这次，您需要这个,这次，他们需要这个,这次，您不需要这个,这次，您需要这些,SUBJECT|POLARITY|NUMBER,1.7,1,这次，您需要这个,AVOIR_BESOIN_DE,SINGLE_EN,en,PRESENT,VOUS,EN,,,LEXICAL_EN,VOUS_EN_AVEZ,SUBJECT,POLARITY,NUMBER,"seed=PC_0052; context=Cette fois,"
PC_0601,REFLEXIVE,S_EN_LEXICAL,D3,Je m'en souviens.,我记得这件事,我记得这件事,他记得这件事,我忘了这件事,我记得那些人,SUBJECT|POLARITY|SEMANTIC,1.6,1,我记得这件事,SE_SOUVENIR_DE,REFLEXIVE_EN,m'en,PRESENT,JE,ME,EN,,LEXICAL_REFLEXIVE,M_EN,SUBJECT,POLARITY,SEMANTIC,seed=PC_0053; context=NONE
PC_0602,REFLEXIVE,S_EN_LEXICAL,D5,Il s'en est rendu compte.,他意识到这件事了,他意识到这件事了,我意识到这件事了,他还没意识到这件事,他忘了这件事,SUBJECT|POLARITY|LEXICAL,2.0,1,他意识到这件事了,SE_RENDRE_COMPTE_DE,REFLEXIVE_EN,s'en,PASSE_COMPOSE,IL,SE,EN,,LEXICAL_REFLEXIVE,S_EN_EST,SUBJECT,POLARITY,LEXICAL,seed=PC_0054; context=NONE
PC_0603,REFLEXIVE,S_EN_LEXICAL,D3,Nous nous en occupons.,我们来处理这件事,我们来处理这件事,他们来处理这件事,我们不管这件事,我们来处理这些人,SUBJECT|POLARITY|SEMANTIC,1.4,1,我们来处理这件事,S_OCCUPER_DE,REFLEXIVE_EN,nous en,PRESENT,NOUS,NOUS,EN,,LEXICAL_REFLEXIVE,NOUS_NOUS_EN,SUBJECT,POLARITY,SEMANTIC,seed=PC_0055; context=NONE
PC_0604,REFLEXIVE,S_EN_LEXICAL,D5,Elle s'en est sortie.,她挺过来了,她挺过来了,他挺过来了,她没挺过来,她离开了,SUBJECT|POLARITY|LEXICAL,2.0,1,她挺过来了,S_EN_SORTIR,REFLEXIVE_EN,s'en,PASSE_COMPOSE,ELLE,SE,EN,,LEXICAL_REFLEXIVE,S_EN_EST,SUBJECT,POLARITY,LEXICAL,seed=PC_0056; context=NONE
PC_0605,REFLEXIVE,S_EN_LEXICAL,D3,Tu t'en sers souvent.,你经常用这个,你经常用这个,他经常用这个,你很少用这个,你经常需要这个,SUBJECT|ADJUNCT|LEXICAL,1.0,1,你经常用这个,SE_SERVIR_DE,REFLEXIVE_EN,t'en,PRESENT,TU,TE,EN,,LEXICAL_REFLEXIVE,T_EN,SUBJECT,ADJUNCT,LEXICAL,seed=PC_0057; context=NONE
PC_0606,REFLEXIVE,S_EN_LEXICAL,D5,Vous vous en êtes plaint.,您为这件事抱怨过,您为这件事抱怨过,他们为这件事抱怨过,您没抱怨过这件事,您感谢过这件事,SUBJECT|POLARITY|LEXICAL,1.5,1,您为这件事抱怨过,SE_PLAINDRE_DE,REFLEXIVE_EN,vous en,PASSE_COMPOSE,VOUS,VOUS,EN,,LEXICAL_REFLEXIVE,VOUS_VOUS_EN_ETES,SUBJECT,POLARITY,LEXICAL,seed=PC_0058; context=NONE
PC_0607,REFLEXIVE,S_EN_LEXICAL,D3,Ils s'en méfient.,他们对此很警惕,他们对此很警惕,我们对此很警惕,他们对此很放心,他们对那些人很警惕,SUBJECT|POLARITY|SEMANTIC,1.0,1,他们对此很警惕,SE_MEFIER_DE,REFLEXIVE_EN,s'en,PRESENT,ILS,SE,EN,,LEXICAL_REFLEXIVE,S_EN,SUBJECT,POLARITY,SEMANTIC,seed=PC_0059; context=NONE
PC_0608,REFLEXIVE,S_EN_LEXICAL,D3,Je m'en vais maintenant.,我现在要走了,我现在要走了,他现在要走了,我现在要回来,我明天再走,SUBJECT|LEXICAL|ADJUNCT,1.4,1,我现在要走了,S_EN_ALLER,REFLEXIVE_EN,m'en,PRESENT,JE,ME,EN,,LEXICAL_REFLEXIVE,M_EN,SUBJECT,LEXICAL,ADJUNCT,seed=PC_0060; context=NONE
PC_0609,REFLEXIVE,S_Y_LEXICAL,D3,Elle s'y intéresse.,她对此感兴趣,她对此感兴趣,他对此感兴趣,她对此不感兴趣,她对此很担心,SUBJECT|POLARITY|LEXICAL,1.4,1,她对此感兴趣,S_INTERESSER_A,REFLEXIVE_Y,s'y,PRESENT,ELLE,SE,Y,,LEXICAL_REFLEXIVE,S_Y,SUBJECT,POLARITY,LEXICAL,seed=PC_0061; context=NONE
PC_0610,REFLEXIVE,S_Y_LEXICAL,D3,Je m'y habitue.,我逐渐习惯了,我逐渐习惯了,他逐渐习惯了,我还是不习惯,我已经忘了,SUBJECT|POLARITY|LEXICAL,1.4,1,我逐渐习惯了,S_HABITUER_A,REFLEXIVE_Y,m'y,PRESENT,JE,ME,Y,,LEXICAL_REFLEXIVE,M_Y,SUBJECT,POLARITY,LEXICAL,seed=PC_0062; context=NONE
PC_0611,REFLEXIVE,S_Y_LEXICAL,D3,Nous nous y préparons.,我们正在为此做准备,我们正在为此做准备,他们正在为此做准备,我们没为此做准备,我们正在放弃这件事,SUBJECT|POLARITY|LEXICAL,1.0,1,我们正在为此做准备,SE_PREPARER_A,REFLEXIVE_Y,nous y,PRESENT,NOUS,NOUS,Y,,LEXICAL_REFLEXIVE,NOUS_NOUS_Y,SUBJECT,POLARITY,LEXICAL,seed=PC_0063; context=NONE
PC_0612,REFLEXIVE,S_Y_LEXICAL,D3,Tu t'y attendais.,你早就料到这件事了,你早就料到这件事了,他早就料到这件事了,你完全没料到这件事,你已经忘了这件事,SUBJECT|POLARITY|LEXICAL,1.0,1,你早就料到这件事了,S_ATTENDRE_A,REFLEXIVE_Y,t'y,IMPARFAIT,TU,TE,Y,,LEXICAL_REFLEXIVE,T_Y,SUBJECT,POLARITY,LEXICAL,seed=PC_0064; context=NONE
PC_0613,REFLEXIVE,S_Y_LEXICAL,D5,Ils s'y sont mis.,他们开始做这件事了,他们开始做这件事了,我们开始做这件事了,他们还没开始做,他们停止做这件事了,SUBJECT|POLARITY|LEXICAL,1.8,1,他们开始做这件事了,SE_METTRE_A,REFLEXIVE_Y,s'y,PASSE_COMPOSE,ILS,SE,Y,,LEXICAL_REFLEXIVE,S_Y_SONT,SUBJECT,POLARITY,LEXICAL,seed=PC_0065; context=NONE
PC_0614,REFLEXIVE,S_Y_LEXICAL,D5,Vous vous y êtes habitués.,您已经习惯了,您已经习惯了,他们已经习惯了,您还是不习惯,您已经放弃了,SUBJECT|POLARITY|LEXICAL,1.6,1,您已经习惯了,S_HABITUER_A,REFLEXIVE_Y,vous y,PASSE_COMPOSE,VOUS,VOUS,Y,,LEXICAL_REFLEXIVE,VOUS_VOUS_Y_ETES,SUBJECT,POLARITY,LEXICAL,seed=PC_0066; context=NONE
PC_0615,REFLEXIVE,S_Y_LEXICAL,D4,Je ne sais pas comment m'y prendre.,我不知道该怎么做,我不知道该怎么做,他不知道该怎么做,我很清楚该怎么做,我不知道该去哪里,SUBJECT|POLARITY|LEXICAL,1.4,1,我不知道该怎么做,S_Y_PRENDRE,REFLEXIVE_Y,m'y,INFINITIVE,JE,ME,Y,,LEXICAL_REFLEXIVE,M_Y,SUBJECT,POLARITY,LEXICAL,seed=PC_0067; context=NONE
PC_0616,REFLEXIVE,S_Y_LOCATION,D3,Elle s'y rend demain.,她明天去那里,她明天去那里,他明天去那里,她明天从那里回来,她今天去那里,SUBJECT|DIRECTION|ADJUNCT,1.0,1,她明天去那里,SE_RENDRE_A_LIEU,REFLEXIVE_Y,s'y,PRESENT,ELLE,SE,Y,,LOCATION,S_Y,SUBJECT,DIRECTION,ADJUNCT,seed=PC_0068; context=NONE
PC_0617,REFLEXIVE,S_EN_LEXICAL,D3,"Aujourd'hui, je m'en souviens.",今天，我记得这件事,今天，我记得这件事,今天，他记得这件事,今天，我忘了这件事,今天，我记得那些人,SUBJECT|POLARITY|SEMANTIC,1.6,1,今天，我记得这件事,SE_SOUVENIR_DE,REFLEXIVE_EN,m'en,PRESENT,JE,ME,EN,,LEXICAL_REFLEXIVE,M_EN,SUBJECT,POLARITY,SEMANTIC,"seed=PC_0053; context=Aujourd'hui,"
PC_0618,REFLEXIVE,S_EN_LEXICAL,D5,"Hier, il s'en est rendu compte.",昨天，他意识到这件事了,昨天，他意识到这件事了,昨天，我意识到这件事了,昨天，他还没意识到这件事,昨天，他忘了这件事,SUBJECT|POLARITY|LEXICAL,2.0,1,昨天，他意识到这件事了,SE_RENDRE_COMPTE_DE,REFLEXIVE_EN,s'en,PASSE_COMPOSE,IL,SE,EN,,LEXICAL_REFLEXIVE,S_EN_EST,SUBJECT,POLARITY,LEXICAL,"seed=PC_0054; context=Hier,"
PC_0619,REFLEXIVE,S_EN_LEXICAL,D3,"Aujourd'hui, nous nous en occupons.",今天，我们来处理这件事,今天，我们来处理这件事,今天，他们来处理这件事,今天，我们不管这件事,今天，我们来处理这些人,SUBJECT|POLARITY|SEMANTIC,1.4,1,今天，我们来处理这件事,S_OCCUPER_DE,REFLEXIVE_EN,nous en,PRESENT,NOUS,NOUS,EN,,LEXICAL_REFLEXIVE,NOUS_NOUS_EN,SUBJECT,POLARITY,SEMANTIC,"seed=PC_0055; context=Aujourd'hui,"
PC_0620,REFLEXIVE,S_EN_LEXICAL,D5,"Hier, elle s'en est sortie.",昨天，她挺过来了,昨天，她挺过来了,昨天，他挺过来了,昨天，她没挺过来,昨天，她离开了,SUBJECT|POLARITY|LEXICAL,2.0,1,昨天，她挺过来了,S_EN_SORTIR,REFLEXIVE_EN,s'en,PASSE_COMPOSE,ELLE,SE,EN,,LEXICAL_REFLEXIVE,S_EN_EST,SUBJECT,POLARITY,LEXICAL,"seed=PC_0056; context=Hier,"
PC_0621,REFLEXIVE,S_EN_LEXICAL,D3,"Aujourd'hui, tu t'en sers souvent.",今天，你经常用这个,今天，你经常用这个,今天，他经常用这个,今天，你很少用这个,今天，你经常需要这个,SUBJECT|ADJUNCT|LEXICAL,1.0,1,今天，你经常用这个,SE_SERVIR_DE,REFLEXIVE_EN,t'en,PRESENT,TU,TE,EN,,LEXICAL_REFLEXIVE,T_EN,SUBJECT,ADJUNCT,LEXICAL,"seed=PC_0057; context=Aujourd'hui,"
PC_0622,REFLEXIVE,S_EN_LEXICAL,D5,"Hier, vous vous en êtes plaint.",昨天，您为这件事抱怨过,昨天，您为这件事抱怨过,昨天，他们为这件事抱怨过,昨天，您没抱怨过这件事,昨天，您感谢过这件事,SUBJECT|POLARITY|LEXICAL,1.5,1,昨天，您为这件事抱怨过,SE_PLAINDRE_DE,REFLEXIVE_EN,vous en,PASSE_COMPOSE,VOUS,VOUS,EN,,LEXICAL_REFLEXIVE,VOUS_VOUS_EN_ETES,SUBJECT,POLARITY,LEXICAL,"seed=PC_0058; context=Hier,"
PC_0623,REFLEXIVE,S_EN_LEXICAL,D3,"Aujourd'hui, ils s'en méfient.",今天，他们对此很警惕,今天，他们对此很警惕,今天，我们对此很警惕,今天，他们对此很放心,今天，他们对那些人很警惕,SUBJECT|POLARITY|SEMANTIC,1.0,1,今天，他们对此很警惕,SE_MEFIER_DE,REFLEXIVE_EN,s'en,PRESENT,ILS,SE,EN,,LEXICAL_REFLEXIVE,S_EN,SUBJECT,POLARITY,SEMANTIC,"seed=PC_0059; context=Aujourd'hui,"
PC_0624,REFLEXIVE,S_EN_LEXICAL,D3,"Aujourd'hui, je m'en vais maintenant.",今天，我现在要走了,今天，我现在要走了,今天，他现在要走了,今天，我现在要回来,今天，我明天再走,SUBJECT|LEXICAL|ADJUNCT,1.4,1,今天，我现在要走了,S_EN_ALLER,REFLEXIVE_EN,m'en,PRESENT,JE,ME,EN,,LEXICAL_REFLEXIVE,M_EN,SUBJECT,LEXICAL,ADJUNCT,"seed=PC_0060; context=Aujourd'hui,"
PC_0625,REFLEXIVE,S_Y_LEXICAL,D3,"Aujourd'hui, elle s'y intéresse.",今天，她对此感兴趣,今天，她对此感兴趣,今天，他对此感兴趣,今天，她对此不感兴趣,今天，她对此很担心,SUBJECT|POLARITY|LEXICAL,1.4,1,今天，她对此感兴趣,S_INTERESSER_A,REFLEXIVE_Y,s'y,PRESENT,ELLE,SE,Y,,LEXICAL_REFLEXIVE,S_Y,SUBJECT,POLARITY,LEXICAL,"seed=PC_0061; context=Aujourd'hui,"
PC_0626,REFLEXIVE,S_Y_LEXICAL,D3,"Aujourd'hui, je m'y habitue.",今天，我逐渐习惯了,今天，我逐渐习惯了,今天，他逐渐习惯了,今天，我还是不习惯,今天，我已经忘了,SUBJECT|POLARITY|LEXICAL,1.4,1,今天，我逐渐习惯了,S_HABITUER_A,REFLEXIVE_Y,m'y,PRESENT,JE,ME,Y,,LEXICAL_REFLEXIVE,M_Y,SUBJECT,POLARITY,LEXICAL,"seed=PC_0062; context=Aujourd'hui,"
PC_0627,REFLEXIVE,S_Y_LEXICAL,D3,"Aujourd'hui, nous nous y préparons.",今天，我们正在为此做准备,今天，我们正在为此做准备,今天，他们正在为此做准备,今天，我们没为此做准备,今天，我们正在放弃这件事,SUBJECT|POLARITY|LEXICAL,1.0,1,今天，我们正在为此做准备,SE_PREPARER_A,REFLEXIVE_Y,nous y,PRESENT,NOUS,NOUS,Y,,LEXICAL_REFLEXIVE,NOUS_NOUS_Y,SUBJECT,POLARITY,LEXICAL,"seed=PC_0063; context=Aujourd'hui,"
PC_0628,REFLEXIVE,S_Y_LEXICAL,D3,"À l'époque, tu t'y attendais.",当时，你早就料到这件事了,当时，你早就料到这件事了,当时，他早就料到这件事了,当时，你完全没料到这件事,当时，你已经忘了这件事,SUBJECT|POLARITY|LEXICAL,1.0,1,当时，你早就料到这件事了,S_ATTENDRE_A,REFLEXIVE_Y,t'y,IMPARFAIT,TU,TE,Y,,LEXICAL_REFLEXIVE,T_Y,SUBJECT,POLARITY,LEXICAL,"seed=PC_0064; context=À l'époque,"
PC_0629,REFLEXIVE,S_Y_LEXICAL,D5,"Hier, ils s'y sont mis.",昨天，他们开始做这件事了,昨天，他们开始做这件事了,昨天，我们开始做这件事了,昨天，他们还没开始做,昨天，他们停止做这件事了,SUBJECT|POLARITY|LEXICAL,1.8,1,昨天，他们开始做这件事了,SE_METTRE_A,REFLEXIVE_Y,s'y,PASSE_COMPOSE,ILS,SE,Y,,LEXICAL_REFLEXIVE,S_Y_SONT,SUBJECT,POLARITY,LEXICAL,"seed=PC_0065; context=Hier,"
PC_0630,REFLEXIVE,S_Y_LEXICAL,D5,"Hier, vous vous y êtes habitués.",昨天，您已经习惯了,昨天，您已经习惯了,昨天，他们已经习惯了,昨天，您还是不习惯,昨天，您已经放弃了,SUBJECT|POLARITY|LEXICAL,1.6,1,昨天，您已经习惯了,S_HABITUER_A,REFLEXIVE_Y,vous y,PASSE_COMPOSE,VOUS,VOUS,Y,,LEXICAL_REFLEXIVE,VOUS_VOUS_Y_ETES,SUBJECT,POLARITY,LEXICAL,"seed=PC_0066; context=Hier,"
PC_0631,REFLEXIVE,S_Y_LEXICAL,D4,"Aujourd'hui, je ne sais pas comment m'y prendre.",今天，我不知道该怎么做,今天，我不知道该怎么做,今天，他不知道该怎么做,今天，我很清楚该怎么做,今天，我不知道该去哪里,SUBJECT|POLARITY|LEXICAL,1.4,1,今天，我不知道该怎么做,S_Y_PRENDRE,REFLEXIVE_Y,m'y,INFINITIVE,JE,ME,Y,,LEXICAL_REFLEXIVE,M_Y,SUBJECT,POLARITY,LEXICAL,"seed=PC_0067; context=Aujourd'hui,"
PC_0632,REFLEXIVE,S_Y_LOCATION,D3,"Aujourd'hui, elle s'y rend demain.",今天，她明天去那里,今天，她明天去那里,今天，他明天去那里,今天，她明天从那里回来,今天，她今天去那里,SUBJECT|DIRECTION|ADJUNCT,1.0,1,今天，她明天去那里,SE_RENDRE_A_LIEU,REFLEXIVE_Y,s'y,PRESENT,ELLE,SE,Y,,LOCATION,S_Y,SUBJECT,DIRECTION,ADJUNCT,"seed=PC_0068; context=Aujourd'hui,"
PC_0633,REFLEXIVE,S_EN_LEXICAL,D3,"Maintenant, je m'en souviens.",现在，我记得这件事,现在，我记得这件事,现在，他记得这件事,现在，我忘了这件事,现在，我记得那些人,SUBJECT|POLARITY|SEMANTIC,1.6,1,现在，我记得这件事,SE_SOUVENIR_DE,REFLEXIVE_EN,m'en,PRESENT,JE,ME,EN,,LEXICAL_REFLEXIVE,M_EN,SUBJECT,POLARITY,SEMANTIC,"seed=PC_0053; context=Maintenant,"
PC_0634,REFLEXIVE,S_EN_LEXICAL,D5,"Avant-hier, il s'en est rendu compte.",前天，他意识到这件事了,前天，他意识到这件事了,前天，我意识到这件事了,前天，他还没意识到这件事,前天，他忘了这件事,SUBJECT|POLARITY|LEXICAL,2.0,1,前天，他意识到这件事了,SE_RENDRE_COMPTE_DE,REFLEXIVE_EN,s'en,PASSE_COMPOSE,IL,SE,EN,,LEXICAL_REFLEXIVE,S_EN_EST,SUBJECT,POLARITY,LEXICAL,"seed=PC_0054; context=Avant-hier,"
PC_0635,REFLEXIVE,S_EN_LEXICAL,D3,"Maintenant, nous nous en occupons.",现在，我们来处理这件事,现在，我们来处理这件事,现在，他们来处理这件事,现在，我们不管这件事,现在，我们来处理这些人,SUBJECT|POLARITY|SEMANTIC,1.4,1,现在，我们来处理这件事,S_OCCUPER_DE,REFLEXIVE_EN,nous en,PRESENT,NOUS,NOUS,EN,,LEXICAL_REFLEXIVE,NOUS_NOUS_EN,SUBJECT,POLARITY,SEMANTIC,"seed=PC_0055; context=Maintenant,"
PC_0636,REFLEXIVE,S_EN_LEXICAL,D5,"Avant-hier, elle s'en est sortie.",前天，她挺过来了,前天，她挺过来了,前天，他挺过来了,前天，她没挺过来,前天，她离开了,SUBJECT|POLARITY|LEXICAL,2.0,1,前天，她挺过来了,S_EN_SORTIR,REFLEXIVE_EN,s'en,PASSE_COMPOSE,ELLE,SE,EN,,LEXICAL_REFLEXIVE,S_EN_EST,SUBJECT,POLARITY,LEXICAL,"seed=PC_0056; context=Avant-hier,"
PC_0637,REFLEXIVE,S_EN_LEXICAL,D3,"Maintenant, tu t'en sers souvent.",现在，你经常用这个,现在，你经常用这个,现在，他经常用这个,现在，你很少用这个,现在，你经常需要这个,SUBJECT|ADJUNCT|LEXICAL,1.0,1,现在，你经常用这个,SE_SERVIR_DE,REFLEXIVE_EN,t'en,PRESENT,TU,TE,EN,,LEXICAL_REFLEXIVE,T_EN,SUBJECT,ADJUNCT,LEXICAL,"seed=PC_0057; context=Maintenant,"
PC_0638,REFLEXIVE,S_EN_LEXICAL,D5,"Avant-hier, vous vous en êtes plaint.",前天，您为这件事抱怨过,前天，您为这件事抱怨过,前天，他们为这件事抱怨过,前天，您没抱怨过这件事,前天，您感谢过这件事,SUBJECT|POLARITY|LEXICAL,1.5,1,前天，您为这件事抱怨过,SE_PLAINDRE_DE,REFLEXIVE_EN,vous en,PASSE_COMPOSE,VOUS,VOUS,EN,,LEXICAL_REFLEXIVE,VOUS_VOUS_EN_ETES,SUBJECT,POLARITY,LEXICAL,"seed=PC_0058; context=Avant-hier,"
PC_0639,REFLEXIVE,S_EN_LEXICAL,D3,"Maintenant, ils s'en méfient.",现在，他们对此很警惕,现在，他们对此很警惕,现在，我们对此很警惕,现在，他们对此很放心,现在，他们对那些人很警惕,SUBJECT|POLARITY|SEMANTIC,1.0,1,现在，他们对此很警惕,SE_MEFIER_DE,REFLEXIVE_EN,s'en,PRESENT,ILS,SE,EN,,LEXICAL_REFLEXIVE,S_EN,SUBJECT,POLARITY,SEMANTIC,"seed=PC_0059; context=Maintenant,"
PC_0640,REFLEXIVE,S_EN_LEXICAL,D3,"Maintenant, je m'en vais maintenant.",现在，我现在要走了,现在，我现在要走了,现在，他现在要走了,现在，我现在要回来,现在，我明天再走,SUBJECT|LEXICAL|ADJUNCT,1.4,1,现在，我现在要走了,S_EN_ALLER,REFLEXIVE_EN,m'en,PRESENT,JE,ME,EN,,LEXICAL_REFLEXIVE,M_EN,SUBJECT,LEXICAL,ADJUNCT,"seed=PC_0060; context=Maintenant,"
PC_0641,REFLEXIVE,S_Y_LEXICAL,D3,"Maintenant, elle s'y intéresse.",现在，她对此感兴趣,现在，她对此感兴趣,现在，他对此感兴趣,现在，她对此不感兴趣,现在，她对此很担心,SUBJECT|POLARITY|LEXICAL,1.4,1,现在，她对此感兴趣,S_INTERESSER_A,REFLEXIVE_Y,s'y,PRESENT,ELLE,SE,Y,,LEXICAL_REFLEXIVE,S_Y,SUBJECT,POLARITY,LEXICAL,"seed=PC_0061; context=Maintenant,"
PC_0642,REFLEXIVE,S_Y_LEXICAL,D3,"Maintenant, je m'y habitue.",现在，我逐渐习惯了,现在，我逐渐习惯了,现在，他逐渐习惯了,现在，我还是不习惯,现在，我已经忘了,SUBJECT|POLARITY|LEXICAL,1.4,1,现在，我逐渐习惯了,S_HABITUER_A,REFLEXIVE_Y,m'y,PRESENT,JE,ME,Y,,LEXICAL_REFLEXIVE,M_Y,SUBJECT,POLARITY,LEXICAL,"seed=PC_0062; context=Maintenant,"
PC_0643,REFLEXIVE,S_Y_LEXICAL,D3,"Maintenant, nous nous y préparons.",现在，我们正在为此做准备,现在，我们正在为此做准备,现在，他们正在为此做准备,现在，我们没为此做准备,现在，我们正在放弃这件事,SUBJECT|POLARITY|LEXICAL,1.0,1,现在，我们正在为此做准备,SE_PREPARER_A,REFLEXIVE_Y,nous y,PRESENT,NOUS,NOUS,Y,,LEXICAL_REFLEXIVE,NOUS_NOUS_Y,SUBJECT,POLARITY,LEXICAL,"seed=PC_0063; context=Maintenant,"
PC_0644,REFLEXIVE,S_Y_LEXICAL,D3,"Avant, tu t'y attendais.",以前，你早就料到这件事了,以前，你早就料到这件事了,以前，他早就料到这件事了,以前，你完全没料到这件事,以前，你已经忘了这件事,SUBJECT|POLARITY|LEXICAL,1.0,1,以前，你早就料到这件事了,S_ATTENDRE_A,REFLEXIVE_Y,t'y,IMPARFAIT,TU,TE,Y,,LEXICAL_REFLEXIVE,T_Y,SUBJECT,POLARITY,LEXICAL,"seed=PC_0064; context=Avant,"
PC_0645,REFLEXIVE,S_Y_LEXICAL,D5,"Avant-hier, ils s'y sont mis.",前天，他们开始做这件事了,前天，他们开始做这件事了,前天，我们开始做这件事了,前天，他们还没开始做,前天，他们停止做这件事了,SUBJECT|POLARITY|LEXICAL,1.8,1,前天，他们开始做这件事了,SE_METTRE_A,REFLEXIVE_Y,s'y,PASSE_COMPOSE,ILS,SE,Y,,LEXICAL_REFLEXIVE,S_Y_SONT,SUBJECT,POLARITY,LEXICAL,"seed=PC_0065; context=Avant-hier,"
PC_0646,REFLEXIVE,S_Y_LEXICAL,D5,"Avant-hier, vous vous y êtes habitués.",前天，您已经习惯了,前天，您已经习惯了,前天，他们已经习惯了,前天，您还是不习惯,前天，您已经放弃了,SUBJECT|POLARITY|LEXICAL,1.6,1,前天，您已经习惯了,S_HABITUER_A,REFLEXIVE_Y,vous y,PASSE_COMPOSE,VOUS,VOUS,Y,,LEXICAL_REFLEXIVE,VOUS_VOUS_Y_ETES,SUBJECT,POLARITY,LEXICAL,"seed=PC_0066; context=Avant-hier,"
PC_0647,REFLEXIVE,S_Y_LEXICAL,D4,"Maintenant, je ne sais pas comment m'y prendre.",现在，我不知道该怎么做,现在，我不知道该怎么做,现在，他不知道该怎么做,现在，我很清楚该怎么做,现在，我不知道该去哪里,SUBJECT|POLARITY|LEXICAL,1.4,1,现在，我不知道该怎么做,S_Y_PRENDRE,REFLEXIVE_Y,m'y,INFINITIVE,JE,ME,Y,,LEXICAL_REFLEXIVE,M_Y,SUBJECT,POLARITY,LEXICAL,"seed=PC_0067; context=Maintenant,"
PC_0648,REFLEXIVE,S_Y_LOCATION,D3,"Maintenant, elle s'y rend demain.",现在，她明天去那里,现在，她明天去那里,现在，他明天去那里,现在，她明天从那里回来,现在，她今天去那里,SUBJECT|DIRECTION|ADJUNCT,1.0,1,现在，她明天去那里,SE_RENDRE_A_LIEU,REFLEXIVE_Y,s'y,PRESENT,ELLE,SE,Y,,LOCATION,S_Y,SUBJECT,DIRECTION,ADJUNCT,"seed=PC_0068; context=Maintenant,"
PC_0649,REFLEXIVE,S_EN_LEXICAL,D3,"En ce moment, je m'en souviens.",目前，我记得这件事,目前，我记得这件事,目前，他记得这件事,目前，我忘了这件事,目前，我记得那些人,SUBJECT|POLARITY|SEMANTIC,1.6,1,目前，我记得这件事,SE_SOUVENIR_DE,REFLEXIVE_EN,m'en,PRESENT,JE,ME,EN,,LEXICAL_REFLEXIVE,M_EN,SUBJECT,POLARITY,SEMANTIC,"seed=PC_0053; context=En ce moment,"
PC_0650,REFLEXIVE,S_EN_LEXICAL,D5,"Ce matin, il s'en est rendu compte.",今天早上，他意识到这件事了,今天早上，他意识到这件事了,今天早上，我意识到这件事了,今天早上，他还没意识到这件事,今天早上，他忘了这件事,SUBJECT|POLARITY|LEXICAL,2.0,1,今天早上，他意识到这件事了,SE_RENDRE_COMPTE_DE,REFLEXIVE_EN,s'en,PASSE_COMPOSE,IL,SE,EN,,LEXICAL_REFLEXIVE,S_EN_EST,SUBJECT,POLARITY,LEXICAL,"seed=PC_0054; context=Ce matin,"
PC_0651,REFLEXIVE,S_EN_LEXICAL,D3,"En ce moment, nous nous en occupons.",目前，我们来处理这件事,目前，我们来处理这件事,目前，他们来处理这件事,目前，我们不管这件事,目前，我们来处理这些人,SUBJECT|POLARITY|SEMANTIC,1.4,1,目前，我们来处理这件事,S_OCCUPER_DE,REFLEXIVE_EN,nous en,PRESENT,NOUS,NOUS,EN,,LEXICAL_REFLEXIVE,NOUS_NOUS_EN,SUBJECT,POLARITY,SEMANTIC,"seed=PC_0055; context=En ce moment,"
PC_0652,REFLEXIVE,S_EN_LEXICAL,D5,"Ce matin, elle s'en est sortie.",今天早上，她挺过来了,今天早上，她挺过来了,今天早上，他挺过来了,今天早上，她没挺过来,今天早上，她离开了,SUBJECT|POLARITY|LEXICAL,2.0,1,今天早上，她挺过来了,S_EN_SORTIR,REFLEXIVE_EN,s'en,PASSE_COMPOSE,ELLE,SE,EN,,LEXICAL_REFLEXIVE,S_EN_EST,SUBJECT,POLARITY,LEXICAL,"seed=PC_0056; context=Ce matin,"
PC_0653,REFLEXIVE,S_EN_LEXICAL,D3,"En ce moment, tu t'en sers souvent.",目前，你经常用这个,目前，你经常用这个,目前，他经常用这个,目前，你很少用这个,目前，你经常需要这个,SUBJECT|ADJUNCT|LEXICAL,1.0,1,目前，你经常用这个,SE_SERVIR_DE,REFLEXIVE_EN,t'en,PRESENT,TU,TE,EN,,LEXICAL_REFLEXIVE,T_EN,SUBJECT,ADJUNCT,LEXICAL,"seed=PC_0057; context=En ce moment,"
PC_0654,REFLEXIVE,S_EN_LEXICAL,D5,"Ce matin, vous vous en êtes plaint.",今天早上，您为这件事抱怨过,今天早上，您为这件事抱怨过,今天早上，他们为这件事抱怨过,今天早上，您没抱怨过这件事,今天早上，您感谢过这件事,SUBJECT|POLARITY|LEXICAL,1.5,1,今天早上，您为这件事抱怨过,SE_PLAINDRE_DE,REFLEXIVE_EN,vous en,PASSE_COMPOSE,VOUS,VOUS,EN,,LEXICAL_REFLEXIVE,VOUS_VOUS_EN_ETES,SUBJECT,POLARITY,LEXICAL,"seed=PC_0058; context=Ce matin,"
PC_0655,REFLEXIVE,S_EN_LEXICAL,D3,"En ce moment, ils s'en méfient.",目前，他们对此很警惕,目前，他们对此很警惕,目前，我们对此很警惕,目前，他们对此很放心,目前，他们对那些人很警惕,SUBJECT|POLARITY|SEMANTIC,1.0,1,目前，他们对此很警惕,SE_MEFIER_DE,REFLEXIVE_EN,s'en,PRESENT,ILS,SE,EN,,LEXICAL_REFLEXIVE,S_EN,SUBJECT,POLARITY,SEMANTIC,"seed=PC_0059; context=En ce moment,"
PC_0656,REFLEXIVE,S_EN_LEXICAL,D3,"En ce moment, je m'en vais maintenant.",目前，我现在要走了,目前，我现在要走了,目前，他现在要走了,目前，我现在要回来,目前，我明天再走,SUBJECT|LEXICAL|ADJUNCT,1.4,1,目前，我现在要走了,S_EN_ALLER,REFLEXIVE_EN,m'en,PRESENT,JE,ME,EN,,LEXICAL_REFLEXIVE,M_EN,SUBJECT,LEXICAL,ADJUNCT,"seed=PC_0060; context=En ce moment,"
PC_0657,REFLEXIVE,S_Y_LEXICAL,D3,"En ce moment, elle s'y intéresse.",目前，她对此感兴趣,目前，她对此感兴趣,目前，他对此感兴趣,目前，她对此不感兴趣,目前，她对此很担心,SUBJECT|POLARITY|LEXICAL,1.4,1,目前，她对此感兴趣,S_INTERESSER_A,REFLEXIVE_Y,s'y,PRESENT,ELLE,SE,Y,,LEXICAL_REFLEXIVE,S_Y,SUBJECT,POLARITY,LEXICAL,"seed=PC_0061; context=En ce moment,"
PC_0658,REFLEXIVE,S_Y_LEXICAL,D3,"En ce moment, je m'y habitue.",目前，我逐渐习惯了,目前，我逐渐习惯了,目前，他逐渐习惯了,目前，我还是不习惯,目前，我已经忘了,SUBJECT|POLARITY|LEXICAL,1.4,1,目前，我逐渐习惯了,S_HABITUER_A,REFLEXIVE_Y,m'y,PRESENT,JE,ME,Y,,LEXICAL_REFLEXIVE,M_Y,SUBJECT,POLARITY,LEXICAL,"seed=PC_0062; context=En ce moment,"
PC_0659,REFLEXIVE,S_Y_LEXICAL,D3,"En ce moment, nous nous y préparons.",目前，我们正在为此做准备,目前，我们正在为此做准备,目前，他们正在为此做准备,目前，我们没为此做准备,目前，我们正在放弃这件事,SUBJECT|POLARITY|LEXICAL,1.0,1,目前，我们正在为此做准备,SE_PREPARER_A,REFLEXIVE_Y,nous y,PRESENT,NOUS,NOUS,Y,,LEXICAL_REFLEXIVE,NOUS_NOUS_Y,SUBJECT,POLARITY,LEXICAL,"seed=PC_0063; context=En ce moment,"
PC_0660,REFLEXIVE,S_Y_LEXICAL,D3,"Souvent, tu t'y attendais.",以前经常，你早就料到这件事了,以前经常，你早就料到这件事了,以前经常，他早就料到这件事了,以前经常，你完全没料到这件事,以前经常，你已经忘了这件事,SUBJECT|POLARITY|LEXICAL,1.0,1,以前经常，你早就料到这件事了,S_ATTENDRE_A,REFLEXIVE_Y,t'y,IMPARFAIT,TU,TE,Y,,LEXICAL_REFLEXIVE,T_Y,SUBJECT,POLARITY,LEXICAL,"seed=PC_0064; context=Souvent,"
PC_0661,REFLEXIVE,S_Y_LEXICAL,D5,"Ce matin, ils s'y sont mis.",今天早上，他们开始做这件事了,今天早上，他们开始做这件事了,今天早上，我们开始做这件事了,今天早上，他们还没开始做,今天早上，他们停止做这件事了,SUBJECT|POLARITY|LEXICAL,1.8,1,今天早上，他们开始做这件事了,SE_METTRE_A,REFLEXIVE_Y,s'y,PASSE_COMPOSE,ILS,SE,Y,,LEXICAL_REFLEXIVE,S_Y_SONT,SUBJECT,POLARITY,LEXICAL,"seed=PC_0065; context=Ce matin,"
PC_0662,REFLEXIVE,S_Y_LEXICAL,D5,"Ce matin, vous vous y êtes habitués.",今天早上，您已经习惯了,今天早上，您已经习惯了,今天早上，他们已经习惯了,今天早上，您还是不习惯,今天早上，您已经放弃了,SUBJECT|POLARITY|LEXICAL,1.6,1,今天早上，您已经习惯了,S_HABITUER_A,REFLEXIVE_Y,vous y,PASSE_COMPOSE,VOUS,VOUS,Y,,LEXICAL_REFLEXIVE,VOUS_VOUS_Y_ETES,SUBJECT,POLARITY,LEXICAL,"seed=PC_0066; context=Ce matin,"
PC_0663,REFLEXIVE,S_Y_LEXICAL,D4,"Cette fois, je ne sais pas comment m'y prendre.",这次，我不知道该怎么做,这次，我不知道该怎么做,这次，他不知道该怎么做,这次，我很清楚该怎么做,这次，我不知道该去哪里,SUBJECT|POLARITY|LEXICAL,1.4,1,这次，我不知道该怎么做,S_Y_PRENDRE,REFLEXIVE_Y,m'y,INFINITIVE,JE,ME,Y,,LEXICAL_REFLEXIVE,M_Y,SUBJECT,POLARITY,LEXICAL,"seed=PC_0067; context=Cette fois,"
PC_0664,REFLEXIVE,S_Y_LOCATION,D3,"En ce moment, elle s'y rend demain.",目前，她明天去那里,目前，她明天去那里,目前，他明天去那里,目前，她明天从那里回来,目前，她今天去那里,SUBJECT|DIRECTION|ADJUNCT,1.0,1,目前，她明天去那里,SE_RENDRE_A_LIEU,REFLEXIVE_Y,s'y,PRESENT,ELLE,SE,Y,,LOCATION,S_Y,SUBJECT,DIRECTION,ADJUNCT,"seed=PC_0068; context=En ce moment,"
PC_0665,REFLEXIVE,S_EN_LEXICAL,D3,"Pour l'instant, je m'en souviens.",目前，我记得这件事,目前，我记得这件事,目前，他记得这件事,目前，我忘了这件事,目前，我记得那些人,SUBJECT|POLARITY|SEMANTIC,1.6,1,目前，我记得这件事,SE_SOUVENIR_DE,REFLEXIVE_EN,m'en,PRESENT,JE,ME,EN,,LEXICAL_REFLEXIVE,M_EN,SUBJECT,POLARITY,SEMANTIC,"seed=PC_0053; context=Pour l'instant,"
PC_0666,REFLEXIVE,S_EN_LEXICAL,D5,"Hier matin, il s'en est rendu compte.",昨天早上，他意识到这件事了,昨天早上，他意识到这件事了,昨天早上，我意识到这件事了,昨天早上，他还没意识到这件事,昨天早上，他忘了这件事,SUBJECT|POLARITY|LEXICAL,2.0,1,昨天早上，他意识到这件事了,SE_RENDRE_COMPTE_DE,REFLEXIVE_EN,s'en,PASSE_COMPOSE,IL,SE,EN,,LEXICAL_REFLEXIVE,S_EN_EST,SUBJECT,POLARITY,LEXICAL,"seed=PC_0054; context=Hier matin,"
PC_0667,REFLEXIVE,S_EN_LEXICAL,D3,"Pour l'instant, nous nous en occupons.",目前，我们来处理这件事,目前，我们来处理这件事,目前，他们来处理这件事,目前，我们不管这件事,目前，我们来处理这些人,SUBJECT|POLARITY|SEMANTIC,1.4,1,目前，我们来处理这件事,S_OCCUPER_DE,REFLEXIVE_EN,nous en,PRESENT,NOUS,NOUS,EN,,LEXICAL_REFLEXIVE,NOUS_NOUS_EN,SUBJECT,POLARITY,SEMANTIC,"seed=PC_0055; context=Pour l'instant,"
PC_0668,REFLEXIVE,S_EN_LEXICAL,D5,"Hier matin, elle s'en est sortie.",昨天早上，她挺过来了,昨天早上，她挺过来了,昨天早上，他挺过来了,昨天早上，她没挺过来,昨天早上，她离开了,SUBJECT|POLARITY|LEXICAL,2.0,1,昨天早上，她挺过来了,S_EN_SORTIR,REFLEXIVE_EN,s'en,PASSE_COMPOSE,ELLE,SE,EN,,LEXICAL_REFLEXIVE,S_EN_EST,SUBJECT,POLARITY,LEXICAL,"seed=PC_0056; context=Hier matin,"
PC_0669,REFLEXIVE,S_EN_LEXICAL,D3,"Pour l'instant, tu t'en sers souvent.",目前，你经常用这个,目前，你经常用这个,目前，他经常用这个,目前，你很少用这个,目前，你经常需要这个,SUBJECT|ADJUNCT|LEXICAL,1.0,1,目前，你经常用这个,SE_SERVIR_DE,REFLEXIVE_EN,t'en,PRESENT,TU,TE,EN,,LEXICAL_REFLEXIVE,T_EN,SUBJECT,ADJUNCT,LEXICAL,"seed=PC_0057; context=Pour l'instant,"
PC_0670,REFLEXIVE,S_EN_LEXICAL,D5,"Hier matin, vous vous en êtes plaint.",昨天早上，您为这件事抱怨过,昨天早上，您为这件事抱怨过,昨天早上，他们为这件事抱怨过,昨天早上，您没抱怨过这件事,昨天早上，您感谢过这件事,SUBJECT|POLARITY|LEXICAL,1.5,1,昨天早上，您为这件事抱怨过,SE_PLAINDRE_DE,REFLEXIVE_EN,vous en,PASSE_COMPOSE,VOUS,VOUS,EN,,LEXICAL_REFLEXIVE,VOUS_VOUS_EN_ETES,SUBJECT,POLARITY,LEXICAL,"seed=PC_0058; context=Hier matin,"
PC_0671,REFLEXIVE,S_EN_LEXICAL,D3,"Pour l'instant, ils s'en méfient.",目前，他们对此很警惕,目前，他们对此很警惕,目前，我们对此很警惕,目前，他们对此很放心,目前，他们对那些人很警惕,SUBJECT|POLARITY|SEMANTIC,1.0,1,目前，他们对此很警惕,SE_MEFIER_DE,REFLEXIVE_EN,s'en,PRESENT,ILS,SE,EN,,LEXICAL_REFLEXIVE,S_EN,SUBJECT,POLARITY,SEMANTIC,"seed=PC_0059; context=Pour l'instant,"
PC_0672,REFLEXIVE,S_EN_LEXICAL,D3,"Pour l'instant, je m'en vais maintenant.",目前，我现在要走了,目前，我现在要走了,目前，他现在要走了,目前，我现在要回来,目前，我明天再走,SUBJECT|LEXICAL|ADJUNCT,1.4,1,目前，我现在要走了,S_EN_ALLER,REFLEXIVE_EN,m'en,PRESENT,JE,ME,EN,,LEXICAL_REFLEXIVE,M_EN,SUBJECT,LEXICAL,ADJUNCT,"seed=PC_0060; context=Pour l'instant,"
PC_0673,REFLEXIVE,S_Y_LEXICAL,D3,"Pour l'instant, elle s'y intéresse.",目前，她对此感兴趣,目前，她对此感兴趣,目前，他对此感兴趣,目前，她对此不感兴趣,目前，她对此很担心,SUBJECT|POLARITY|LEXICAL,1.4,1,目前，她对此感兴趣,S_INTERESSER_A,REFLEXIVE_Y,s'y,PRESENT,ELLE,SE,Y,,LEXICAL_REFLEXIVE,S_Y,SUBJECT,POLARITY,LEXICAL,"seed=PC_0061; context=Pour l'instant,"
PC_0674,REFLEXIVE,S_Y_LEXICAL,D3,"Pour l'instant, je m'y habitue.",目前，我逐渐习惯了,目前，我逐渐习惯了,目前，他逐渐习惯了,目前，我还是不习惯,目前，我已经忘了,SUBJECT|POLARITY|LEXICAL,1.4,1,目前，我逐渐习惯了,S_HABITUER_A,REFLEXIVE_Y,m'y,PRESENT,JE,ME,Y,,LEXICAL_REFLEXIVE,M_Y,SUBJECT,POLARITY,LEXICAL,"seed=PC_0062; context=Pour l'instant,"
PC_0675,REFLEXIVE,S_Y_LEXICAL,D3,"Pour l'instant, nous nous y préparons.",目前，我们正在为此做准备,目前，我们正在为此做准备,目前，他们正在为此做准备,目前，我们没为此做准备,目前，我们正在放弃这件事,SUBJECT|POLARITY|LEXICAL,1.0,1,目前，我们正在为此做准备,SE_PREPARER_A,REFLEXIVE_Y,nous y,PRESENT,NOUS,NOUS,Y,,LEXICAL_REFLEXIVE,NOUS_NOUS_Y,SUBJECT,POLARITY,LEXICAL,"seed=PC_0063; context=Pour l'instant,"
PC_0676,REFLEXIVE,S_Y_LEXICAL,D3,"D'habitude, tu t'y attendais.",以前通常，你早就料到这件事了,以前通常，你早就料到这件事了,以前通常，他早就料到这件事了,以前通常，你完全没料到这件事,以前通常，你已经忘了这件事,SUBJECT|POLARITY|LEXICAL,1.0,1,以前通常，你早就料到这件事了,S_ATTENDRE_A,REFLEXIVE_Y,t'y,IMPARFAIT,TU,TE,Y,,LEXICAL_REFLEXIVE,T_Y,SUBJECT,POLARITY,LEXICAL,"seed=PC_0064; context=D'habitude,"
PC_0677,REFLEXIVE,S_Y_LEXICAL,D5,"Hier matin, ils s'y sont mis.",昨天早上，他们开始做这件事了,昨天早上，他们开始做这件事了,昨天早上，我们开始做这件事了,昨天早上，他们还没开始做,昨天早上，他们停止做这件事了,SUBJECT|POLARITY|LEXICAL,1.8,1,昨天早上，他们开始做这件事了,SE_METTRE_A,REFLEXIVE_Y,s'y,PASSE_COMPOSE,ILS,SE,Y,,LEXICAL_REFLEXIVE,S_Y_SONT,SUBJECT,POLARITY,LEXICAL,"seed=PC_0065; context=Hier matin,"
PC_0678,REFLEXIVE,S_Y_LEXICAL,D5,"Hier matin, vous vous y êtes habitués.",昨天早上，您已经习惯了,昨天早上，您已经习惯了,昨天早上，他们已经习惯了,昨天早上，您还是不习惯,昨天早上，您已经放弃了,SUBJECT|POLARITY|LEXICAL,1.6,1,昨天早上，您已经习惯了,S_HABITUER_A,REFLEXIVE_Y,vous y,PASSE_COMPOSE,VOUS,VOUS,Y,,LEXICAL_REFLEXIVE,VOUS_VOUS_Y_ETES,SUBJECT,POLARITY,LEXICAL,"seed=PC_0066; context=Hier matin,"
PC_0679,REFLEXIVE,S_Y_LEXICAL,D4,"Si nécessaire, je ne sais pas comment m'y prendre.",有需要的话，我不知道该怎么做,有需要的话，我不知道该怎么做,有需要的话，他不知道该怎么做,有需要的话，我很清楚该怎么做,有需要的话，我不知道该去哪里,SUBJECT|POLARITY|LEXICAL,1.4,1,有需要的话，我不知道该怎么做,S_Y_PRENDRE,REFLEXIVE_Y,m'y,INFINITIVE,JE,ME,Y,,LEXICAL_REFLEXIVE,M_Y,SUBJECT,POLARITY,LEXICAL,"seed=PC_0067; context=Si nécessaire,"
PC_0680,REFLEXIVE,S_Y_LOCATION,D3,"Pour l'instant, elle s'y rend demain.",目前，她明天去那里,目前，她明天去那里,目前，他明天去那里,目前，她明天从那里回来,目前，她今天去那里,SUBJECT|DIRECTION|ADJUNCT,1.0,1,目前，她明天去那里,SE_RENDRE_A_LIEU,REFLEXIVE_Y,s'y,PRESENT,ELLE,SE,Y,,LOCATION,S_Y,SUBJECT,DIRECTION,ADJUNCT,"seed=PC_0068; context=Pour l'instant,"
PC_0681,REFLEXIVE,S_EN_LEXICAL,D3,"Cette fois, je m'en souviens.",这次，我记得这件事,这次，我记得这件事,这次，他记得这件事,这次，我忘了这件事,这次，我记得那些人,SUBJECT|POLARITY|SEMANTIC,1.6,1,这次，我记得这件事,SE_SOUVENIR_DE,REFLEXIVE_EN,m'en,PRESENT,JE,ME,EN,,LEXICAL_REFLEXIVE,M_EN,SUBJECT,POLARITY,SEMANTIC,"seed=PC_0053; context=Cette fois,"
PC_0682,REFLEXIVE,S_EN_LEXICAL,D5,"Hier soir, il s'en est rendu compte.",昨晚，他意识到这件事了,昨晚，他意识到这件事了,昨晚，我意识到这件事了,昨晚，他还没意识到这件事,昨晚，他忘了这件事,SUBJECT|POLARITY|LEXICAL,2.0,1,昨晚，他意识到这件事了,SE_RENDRE_COMPTE_DE,REFLEXIVE_EN,s'en,PASSE_COMPOSE,IL,SE,EN,,LEXICAL_REFLEXIVE,S_EN_EST,SUBJECT,POLARITY,LEXICAL,"seed=PC_0054; context=Hier soir,"
PC_0683,REFLEXIVE,S_EN_LEXICAL,D3,"Cette fois, nous nous en occupons.",这次，我们来处理这件事,这次，我们来处理这件事,这次，他们来处理这件事,这次，我们不管这件事,这次，我们来处理这些人,SUBJECT|POLARITY|SEMANTIC,1.4,1,这次，我们来处理这件事,S_OCCUPER_DE,REFLEXIVE_EN,nous en,PRESENT,NOUS,NOUS,EN,,LEXICAL_REFLEXIVE,NOUS_NOUS_EN,SUBJECT,POLARITY,SEMANTIC,"seed=PC_0055; context=Cette fois,"
PC_0684,REFLEXIVE,S_EN_LEXICAL,D5,"Hier soir, elle s'en est sortie.",昨晚，她挺过来了,昨晚，她挺过来了,昨晚，他挺过来了,昨晚，她没挺过来,昨晚，她离开了,SUBJECT|POLARITY|LEXICAL,2.0,1,昨晚，她挺过来了,S_EN_SORTIR,REFLEXIVE_EN,s'en,PASSE_COMPOSE,ELLE,SE,EN,,LEXICAL_REFLEXIVE,S_EN_EST,SUBJECT,POLARITY,LEXICAL,"seed=PC_0056; context=Hier soir,"
PC_0685,REFLEXIVE,S_EN_LEXICAL,D3,"Cette fois, tu t'en sers souvent.",这次，你经常用这个,这次，你经常用这个,这次，他经常用这个,这次，你很少用这个,这次，你经常需要这个,SUBJECT|ADJUNCT|LEXICAL,1.0,1,这次，你经常用这个,SE_SERVIR_DE,REFLEXIVE_EN,t'en,PRESENT,TU,TE,EN,,LEXICAL_REFLEXIVE,T_EN,SUBJECT,ADJUNCT,LEXICAL,"seed=PC_0057; context=Cette fois,"
PC_0686,REFLEXIVE,S_EN_LEXICAL,D5,"Hier soir, vous vous en êtes plaint.",昨晚，您为这件事抱怨过,昨晚，您为这件事抱怨过,昨晚，他们为这件事抱怨过,昨晚，您没抱怨过这件事,昨晚，您感谢过这件事,SUBJECT|POLARITY|LEXICAL,1.5,1,昨晚，您为这件事抱怨过,SE_PLAINDRE_DE,REFLEXIVE_EN,vous en,PASSE_COMPOSE,VOUS,VOUS,EN,,LEXICAL_REFLEXIVE,VOUS_VOUS_EN_ETES,SUBJECT,POLARITY,LEXICAL,"seed=PC_0058; context=Hier soir,"
PC_0687,REFLEXIVE,S_EN_LEXICAL,D3,"Cette fois, ils s'en méfient.",这次，他们对此很警惕,这次，他们对此很警惕,这次，我们对此很警惕,这次，他们对此很放心,这次，他们对那些人很警惕,SUBJECT|POLARITY|SEMANTIC,1.0,1,这次，他们对此很警惕,SE_MEFIER_DE,REFLEXIVE_EN,s'en,PRESENT,ILS,SE,EN,,LEXICAL_REFLEXIVE,S_EN,SUBJECT,POLARITY,SEMANTIC,"seed=PC_0059; context=Cette fois,"
PC_0688,REFLEXIVE,S_EN_LEXICAL,D3,"Cette fois, je m'en vais maintenant.",这次，我现在要走了,这次，我现在要走了,这次，他现在要走了,这次，我现在要回来,这次，我明天再走,SUBJECT|LEXICAL|ADJUNCT,1.4,1,这次，我现在要走了,S_EN_ALLER,REFLEXIVE_EN,m'en,PRESENT,JE,ME,EN,,LEXICAL_REFLEXIVE,M_EN,SUBJECT,LEXICAL,ADJUNCT,"seed=PC_0060; context=Cette fois,"
PC_0689,REFLEXIVE,S_Y_LEXICAL,D3,"Cette fois, elle s'y intéresse.",这次，她对此感兴趣,这次，她对此感兴趣,这次，他对此感兴趣,这次，她对此不感兴趣,这次，她对此很担心,SUBJECT|POLARITY|LEXICAL,1.4,1,这次，她对此感兴趣,S_INTERESSER_A,REFLEXIVE_Y,s'y,PRESENT,ELLE,SE,Y,,LEXICAL_REFLEXIVE,S_Y,SUBJECT,POLARITY,LEXICAL,"seed=PC_0061; context=Cette fois,"
PC_0690,REFLEXIVE,S_Y_LEXICAL,D3,"Cette fois, je m'y habitue.",这次，我逐渐习惯了,这次，我逐渐习惯了,这次，他逐渐习惯了,这次，我还是不习惯,这次，我已经忘了,SUBJECT|POLARITY|LEXICAL,1.4,1,这次，我逐渐习惯了,S_HABITUER_A,REFLEXIVE_Y,m'y,PRESENT,JE,ME,Y,,LEXICAL_REFLEXIVE,M_Y,SUBJECT,POLARITY,LEXICAL,"seed=PC_0062; context=Cette fois,"
PC_0691,REFLEXIVE,S_Y_LEXICAL,D3,"Cette fois, nous nous y préparons.",这次，我们正在为此做准备,这次，我们正在为此做准备,这次，他们正在为此做准备,这次，我们没为此做准备,这次，我们正在放弃这件事,SUBJECT|POLARITY|LEXICAL,1.0,1,这次，我们正在为此做准备,SE_PREPARER_A,REFLEXIVE_Y,nous y,PRESENT,NOUS,NOUS,Y,,LEXICAL_REFLEXIVE,NOUS_NOUS_Y,SUBJECT,POLARITY,LEXICAL,"seed=PC_0063; context=Cette fois,"
PC_0692,REFLEXIVE,S_Y_LEXICAL,D3,"À ce moment-là, tu t'y attendais.",那时候，你早就料到这件事了,那时候，你早就料到这件事了,那时候，他早就料到这件事了,那时候，你完全没料到这件事,那时候，你已经忘了这件事,SUBJECT|POLARITY|LEXICAL,1.0,1,那时候，你早就料到这件事了,S_ATTENDRE_A,REFLEXIVE_Y,t'y,IMPARFAIT,TU,TE,Y,,LEXICAL_REFLEXIVE,T_Y,SUBJECT,POLARITY,LEXICAL,"seed=PC_0064; context=À ce moment-là,"
PC_0693,REFLEXIVE,S_Y_LEXICAL,D5,"Hier soir, ils s'y sont mis.",昨晚，他们开始做这件事了,昨晚，他们开始做这件事了,昨晚，我们开始做这件事了,昨晚，他们还没开始做,昨晚，他们停止做这件事了,SUBJECT|POLARITY|LEXICAL,1.8,1,昨晚，他们开始做这件事了,SE_METTRE_A,REFLEXIVE_Y,s'y,PASSE_COMPOSE,ILS,SE,Y,,LEXICAL_REFLEXIVE,S_Y_SONT,SUBJECT,POLARITY,LEXICAL,"seed=PC_0065; context=Hier soir,"
PC_0694,REFLEXIVE,S_Y_LEXICAL,D5,"Hier soir, vous vous y êtes habitués.",昨晚，您已经习惯了,昨晚，您已经习惯了,昨晚，他们已经习惯了,昨晚，您还是不习惯,昨晚，您已经放弃了,SUBJECT|POLARITY|LEXICAL,1.6,1,昨晚，您已经习惯了,S_HABITUER_A,REFLEXIVE_Y,vous y,PASSE_COMPOSE,VOUS,VOUS,Y,,LEXICAL_REFLEXIVE,VOUS_VOUS_Y_ETES,SUBJECT,POLARITY,LEXICAL,"seed=PC_0066; context=Hier soir,"
PC_0695,REFLEXIVE,S_Y_LEXICAL,D4,"En cas de besoin, je ne sais pas comment m'y prendre.",需要的话，我不知道该怎么做,需要的话，我不知道该怎么做,需要的话，他不知道该怎么做,需要的话，我很清楚该怎么做,需要的话，我不知道该去哪里,SUBJECT|POLARITY|LEXICAL,1.4,1,需要的话，我不知道该怎么做,S_Y_PRENDRE,REFLEXIVE_Y,m'y,INFINITIVE,JE,ME,Y,,LEXICAL_REFLEXIVE,M_Y,SUBJECT,POLARITY,LEXICAL,"seed=PC_0067; context=En cas de besoin,"
PC_0696,REFLEXIVE,S_Y_LOCATION,D3,"Cette fois, elle s'y rend demain.",这次，她明天去那里,这次，她明天去那里,这次，他明天去那里,这次，她明天从那里回来,这次，她今天去那里,SUBJECT|DIRECTION|ADJUNCT,1.0,1,这次，她明天去那里,SE_RENDRE_A_LIEU,REFLEXIVE_Y,s'y,PRESENT,ELLE,SE,Y,,LOCATION,S_Y,SUBJECT,DIRECTION,ADJUNCT,"seed=PC_0068; context=Cette fois,"
PC_0697,REFLEXIVE,S_EN_LEXICAL,D3,"Actuellement, je m'en souviens.",目前，我记得这件事,目前，我记得这件事,目前，他记得这件事,目前，我忘了这件事,目前，我记得那些人,SUBJECT|POLARITY|SEMANTIC,1.6,1,目前，我记得这件事,SE_SOUVENIR_DE,REFLEXIVE_EN,m'en,PRESENT,JE,ME,EN,,LEXICAL_REFLEXIVE,M_EN,SUBJECT,POLARITY,SEMANTIC,"seed=PC_0053; context=Actuellement,"
PC_0698,REFLEXIVE,S_EN_LEXICAL,D5,"Récemment, il s'en est rendu compte.",最近，他意识到这件事了,最近，他意识到这件事了,最近，我意识到这件事了,最近，他还没意识到这件事,最近，他忘了这件事,SUBJECT|POLARITY|LEXICAL,2.0,1,最近，他意识到这件事了,SE_RENDRE_COMPTE_DE,REFLEXIVE_EN,s'en,PASSE_COMPOSE,IL,SE,EN,,LEXICAL_REFLEXIVE,S_EN_EST,SUBJECT,POLARITY,LEXICAL,"seed=PC_0054; context=Récemment,"
PC_0699,REFLEXIVE,S_EN_LEXICAL,D3,"Actuellement, nous nous en occupons.",目前，我们来处理这件事,目前，我们来处理这件事,目前，他们来处理这件事,目前，我们不管这件事,目前，我们来处理这些人,SUBJECT|POLARITY|SEMANTIC,1.4,1,目前，我们来处理这件事,S_OCCUPER_DE,REFLEXIVE_EN,nous en,PRESENT,NOUS,NOUS,EN,,LEXICAL_REFLEXIVE,NOUS_NOUS_EN,SUBJECT,POLARITY,SEMANTIC,"seed=PC_0055; context=Actuellement,"
PC_0700,REFLEXIVE,S_EN_LEXICAL,D5,"Récemment, elle s'en est sortie.",最近，她挺过来了,最近，她挺过来了,最近，他挺过来了,最近，她没挺过来,最近，她离开了,SUBJECT|POLARITY|LEXICAL,2.0,1,最近，她挺过来了,S_EN_SORTIR,REFLEXIVE_EN,s'en,PASSE_COMPOSE,ELLE,SE,EN,,LEXICAL_REFLEXIVE,S_EN_EST,SUBJECT,POLARITY,LEXICAL,"seed=PC_0056; context=Récemment,"
PC_0701,REFLEXIVE,S_EN_LEXICAL,D3,"Actuellement, tu t'en sers souvent.",目前，你经常用这个,目前，你经常用这个,目前，他经常用这个,目前，你很少用这个,目前，你经常需要这个,SUBJECT|ADJUNCT|LEXICAL,1.0,1,目前，你经常用这个,SE_SERVIR_DE,REFLEXIVE_EN,t'en,PRESENT,TU,TE,EN,,LEXICAL_REFLEXIVE,T_EN,SUBJECT,ADJUNCT,LEXICAL,"seed=PC_0057; context=Actuellement,"
PC_0702,REFLEXIVE,S_EN_LEXICAL,D5,"Récemment, vous vous en êtes plaint.",最近，您为这件事抱怨过,最近，您为这件事抱怨过,最近，他们为这件事抱怨过,最近，您没抱怨过这件事,最近，您感谢过这件事,SUBJECT|POLARITY|LEXICAL,1.5,1,最近，您为这件事抱怨过,SE_PLAINDRE_DE,REFLEXIVE_EN,vous en,PASSE_COMPOSE,VOUS,VOUS,EN,,LEXICAL_REFLEXIVE,VOUS_VOUS_EN_ETES,SUBJECT,POLARITY,LEXICAL,"seed=PC_0058; context=Récemment,"
PC_0703,REFLEXIVE,S_EN_LEXICAL,D3,"Actuellement, ils s'en méfient.",目前，他们对此很警惕,目前，他们对此很警惕,目前，我们对此很警惕,目前，他们对此很放心,目前，他们对那些人很警惕,SUBJECT|POLARITY|SEMANTIC,1.0,1,目前，他们对此很警惕,SE_MEFIER_DE,REFLEXIVE_EN,s'en,PRESENT,ILS,SE,EN,,LEXICAL_REFLEXIVE,S_EN,SUBJECT,POLARITY,SEMANTIC,"seed=PC_0059; context=Actuellement,"
PC_0704,REFLEXIVE,S_EN_LEXICAL,D3,"Actuellement, je m'en vais maintenant.",目前，我现在要走了,目前，我现在要走了,目前，他现在要走了,目前，我现在要回来,目前，我明天再走,SUBJECT|LEXICAL|ADJUNCT,1.4,1,目前，我现在要走了,S_EN_ALLER,REFLEXIVE_EN,m'en,PRESENT,JE,ME,EN,,LEXICAL_REFLEXIVE,M_EN,SUBJECT,LEXICAL,ADJUNCT,"seed=PC_0060; context=Actuellement,"
PC_0705,REFLEXIVE,S_Y_LEXICAL,D3,"Actuellement, elle s'y intéresse.",目前，她对此感兴趣,目前，她对此感兴趣,目前，他对此感兴趣,目前，她对此不感兴趣,目前，她对此很担心,SUBJECT|POLARITY|LEXICAL,1.4,1,目前，她对此感兴趣,S_INTERESSER_A,REFLEXIVE_Y,s'y,PRESENT,ELLE,SE,Y,,LEXICAL_REFLEXIVE,S_Y,SUBJECT,POLARITY,LEXICAL,"seed=PC_0061; context=Actuellement,"
PC_0706,REFLEXIVE,S_Y_LEXICAL,D3,"Actuellement, je m'y habitue.",目前，我逐渐习惯了,目前，我逐渐习惯了,目前，他逐渐习惯了,目前，我还是不习惯,目前，我已经忘了,SUBJECT|POLARITY|LEXICAL,1.4,1,目前，我逐渐习惯了,S_HABITUER_A,REFLEXIVE_Y,m'y,PRESENT,JE,ME,Y,,LEXICAL_REFLEXIVE,M_Y,SUBJECT,POLARITY,LEXICAL,"seed=PC_0062; context=Actuellement,"
PC_0707,REFLEXIVE,S_Y_LEXICAL,D3,"Actuellement, nous nous y préparons.",目前，我们正在为此做准备,目前，我们正在为此做准备,目前，他们正在为此做准备,目前，我们没为此做准备,目前，我们正在放弃这件事,SUBJECT|POLARITY|LEXICAL,1.0,1,目前，我们正在为此做准备,SE_PREPARER_A,REFLEXIVE_Y,nous y,PRESENT,NOUS,NOUS,Y,,LEXICAL_REFLEXIVE,NOUS_NOUS_Y,SUBJECT,POLARITY,LEXICAL,"seed=PC_0063; context=Actuellement,"
PC_0708,REFLEXIVE,S_Y_LEXICAL,D3,"Chaque semaine, tu t'y attendais.",以前每周，你早就料到这件事了,以前每周，你早就料到这件事了,以前每周，他早就料到这件事了,以前每周，你完全没料到这件事,以前每周，你已经忘了这件事,SUBJECT|POLARITY|LEXICAL,1.0,1,以前每周，你早就料到这件事了,S_ATTENDRE_A,REFLEXIVE_Y,t'y,IMPARFAIT,TU,TE,Y,,LEXICAL_REFLEXIVE,T_Y,SUBJECT,POLARITY,LEXICAL,"seed=PC_0064; context=Chaque semaine,"
PC_0709,REFLEXIVE,S_Y_LEXICAL,D5,"Récemment, ils s'y sont mis.",最近，他们开始做这件事了,最近，他们开始做这件事了,最近，我们开始做这件事了,最近，他们还没开始做,最近，他们停止做这件事了,SUBJECT|POLARITY|LEXICAL,1.8,1,最近，他们开始做这件事了,SE_METTRE_A,REFLEXIVE_Y,s'y,PASSE_COMPOSE,ILS,SE,Y,,LEXICAL_REFLEXIVE,S_Y_SONT,SUBJECT,POLARITY,LEXICAL,"seed=PC_0065; context=Récemment,"
PC_0710,REFLEXIVE,S_Y_LEXICAL,D5,"Récemment, vous vous y êtes habitués.",最近，您已经习惯了,最近，您已经习惯了,最近，他们已经习惯了,最近，您还是不习惯,最近，您已经放弃了,SUBJECT|POLARITY|LEXICAL,1.6,1,最近，您已经习惯了,S_HABITUER_A,REFLEXIVE_Y,vous y,PASSE_COMPOSE,VOUS,VOUS,Y,,LEXICAL_REFLEXIVE,VOUS_VOUS_Y_ETES,SUBJECT,POLARITY,LEXICAL,"seed=PC_0066; context=Récemment,"
PC_0711,REFLEXIVE,S_Y_LEXICAL,D4,"Pour l'instant, je ne sais pas comment m'y prendre.",目前，我不知道该怎么做,目前，我不知道该怎么做,目前，他不知道该怎么做,目前，我很清楚该怎么做,目前，我不知道该去哪里,SUBJECT|POLARITY|LEXICAL,1.4,1,目前，我不知道该怎么做,S_Y_PRENDRE,REFLEXIVE_Y,m'y,INFINITIVE,JE,ME,Y,,LEXICAL_REFLEXIVE,M_Y,SUBJECT,POLARITY,LEXICAL,"seed=PC_0067; context=Pour l'instant,"
PC_0712,REFLEXIVE,S_Y_LOCATION,D3,"Actuellement, elle s'y rend demain.",目前，她明天去那里,目前，她明天去那里,目前，他明天去那里,目前，她明天从那里回来,目前，她今天去那里,SUBJECT|DIRECTION|ADJUNCT,1.0,1,目前，她明天去那里,SE_RENDRE_A_LIEU,REFLEXIVE_Y,s'y,PRESENT,ELLE,SE,Y,,LOCATION,S_Y,SUBJECT,DIRECTION,ADJUNCT,"seed=PC_0068; context=Actuellement,"
PC_0713,REFLEXIVE,S_EN_LEXICAL,D3,"À présent, je m'en souviens.",现在，我记得这件事,现在，我记得这件事,现在，他记得这件事,现在，我忘了这件事,现在，我记得那些人,SUBJECT|POLARITY|SEMANTIC,1.6,1,现在，我记得这件事,SE_SOUVENIR_DE,REFLEXIVE_EN,m'en,PRESENT,JE,ME,EN,,LEXICAL_REFLEXIVE,M_EN,SUBJECT,POLARITY,SEMANTIC,"seed=PC_0053; context=À présent,"
PC_0714,REFLEXIVE,S_EN_LEXICAL,D5,"La semaine dernière, il s'en est rendu compte.",上周，他意识到这件事了,上周，他意识到这件事了,上周，我意识到这件事了,上周，他还没意识到这件事,上周，他忘了这件事,SUBJECT|POLARITY|LEXICAL,2.0,1,上周，他意识到这件事了,SE_RENDRE_COMPTE_DE,REFLEXIVE_EN,s'en,PASSE_COMPOSE,IL,SE,EN,,LEXICAL_REFLEXIVE,S_EN_EST,SUBJECT,POLARITY,LEXICAL,"seed=PC_0054; context=La semaine dernière,"
PC_0715,REFLEXIVE,S_EN_LEXICAL,D3,"À présent, nous nous en occupons.",现在，我们来处理这件事,现在，我们来处理这件事,现在，他们来处理这件事,现在，我们不管这件事,现在，我们来处理这些人,SUBJECT|POLARITY|SEMANTIC,1.4,1,现在，我们来处理这件事,S_OCCUPER_DE,REFLEXIVE_EN,nous en,PRESENT,NOUS,NOUS,EN,,LEXICAL_REFLEXIVE,NOUS_NOUS_EN,SUBJECT,POLARITY,SEMANTIC,"seed=PC_0055; context=À présent,"
PC_0716,REFLEXIVE,S_EN_LEXICAL,D5,"La semaine dernière, elle s'en est sortie.",上周，她挺过来了,上周，她挺过来了,上周，他挺过来了,上周，她没挺过来,上周，她离开了,SUBJECT|POLARITY|LEXICAL,2.0,1,上周，她挺过来了,S_EN_SORTIR,REFLEXIVE_EN,s'en,PASSE_COMPOSE,ELLE,SE,EN,,LEXICAL_REFLEXIVE,S_EN_EST,SUBJECT,POLARITY,LEXICAL,"seed=PC_0056; context=La semaine dernière,"
PC_0717,REFLEXIVE,S_EN_LEXICAL,D3,"À présent, tu t'en sers souvent.",现在，你经常用这个,现在，你经常用这个,现在，他经常用这个,现在，你很少用这个,现在，你经常需要这个,SUBJECT|ADJUNCT|LEXICAL,1.0,1,现在，你经常用这个,SE_SERVIR_DE,REFLEXIVE_EN,t'en,PRESENT,TU,TE,EN,,LEXICAL_REFLEXIVE,T_EN,SUBJECT,ADJUNCT,LEXICAL,"seed=PC_0057; context=À présent,"
PC_0718,REFLEXIVE,S_EN_LEXICAL,D5,"La semaine dernière, vous vous en êtes plaint.",上周，您为这件事抱怨过,上周，您为这件事抱怨过,上周，他们为这件事抱怨过,上周，您没抱怨过这件事,上周，您感谢过这件事,SUBJECT|POLARITY|LEXICAL,1.5,1,上周，您为这件事抱怨过,SE_PLAINDRE_DE,REFLEXIVE_EN,vous en,PASSE_COMPOSE,VOUS,VOUS,EN,,LEXICAL_REFLEXIVE,VOUS_VOUS_EN_ETES,SUBJECT,POLARITY,LEXICAL,"seed=PC_0058; context=La semaine dernière,"
PC_0719,REFLEXIVE,S_EN_LEXICAL,D3,"À présent, ils s'en méfient.",现在，他们对此很警惕,现在，他们对此很警惕,现在，我们对此很警惕,现在，他们对此很放心,现在，他们对那些人很警惕,SUBJECT|POLARITY|SEMANTIC,1.0,1,现在，他们对此很警惕,SE_MEFIER_DE,REFLEXIVE_EN,s'en,PRESENT,ILS,SE,EN,,LEXICAL_REFLEXIVE,S_EN,SUBJECT,POLARITY,SEMANTIC,"seed=PC_0059; context=À présent,"
PC_0720,REFLEXIVE,S_EN_LEXICAL,D3,"À présent, je m'en vais maintenant.",现在，我现在要走了,现在，我现在要走了,现在，他现在要走了,现在，我现在要回来,现在，我明天再走,SUBJECT|LEXICAL|ADJUNCT,1.4,1,现在，我现在要走了,S_EN_ALLER,REFLEXIVE_EN,m'en,PRESENT,JE,ME,EN,,LEXICAL_REFLEXIVE,M_EN,SUBJECT,LEXICAL,ADJUNCT,"seed=PC_0060; context=À présent,"
PC_0721,REFLEXIVE,S_Y_LEXICAL,D3,"À présent, elle s'y intéresse.",现在，她对此感兴趣,现在，她对此感兴趣,现在，他对此感兴趣,现在，她对此不感兴趣,现在，她对此很担心,SUBJECT|POLARITY|LEXICAL,1.4,1,现在，她对此感兴趣,S_INTERESSER_A,REFLEXIVE_Y,s'y,PRESENT,ELLE,SE,Y,,LEXICAL_REFLEXIVE,S_Y,SUBJECT,POLARITY,LEXICAL,"seed=PC_0061; context=À présent,"
PC_0722,REFLEXIVE,S_Y_LEXICAL,D3,"À présent, je m'y habitue.",现在，我逐渐习惯了,现在，我逐渐习惯了,现在，他逐渐习惯了,现在，我还是不习惯,现在，我已经忘了,SUBJECT|POLARITY|LEXICAL,1.4,1,现在，我逐渐习惯了,S_HABITUER_A,REFLEXIVE_Y,m'y,PRESENT,JE,ME,Y,,LEXICAL_REFLEXIVE,M_Y,SUBJECT,POLARITY,LEXICAL,"seed=PC_0062; context=À présent,"
PC_0723,REFLEXIVE,S_Y_LEXICAL,D3,"À présent, nous nous y préparons.",现在，我们正在为此做准备,现在，我们正在为此做准备,现在，他们正在为此做准备,现在，我们没为此做准备,现在，我们正在放弃这件事,SUBJECT|POLARITY|LEXICAL,1.0,1,现在，我们正在为此做准备,SE_PREPARER_A,REFLEXIVE_Y,nous y,PRESENT,NOUS,NOUS,Y,,LEXICAL_REFLEXIVE,NOUS_NOUS_Y,SUBJECT,POLARITY,LEXICAL,"seed=PC_0063; context=À présent,"
PC_0724,REFLEXIVE,S_Y_LEXICAL,D3,"Tous les jours, tu t'y attendais.",以前每天，你早就料到这件事了,以前每天，你早就料到这件事了,以前每天，他早就料到这件事了,以前每天，你完全没料到这件事,以前每天，你已经忘了这件事,SUBJECT|POLARITY|LEXICAL,1.0,1,以前每天，你早就料到这件事了,S_ATTENDRE_A,REFLEXIVE_Y,t'y,IMPARFAIT,TU,TE,Y,,LEXICAL_REFLEXIVE,T_Y,SUBJECT,POLARITY,LEXICAL,"seed=PC_0064; context=Tous les jours,"
PC_0725,REFLEXIVE,S_Y_LEXICAL,D5,"La semaine dernière, ils s'y sont mis.",上周，他们开始做这件事了,上周，他们开始做这件事了,上周，我们开始做这件事了,上周，他们还没开始做,上周，他们停止做这件事了,SUBJECT|POLARITY|LEXICAL,1.8,1,上周，他们开始做这件事了,SE_METTRE_A,REFLEXIVE_Y,s'y,PASSE_COMPOSE,ILS,SE,Y,,LEXICAL_REFLEXIVE,S_Y_SONT,SUBJECT,POLARITY,LEXICAL,"seed=PC_0065; context=La semaine dernière,"
PC_0726,REFLEXIVE,S_Y_LEXICAL,D5,"La semaine dernière, vous vous y êtes habitués.",上周，您已经习惯了,上周，您已经习惯了,上周，他们已经习惯了,上周，您还是不习惯,上周，您已经放弃了,SUBJECT|POLARITY|LEXICAL,1.6,1,上周，您已经习惯了,S_HABITUER_A,REFLEXIVE_Y,vous y,PASSE_COMPOSE,VOUS,VOUS,Y,,LEXICAL_REFLEXIVE,VOUS_VOUS_Y_ETES,SUBJECT,POLARITY,LEXICAL,"seed=PC_0066; context=La semaine dernière,"
PC_0727,REFLEXIVE,S_Y_LEXICAL,D4,"Dès maintenant, je ne sais pas comment m'y prendre.",从现在起，我不知道该怎么做,从现在起，我不知道该怎么做,从现在起，他不知道该怎么做,从现在起，我很清楚该怎么做,从现在起，我不知道该去哪里,SUBJECT|POLARITY|LEXICAL,1.4,1,从现在起，我不知道该怎么做,S_Y_PRENDRE,REFLEXIVE_Y,m'y,INFINITIVE,JE,ME,Y,,LEXICAL_REFLEXIVE,M_Y,SUBJECT,POLARITY,LEXICAL,"seed=PC_0067; context=Dès maintenant,"
PC_0728,REFLEXIVE,S_Y_LOCATION,D3,"À présent, elle s'y rend demain.",现在，她明天去那里,现在，她明天去那里,现在，他明天去那里,现在，她明天从那里回来,现在，她今天去那里,SUBJECT|DIRECTION|ADJUNCT,1.0,1,现在，她明天去那里,SE_RENDRE_A_LIEU,REFLEXIVE_Y,s'y,PRESENT,ELLE,SE,Y,,LOCATION,S_Y,SUBJECT,DIRECTION,ADJUNCT,"seed=PC_0068; context=À présent,"
PC_0729,REFLEXIVE,S_EN_LEXICAL,D3,"Normalement, je m'en souviens.",通常，我记得这件事,通常，我记得这件事,通常，他记得这件事,通常，我忘了这件事,通常，我记得那些人,SUBJECT|POLARITY|SEMANTIC,1.6,1,通常，我记得这件事,SE_SOUVENIR_DE,REFLEXIVE_EN,m'en,PRESENT,JE,ME,EN,,LEXICAL_REFLEXIVE,M_EN,SUBJECT,POLARITY,SEMANTIC,"seed=PC_0053; context=Normalement,"
PC_0730,REFLEXIVE,S_EN_LEXICAL,D5,"Le mois dernier, il s'en est rendu compte.",上个月，他意识到这件事了,上个月，他意识到这件事了,上个月，我意识到这件事了,上个月，他还没意识到这件事,上个月，他忘了这件事,SUBJECT|POLARITY|LEXICAL,2.0,1,上个月，他意识到这件事了,SE_RENDRE_COMPTE_DE,REFLEXIVE_EN,s'en,PASSE_COMPOSE,IL,SE,EN,,LEXICAL_REFLEXIVE,S_EN_EST,SUBJECT,POLARITY,LEXICAL,"seed=PC_0054; context=Le mois dernier,"
PC_0731,REFLEXIVE,S_EN_LEXICAL,D3,"Normalement, nous nous en occupons.",通常，我们来处理这件事,通常，我们来处理这件事,通常，他们来处理这件事,通常，我们不管这件事,通常，我们来处理这些人,SUBJECT|POLARITY|SEMANTIC,1.4,1,通常，我们来处理这件事,S_OCCUPER_DE,REFLEXIVE_EN,nous en,PRESENT,NOUS,NOUS,EN,,LEXICAL_REFLEXIVE,NOUS_NOUS_EN,SUBJECT,POLARITY,SEMANTIC,"seed=PC_0055; context=Normalement,"
PC_0732,REFLEXIVE,S_EN_LEXICAL,D5,"Le mois dernier, elle s'en est sortie.",上个月，她挺过来了,上个月，她挺过来了,上个月，他挺过来了,上个月，她没挺过来,上个月，她离开了,SUBJECT|POLARITY|LEXICAL,2.0,1,上个月，她挺过来了,S_EN_SORTIR,REFLEXIVE_EN,s'en,PASSE_COMPOSE,ELLE,SE,EN,,LEXICAL_REFLEXIVE,S_EN_EST,SUBJECT,POLARITY,LEXICAL,"seed=PC_0056; context=Le mois dernier,"
PC_0733,REFLEXIVE,S_EN_LEXICAL,D3,"Normalement, tu t'en sers souvent.",通常，你经常用这个,通常，你经常用这个,通常，他经常用这个,通常，你很少用这个,通常，你经常需要这个,SUBJECT|ADJUNCT|LEXICAL,1.0,1,通常，你经常用这个,SE_SERVIR_DE,REFLEXIVE_EN,t'en,PRESENT,TU,TE,EN,,LEXICAL_REFLEXIVE,T_EN,SUBJECT,ADJUNCT,LEXICAL,"seed=PC_0057; context=Normalement,"
PC_0734,REFLEXIVE,S_EN_LEXICAL,D5,"Le mois dernier, vous vous en êtes plaint.",上个月，您为这件事抱怨过,上个月，您为这件事抱怨过,上个月，他们为这件事抱怨过,上个月，您没抱怨过这件事,上个月，您感谢过这件事,SUBJECT|POLARITY|LEXICAL,1.5,1,上个月，您为这件事抱怨过,SE_PLAINDRE_DE,REFLEXIVE_EN,vous en,PASSE_COMPOSE,VOUS,VOUS,EN,,LEXICAL_REFLEXIVE,VOUS_VOUS_EN_ETES,SUBJECT,POLARITY,LEXICAL,"seed=PC_0058; context=Le mois dernier,"
PC_0735,REFLEXIVE,S_EN_LEXICAL,D3,"Normalement, ils s'en méfient.",通常，他们对此很警惕,通常，他们对此很警惕,通常，我们对此很警惕,通常，他们对此很放心,通常，他们对那些人很警惕,SUBJECT|POLARITY|SEMANTIC,1.0,1,通常，他们对此很警惕,SE_MEFIER_DE,REFLEXIVE_EN,s'en,PRESENT,ILS,SE,EN,,LEXICAL_REFLEXIVE,S_EN,SUBJECT,POLARITY,SEMANTIC,"seed=PC_0059; context=Normalement,"
PC_0736,REFLEXIVE,S_EN_LEXICAL,D3,"Normalement, je m'en vais maintenant.",通常，我现在要走了,通常，我现在要走了,通常，他现在要走了,通常，我现在要回来,通常，我明天再走,SUBJECT|LEXICAL|ADJUNCT,1.4,1,通常，我现在要走了,S_EN_ALLER,REFLEXIVE_EN,m'en,PRESENT,JE,ME,EN,,LEXICAL_REFLEXIVE,M_EN,SUBJECT,LEXICAL,ADJUNCT,"seed=PC_0060; context=Normalement,"
PC_0737,REFLEXIVE,S_Y_LEXICAL,D3,"Normalement, elle s'y intéresse.",通常，她对此感兴趣,通常，她对此感兴趣,通常，他对此感兴趣,通常，她对此不感兴趣,通常，她对此很担心,SUBJECT|POLARITY|LEXICAL,1.4,1,通常，她对此感兴趣,S_INTERESSER_A,REFLEXIVE_Y,s'y,PRESENT,ELLE,SE,Y,,LEXICAL_REFLEXIVE,S_Y,SUBJECT,POLARITY,LEXICAL,"seed=PC_0061; context=Normalement,"
PC_0738,REFLEXIVE,S_Y_LEXICAL,D3,"Normalement, je m'y habitue.",通常，我逐渐习惯了,通常，我逐渐习惯了,通常，他逐渐习惯了,通常，我还是不习惯,通常，我已经忘了,SUBJECT|POLARITY|LEXICAL,1.4,1,通常，我逐渐习惯了,S_HABITUER_A,REFLEXIVE_Y,m'y,PRESENT,JE,ME,Y,,LEXICAL_REFLEXIVE,M_Y,SUBJECT,POLARITY,LEXICAL,"seed=PC_0062; context=Normalement,"
PC_0739,REFLEXIVE,S_Y_LEXICAL,D3,"Normalement, nous nous y préparons.",通常，我们正在为此做准备,通常，我们正在为此做准备,通常，他们正在为此做准备,通常，我们没为此做准备,通常，我们正在放弃这件事,SUBJECT|POLARITY|LEXICAL,1.0,1,通常，我们正在为此做准备,SE_PREPARER_A,REFLEXIVE_Y,nous y,PRESENT,NOUS,NOUS,Y,,LEXICAL_REFLEXIVE,NOUS_NOUS_Y,SUBJECT,POLARITY,LEXICAL,"seed=PC_0063; context=Normalement,"
PC_0740,REFLEXIVE,S_Y_LEXICAL,D3,"Pendant cette période, tu t'y attendais.",那段时间，你早就料到这件事了,那段时间，你早就料到这件事了,那段时间，他早就料到这件事了,那段时间，你完全没料到这件事,那段时间，你已经忘了这件事,SUBJECT|POLARITY|LEXICAL,1.0,1,那段时间，你早就料到这件事了,S_ATTENDRE_A,REFLEXIVE_Y,t'y,IMPARFAIT,TU,TE,Y,,LEXICAL_REFLEXIVE,T_Y,SUBJECT,POLARITY,LEXICAL,"seed=PC_0064; context=Pendant cette période,"
PC_0741,Y_CLUSTER,Y_TOPIC,D1,J'y pense souvent.,我经常想这件事,我经常想这件事,他经常想这件事,我很少想这件事,我经常谈这件事,SUBJECT|ADJUNCT|LEXICAL,1.0,1,我经常想这件事,PENSER_A,SINGLE_Y,y,PRESENT,JE,Y,,,TOPIC,,SUBJECT,ADJUNCT,LEXICAL,seed=PC_0069; context=NONE
PC_0742,Y_CLUSTER,Y_EVENT,D2,Nous y participerons.,我们会参加这个活动,我们会参加这个活动,他们会参加这个活动,我们会退出这个活动,我们会参加这些活动,SUBJECT|LEXICAL|NUMBER,1.0,1,我们会参加这个活动,PARTICIPER_A,SINGLE_Y,y,FUTUR_SIMPLE,NOUS,Y,,,EVENT,,SUBJECT,LEXICAL,NUMBER,seed=PC_0070; context=NONE
PC_0743,Y_CLUSTER,Y_TOPIC,D2,Elle y a répondu.,她对此作了回应,她对此作了回应,他对此作了回应,她对此没有回应,她对此提出了问题,SUBJECT|POLARITY|LEXICAL,1.0,1,她对此作了回应,REPONDRE_A_QCH,SINGLE_Y,y,PASSE_COMPOSE,ELLE,Y,,,TOPIC,,SUBJECT,POLARITY,LEXICAL,seed=PC_0071; context=NONE
PC_0744,Y_CLUSTER,Y_TOPIC,D1,Vous y croyez vraiment ?,您真的相信这件事吗？,您真的相信这件事吗？,他们真的相信这件事吗？,您真的怀疑这件事吗？,您真的相信那些人吗？,SUBJECT|POLARITY|SEMANTIC,1.0,1,您真的相信这件事吗？,CROIRE_A,SINGLE_Y,y,PRESENT,VOUS,Y,,,TOPIC,,SUBJECT,POLARITY,SEMANTIC,seed=PC_0072; context=NONE
PC_0745,Y_CLUSTER,Y_LOCATION,D1,Il y travaille depuis un an.,他在那里工作一年了,他在那里工作一年了,我在那里工作一年了,他在那里住了一年,他在那里工作一个月了,SUBJECT|LEXICAL|DURATION,1.0,1,他在那里工作一年了,TRAVAILLER_A_LIEU,SINGLE_Y,y,PRESENT,IL,Y,,,LOCATION,,SUBJECT,LEXICAL,DURATION,seed=PC_0073; context=NONE
PC_0746,Y_CLUSTER,Y_LOCATION,D1,On y retourne demain.,我们明天再去那里,我们明天再去那里,他们明天再去那里,我们明天从那里回来,我们今天再去那里,SUBJECT|DIRECTION|ADJUNCT,1.0,1,我们明天再去那里,RETOURNER_A_LIEU,SINGLE_Y,y,PRESENT,ON,Y,,,LOCATION,,SUBJECT,DIRECTION,ADJUNCT,seed=PC_0074; context=NONE
PC_0747,Y_CLUSTER,COD_Y,D4,Je l'y ai mis.,我把它放那里了,我把它放那里了,我把它放这里了,我把这些放那里了,他把它放那里了,LOCATION|COD_NUMBER|SUBJECT,1.6,1,我把它放那里了,METTRE_QCH_A_LIEU,COD_Y,l'y,PASSE_COMPOSE,JE,LE_LA,Y,,LOCATION,L_Y_AI,LOCATION,COD_NUMBER,SUBJECT,seed=PC_0075; context=NONE
PC_0748,Y_CLUSTER,COD_Y,D4,Elle l'y a laissé.,她把它留在那里了,她把它留在那里了,她把它留在这里了,她把这些留在那里了,我把它留在那里了,LOCATION|COD_NUMBER|SUBJECT,1.6,1,她把它留在那里了,LAISSER_QCH_A_LIEU,COD_Y,l'y,PASSE_COMPOSE,ELLE,LE_LA,Y,,LOCATION,L_Y_A,LOCATION,COD_NUMBER,SUBJECT,seed=PC_0076; context=NONE
PC_0749,Y_CLUSTER,COD_Y,D4,Nous les y avons trouvés.,我们在那里找到了他们,我们在那里找到了他们,我们在这里找到了他们,我们在那里找到了他,他们在那里找到了我们,LOCATION|COD_NUMBER|ROLE_REVERSAL,1.4,1,我们在那里找到了他们,TROUVER_QN_A_LIEU,COD_Y,les y,PASSE_COMPOSE,NOUS,LES,Y,,LOCATION_PERSON,LES_Y_AVONS,LOCATION,COD_NUMBER,ROLE_REVERSAL,seed=PC_0077; context=NONE
PC_0750,Y_CLUSTER,OBJ_Y,D4,Il nous y a conduits.,他把我们带到那里了,他把我们带到那里了,他把他们带到那里了,他把我们带到这里了,我们把他带到那里了,PERSON|LOCATION|ROLE_REVERSAL,1.4,1,他把我们带到那里了,CONDUIRE_QN_A_LIEU,OBJ_Y,nous y,PASSE_COMPOSE,IL,NOUS,Y,,LOCATION_PERSON,NOUS_Y_A,PERSON,LOCATION,ROLE_REVERSAL,seed=PC_0078; context=NONE
PC_0751,Y_CLUSTER,OBJ_Y,D3,Je vous y retrouverai.,我会在那里跟您会合,我会在那里跟您会合,我会在那里跟他们会合,我会在这里跟您会合,您会在那里跟我会合,PERSON|LOCATION|ROLE_REVERSAL,1.0,1,我会在那里跟您会合,RETROUVER_QN_A_LIEU,OBJ_Y,vous y,FUTUR_SIMPLE,JE,VOUS,Y,,LOCATION_PERSON,,PERSON,LOCATION,ROLE_REVERSAL,seed=PC_0079; context=NONE
PC_0752,Y_CLUSTER,Y_LOCATION,D2,Ils y sont restés toute la journée.,他们在那里待了一整天,他们在那里待了一整天,我们在那里待了一整天,他们在那里只待了一小时,他们在那里工作了一整天,SUBJECT|DURATION|LEXICAL,1.3,1,他们在那里待了一整天,RESTER_A_LIEU,SINGLE_Y,y,PASSE_COMPOSE,ILS,Y,,,LOCATION,Y_SONT,SUBJECT,DURATION,LEXICAL,seed=PC_0080; context=NONE
PC_0753,Y_CLUSTER,Y_TOPIC,D1,"Aujourd'hui, j'y pense souvent.",今天，我经常想这件事,今天，我经常想这件事,今天，他经常想这件事,今天，我很少想这件事,今天，我经常谈这件事,SUBJECT|ADJUNCT|LEXICAL,1.0,1,今天，我经常想这件事,PENSER_A,SINGLE_Y,y,PRESENT,JE,Y,,,TOPIC,,SUBJECT,ADJUNCT,LEXICAL,"seed=PC_0069; context=Aujourd'hui,"
PC_0754,Y_CLUSTER,Y_EVENT,D2,"Demain, nous y participerons.",明天，我们会参加这个活动,明天，我们会参加这个活动,明天，他们会参加这个活动,明天，我们会退出这个活动,明天，我们会参加这些活动,SUBJECT|LEXICAL|NUMBER,1.0,1,明天，我们会参加这个活动,PARTICIPER_A,SINGLE_Y,y,FUTUR_SIMPLE,NOUS,Y,,,EVENT,,SUBJECT,LEXICAL,NUMBER,"seed=PC_0070; context=Demain,"
PC_0755,Y_CLUSTER,Y_TOPIC,D2,"Hier, elle y a répondu.",昨天，她对此作了回应,昨天，她对此作了回应,昨天，他对此作了回应,昨天，她对此没有回应,昨天，她对此提出了问题,SUBJECT|POLARITY|LEXICAL,1.0,1,昨天，她对此作了回应,REPONDRE_A_QCH,SINGLE_Y,y,PASSE_COMPOSE,ELLE,Y,,,TOPIC,,SUBJECT,POLARITY,LEXICAL,"seed=PC_0071; context=Hier,"
PC_0756,Y_CLUSTER,Y_TOPIC,D1,"Aujourd'hui, vous y croyez vraiment ?",今天，您真的相信这件事吗？,今天，您真的相信这件事吗？,今天，他们真的相信这件事吗？,今天，您真的怀疑这件事吗？,今天，您真的相信那些人吗？,SUBJECT|POLARITY|SEMANTIC,1.0,1,今天，您真的相信这件事吗？,CROIRE_A,SINGLE_Y,y,PRESENT,VOUS,Y,,,TOPIC,,SUBJECT,POLARITY,SEMANTIC,"seed=PC_0072; context=Aujourd'hui,"
PC_0757,Y_CLUSTER,Y_LOCATION,D1,"Aujourd'hui, il y travaille depuis un an.",今天，他在那里工作一年了,今天，他在那里工作一年了,今天，我在那里工作一年了,今天，他在那里住了一年,今天，他在那里工作一个月了,SUBJECT|LEXICAL|DURATION,1.0,1,今天，他在那里工作一年了,TRAVAILLER_A_LIEU,SINGLE_Y,y,PRESENT,IL,Y,,,LOCATION,,SUBJECT,LEXICAL,DURATION,"seed=PC_0073; context=Aujourd'hui,"
PC_0758,Y_CLUSTER,Y_LOCATION,D1,"Aujourd'hui, on y retourne demain.",今天，我们明天再去那里,今天，我们明天再去那里,今天，他们明天再去那里,今天，我们明天从那里回来,今天，我们今天再去那里,SUBJECT|DIRECTION|ADJUNCT,1.0,1,今天，我们明天再去那里,RETOURNER_A_LIEU,SINGLE_Y,y,PRESENT,ON,Y,,,LOCATION,,SUBJECT,DIRECTION,ADJUNCT,"seed=PC_0074; context=Aujourd'hui,"
PC_0759,Y_CLUSTER,COD_Y,D4,"Hier, je l'y ai mis.",昨天，我把它放那里了,昨天，我把它放那里了,昨天，我把它放这里了,昨天，我把这些放那里了,昨天，他把它放那里了,LOCATION|COD_NUMBER|SUBJECT,1.6,1,昨天，我把它放那里了,METTRE_QCH_A_LIEU,COD_Y,l'y,PASSE_COMPOSE,JE,LE_LA,Y,,LOCATION,L_Y_AI,LOCATION,COD_NUMBER,SUBJECT,"seed=PC_0075; context=Hier,"
PC_0760,Y_CLUSTER,COD_Y,D4,"Hier, elle l'y a laissé.",昨天，她把它留在那里了,昨天，她把它留在那里了,昨天，她把它留在这里了,昨天，她把这些留在那里了,昨天，我把它留在那里了,LOCATION|COD_NUMBER|SUBJECT,1.6,1,昨天，她把它留在那里了,LAISSER_QCH_A_LIEU,COD_Y,l'y,PASSE_COMPOSE,ELLE,LE_LA,Y,,LOCATION,L_Y_A,LOCATION,COD_NUMBER,SUBJECT,"seed=PC_0076; context=Hier,"
PC_0761,Y_CLUSTER,COD_Y,D4,"Hier, nous les y avons trouvés.",昨天，我们在那里找到了他们,昨天，我们在那里找到了他们,昨天，我们在这里找到了他们,昨天，我们在那里找到了他,昨天，他们在那里找到了我们,LOCATION|COD_NUMBER|ROLE_REVERSAL,1.4,1,昨天，我们在那里找到了他们,TROUVER_QN_A_LIEU,COD_Y,les y,PASSE_COMPOSE,NOUS,LES,Y,,LOCATION_PERSON,LES_Y_AVONS,LOCATION,COD_NUMBER,ROLE_REVERSAL,"seed=PC_0077; context=Hier,"
PC_0762,Y_CLUSTER,OBJ_Y,D4,"Hier, il nous y a conduits.",昨天，他把我们带到那里了,昨天，他把我们带到那里了,昨天，他把他们带到那里了,昨天，他把我们带到这里了,昨天，我们把他带到那里了,PERSON|LOCATION|ROLE_REVERSAL,1.4,1,昨天，他把我们带到那里了,CONDUIRE_QN_A_LIEU,OBJ_Y,nous y,PASSE_COMPOSE,IL,NOUS,Y,,LOCATION_PERSON,NOUS_Y_A,PERSON,LOCATION,ROLE_REVERSAL,"seed=PC_0078; context=Hier,"
PC_0763,Y_CLUSTER,OBJ_Y,D3,"Demain, je vous y retrouverai.",明天，我会在那里跟您会合,明天，我会在那里跟您会合,明天，我会在那里跟他们会合,明天，我会在这里跟您会合,明天，您会在那里跟我会合,PERSON|LOCATION|ROLE_REVERSAL,1.0,1,明天，我会在那里跟您会合,RETROUVER_QN_A_LIEU,OBJ_Y,vous y,FUTUR_SIMPLE,JE,VOUS,Y,,LOCATION_PERSON,,PERSON,LOCATION,ROLE_REVERSAL,"seed=PC_0079; context=Demain,"
PC_0764,Y_CLUSTER,Y_LOCATION,D2,"Hier, ils y sont restés toute la journée.",昨天，他们在那里待了一整天,昨天，他们在那里待了一整天,昨天，我们在那里待了一整天,昨天，他们在那里只待了一小时,昨天，他们在那里工作了一整天,SUBJECT|DURATION|LEXICAL,1.3,1,昨天，他们在那里待了一整天,RESTER_A_LIEU,SINGLE_Y,y,PASSE_COMPOSE,ILS,Y,,,LOCATION,Y_SONT,SUBJECT,DURATION,LEXICAL,"seed=PC_0080; context=Hier,"
PC_0765,Y_CLUSTER,Y_TOPIC,D1,"Maintenant, j'y pense souvent.",现在，我经常想这件事,现在，我经常想这件事,现在，他经常想这件事,现在，我很少想这件事,现在，我经常谈这件事,SUBJECT|ADJUNCT|LEXICAL,1.0,1,现在，我经常想这件事,PENSER_A,SINGLE_Y,y,PRESENT,JE,Y,,,TOPIC,,SUBJECT,ADJUNCT,LEXICAL,"seed=PC_0069; context=Maintenant,"
PC_0766,Y_CLUSTER,Y_EVENT,D2,"Après-demain, nous y participerons.",后天，我们会参加这个活动,后天，我们会参加这个活动,后天，他们会参加这个活动,后天，我们会退出这个活动,后天，我们会参加这些活动,SUBJECT|LEXICAL|NUMBER,1.0,1,后天，我们会参加这个活动,PARTICIPER_A,SINGLE_Y,y,FUTUR_SIMPLE,NOUS,Y,,,EVENT,,SUBJECT,LEXICAL,NUMBER,"seed=PC_0070; context=Après-demain,"
PC_0767,Y_CLUSTER,Y_TOPIC,D2,"Avant-hier, elle y a répondu.",前天，她对此作了回应,前天，她对此作了回应,前天，他对此作了回应,前天，她对此没有回应,前天，她对此提出了问题,SUBJECT|POLARITY|LEXICAL,1.0,1,前天，她对此作了回应,REPONDRE_A_QCH,SINGLE_Y,y,PASSE_COMPOSE,ELLE,Y,,,TOPIC,,SUBJECT,POLARITY,LEXICAL,"seed=PC_0071; context=Avant-hier,"
PC_0768,Y_CLUSTER,Y_TOPIC,D1,"Maintenant, vous y croyez vraiment ?",现在，您真的相信这件事吗？,现在，您真的相信这件事吗？,现在，他们真的相信这件事吗？,现在，您真的怀疑这件事吗？,现在，您真的相信那些人吗？,SUBJECT|POLARITY|SEMANTIC,1.0,1,现在，您真的相信这件事吗？,CROIRE_A,SINGLE_Y,y,PRESENT,VOUS,Y,,,TOPIC,,SUBJECT,POLARITY,SEMANTIC,"seed=PC_0072; context=Maintenant,"
PC_0769,Y_CLUSTER,Y_LOCATION,D1,"Maintenant, il y travaille depuis un an.",现在，他在那里工作一年了,现在，他在那里工作一年了,现在，我在那里工作一年了,现在，他在那里住了一年,现在，他在那里工作一个月了,SUBJECT|LEXICAL|DURATION,1.0,1,现在，他在那里工作一年了,TRAVAILLER_A_LIEU,SINGLE_Y,y,PRESENT,IL,Y,,,LOCATION,,SUBJECT,LEXICAL,DURATION,"seed=PC_0073; context=Maintenant,"
PC_0770,Y_CLUSTER,Y_LOCATION,D1,"Maintenant, on y retourne demain.",现在，我们明天再去那里,现在，我们明天再去那里,现在，他们明天再去那里,现在，我们明天从那里回来,现在，我们今天再去那里,SUBJECT|DIRECTION|ADJUNCT,1.0,1,现在，我们明天再去那里,RETOURNER_A_LIEU,SINGLE_Y,y,PRESENT,ON,Y,,,LOCATION,,SUBJECT,DIRECTION,ADJUNCT,"seed=PC_0074; context=Maintenant,"
PC_0771,Y_CLUSTER,COD_Y,D4,"Avant-hier, je l'y ai mis.",前天，我把它放那里了,前天，我把它放那里了,前天，我把它放这里了,前天，我把这些放那里了,前天，他把它放那里了,LOCATION|COD_NUMBER|SUBJECT,1.6,1,前天，我把它放那里了,METTRE_QCH_A_LIEU,COD_Y,l'y,PASSE_COMPOSE,JE,LE_LA,Y,,LOCATION,L_Y_AI,LOCATION,COD_NUMBER,SUBJECT,"seed=PC_0075; context=Avant-hier,"
PC_0772,Y_CLUSTER,COD_Y,D4,"Avant-hier, elle l'y a laissé.",前天，她把它留在那里了,前天，她把它留在那里了,前天，她把它留在这里了,前天，她把这些留在那里了,前天，我把它留在那里了,LOCATION|COD_NUMBER|SUBJECT,1.6,1,前天，她把它留在那里了,LAISSER_QCH_A_LIEU,COD_Y,l'y,PASSE_COMPOSE,ELLE,LE_LA,Y,,LOCATION,L_Y_A,LOCATION,COD_NUMBER,SUBJECT,"seed=PC_0076; context=Avant-hier,"
PC_0773,Y_CLUSTER,COD_Y,D4,"Avant-hier, nous les y avons trouvés.",前天，我们在那里找到了他们,前天，我们在那里找到了他们,前天，我们在这里找到了他们,前天，我们在那里找到了他,前天，他们在那里找到了我们,LOCATION|COD_NUMBER|ROLE_REVERSAL,1.4,1,前天，我们在那里找到了他们,TROUVER_QN_A_LIEU,COD_Y,les y,PASSE_COMPOSE,NOUS,LES,Y,,LOCATION_PERSON,LES_Y_AVONS,LOCATION,COD_NUMBER,ROLE_REVERSAL,"seed=PC_0077; context=Avant-hier,"
PC_0774,Y_CLUSTER,OBJ_Y,D4,"Avant-hier, il nous y a conduits.",前天，他把我们带到那里了,前天，他把我们带到那里了,前天，他把他们带到那里了,前天，他把我们带到这里了,前天，我们把他带到那里了,PERSON|LOCATION|ROLE_REVERSAL,1.4,1,前天，他把我们带到那里了,CONDUIRE_QN_A_LIEU,OBJ_Y,nous y,PASSE_COMPOSE,IL,NOUS,Y,,LOCATION_PERSON,NOUS_Y_A,PERSON,LOCATION,ROLE_REVERSAL,"seed=PC_0078; context=Avant-hier,"
PC_0775,Y_CLUSTER,OBJ_Y,D3,"Après-demain, je vous y retrouverai.",后天，我会在那里跟您会合,后天，我会在那里跟您会合,后天，我会在那里跟他们会合,后天，我会在这里跟您会合,后天，您会在那里跟我会合,PERSON|LOCATION|ROLE_REVERSAL,1.0,1,后天，我会在那里跟您会合,RETROUVER_QN_A_LIEU,OBJ_Y,vous y,FUTUR_SIMPLE,JE,VOUS,Y,,LOCATION_PERSON,,PERSON,LOCATION,ROLE_REVERSAL,"seed=PC_0079; context=Après-demain,"
PC_0776,Y_CLUSTER,Y_LOCATION,D2,"Avant-hier, ils y sont restés toute la journée.",前天，他们在那里待了一整天,前天，他们在那里待了一整天,前天，我们在那里待了一整天,前天，他们在那里只待了一小时,前天，他们在那里工作了一整天,SUBJECT|DURATION|LEXICAL,1.3,1,前天，他们在那里待了一整天,RESTER_A_LIEU,SINGLE_Y,y,PASSE_COMPOSE,ILS,Y,,,LOCATION,Y_SONT,SUBJECT,DURATION,LEXICAL,"seed=PC_0080; context=Avant-hier,"
PC_0777,Y_CLUSTER,Y_TOPIC,D1,"En ce moment, j'y pense souvent.",目前，我经常想这件事,目前，我经常想这件事,目前，他经常想这件事,目前，我很少想这件事,目前，我经常谈这件事,SUBJECT|ADJUNCT|LEXICAL,1.0,1,目前，我经常想这件事,PENSER_A,SINGLE_Y,y,PRESENT,JE,Y,,,TOPIC,,SUBJECT,ADJUNCT,LEXICAL,"seed=PC_0069; context=En ce moment,"
PC_0778,Y_CLUSTER,Y_EVENT,D2,"Bientôt, nous y participerons.",很快，我们会参加这个活动,很快，我们会参加这个活动,很快，他们会参加这个活动,很快，我们会退出这个活动,很快，我们会参加这些活动,SUBJECT|LEXICAL|NUMBER,1.0,1,很快，我们会参加这个活动,PARTICIPER_A,SINGLE_Y,y,FUTUR_SIMPLE,NOUS,Y,,,EVENT,,SUBJECT,LEXICAL,NUMBER,"seed=PC_0070; context=Bientôt,"
PC_0779,Y_CLUSTER,Y_TOPIC,D2,"Ce matin, elle y a répondu.",今天早上，她对此作了回应,今天早上，她对此作了回应,今天早上，他对此作了回应,今天早上，她对此没有回应,今天早上，她对此提出了问题,SUBJECT|POLARITY|LEXICAL,1.0,1,今天早上，她对此作了回应,REPONDRE_A_QCH,SINGLE_Y,y,PASSE_COMPOSE,ELLE,Y,,,TOPIC,,SUBJECT,POLARITY,LEXICAL,"seed=PC_0071; context=Ce matin,"
PC_0780,Y_CLUSTER,Y_TOPIC,D1,"En ce moment, vous y croyez vraiment ?",目前，您真的相信这件事吗？,目前，您真的相信这件事吗？,目前，他们真的相信这件事吗？,目前，您真的怀疑这件事吗？,目前，您真的相信那些人吗？,SUBJECT|POLARITY|SEMANTIC,1.0,1,目前，您真的相信这件事吗？,CROIRE_A,SINGLE_Y,y,PRESENT,VOUS,Y,,,TOPIC,,SUBJECT,POLARITY,SEMANTIC,"seed=PC_0072; context=En ce moment,"
PC_0781,Y_CLUSTER,Y_LOCATION,D1,"En ce moment, il y travaille depuis un an.",目前，他在那里工作一年了,目前，他在那里工作一年了,目前，我在那里工作一年了,目前，他在那里住了一年,目前，他在那里工作一个月了,SUBJECT|LEXICAL|DURATION,1.0,1,目前，他在那里工作一年了,TRAVAILLER_A_LIEU,SINGLE_Y,y,PRESENT,IL,Y,,,LOCATION,,SUBJECT,LEXICAL,DURATION,"seed=PC_0073; context=En ce moment,"
PC_0782,Y_CLUSTER,Y_LOCATION,D1,"En ce moment, on y retourne demain.",目前，我们明天再去那里,目前，我们明天再去那里,目前，他们明天再去那里,目前，我们明天从那里回来,目前，我们今天再去那里,SUBJECT|DIRECTION|ADJUNCT,1.0,1,目前，我们明天再去那里,RETOURNER_A_LIEU,SINGLE_Y,y,PRESENT,ON,Y,,,LOCATION,,SUBJECT,DIRECTION,ADJUNCT,"seed=PC_0074; context=En ce moment,"
PC_0783,Y_CLUSTER,COD_Y,D4,"Ce matin, je l'y ai mis.",今天早上，我把它放那里了,今天早上，我把它放那里了,今天早上，我把它放这里了,今天早上，我把这些放那里了,今天早上，他把它放那里了,LOCATION|COD_NUMBER|SUBJECT,1.6,1,今天早上，我把它放那里了,METTRE_QCH_A_LIEU,COD_Y,l'y,PASSE_COMPOSE,JE,LE_LA,Y,,LOCATION,L_Y_AI,LOCATION,COD_NUMBER,SUBJECT,"seed=PC_0075; context=Ce matin,"
PC_0784,Y_CLUSTER,COD_Y,D4,"Ce matin, elle l'y a laissé.",今天早上，她把它留在那里了,今天早上，她把它留在那里了,今天早上，她把它留在这里了,今天早上，她把这些留在那里了,今天早上，我把它留在那里了,LOCATION|COD_NUMBER|SUBJECT,1.6,1,今天早上，她把它留在那里了,LAISSER_QCH_A_LIEU,COD_Y,l'y,PASSE_COMPOSE,ELLE,LE_LA,Y,,LOCATION,L_Y_A,LOCATION,COD_NUMBER,SUBJECT,"seed=PC_0076; context=Ce matin,"
PC_0785,Y_CLUSTER,COD_Y,D4,"Ce matin, nous les y avons trouvés.",今天早上，我们在那里找到了他们,今天早上，我们在那里找到了他们,今天早上，我们在这里找到了他们,今天早上，我们在那里找到了他,今天早上，他们在那里找到了我们,LOCATION|COD_NUMBER|ROLE_REVERSAL,1.4,1,今天早上，我们在那里找到了他们,TROUVER_QN_A_LIEU,COD_Y,les y,PASSE_COMPOSE,NOUS,LES,Y,,LOCATION_PERSON,LES_Y_AVONS,LOCATION,COD_NUMBER,ROLE_REVERSAL,"seed=PC_0077; context=Ce matin,"
PC_0786,Y_CLUSTER,OBJ_Y,D4,"Ce matin, il nous y a conduits.",今天早上，他把我们带到那里了,今天早上，他把我们带到那里了,今天早上，他把他们带到那里了,今天早上，他把我们带到这里了,今天早上，我们把他带到那里了,PERSON|LOCATION|ROLE_REVERSAL,1.4,1,今天早上，他把我们带到那里了,CONDUIRE_QN_A_LIEU,OBJ_Y,nous y,PASSE_COMPOSE,IL,NOUS,Y,,LOCATION_PERSON,NOUS_Y_A,PERSON,LOCATION,ROLE_REVERSAL,"seed=PC_0078; context=Ce matin,"
PC_0787,Y_CLUSTER,OBJ_Y,D3,"Bientôt, je vous y retrouverai.",很快，我会在那里跟您会合,很快，我会在那里跟您会合,很快，我会在那里跟他们会合,很快，我会在这里跟您会合,很快，您会在那里跟我会合,PERSON|LOCATION|ROLE_REVERSAL,1.0,1,很快，我会在那里跟您会合,RETROUVER_QN_A_LIEU,OBJ_Y,vous y,FUTUR_SIMPLE,JE,VOUS,Y,,LOCATION_PERSON,,PERSON,LOCATION,ROLE_REVERSAL,"seed=PC_0079; context=Bientôt,"
PC_0788,Y_CLUSTER,Y_LOCATION,D2,"Ce matin, ils y sont restés toute la journée.",今天早上，他们在那里待了一整天,今天早上，他们在那里待了一整天,今天早上，我们在那里待了一整天,今天早上，他们在那里只待了一小时,今天早上，他们在那里工作了一整天,SUBJECT|DURATION|LEXICAL,1.3,1,今天早上，他们在那里待了一整天,RESTER_A_LIEU,SINGLE_Y,y,PASSE_COMPOSE,ILS,Y,,,LOCATION,Y_SONT,SUBJECT,DURATION,LEXICAL,"seed=PC_0080; context=Ce matin,"
PC_0789,Y_CLUSTER,Y_TOPIC,D1,"Pour l'instant, j'y pense souvent.",目前，我经常想这件事,目前，我经常想这件事,目前，他经常想这件事,目前，我很少想这件事,目前，我经常谈这件事,SUBJECT|ADJUNCT|LEXICAL,1.0,1,目前，我经常想这件事,PENSER_A,SINGLE_Y,y,PRESENT,JE,Y,,,TOPIC,,SUBJECT,ADJUNCT,LEXICAL,"seed=PC_0069; context=Pour l'instant,"
PC_0790,Y_CLUSTER,Y_EVENT,D2,"Plus tard, nous y participerons.",之后，我们会参加这个活动,之后，我们会参加这个活动,之后，他们会参加这个活动,之后，我们会退出这个活动,之后，我们会参加这些活动,SUBJECT|LEXICAL|NUMBER,1.0,1,之后，我们会参加这个活动,PARTICIPER_A,SINGLE_Y,y,FUTUR_SIMPLE,NOUS,Y,,,EVENT,,SUBJECT,LEXICAL,NUMBER,"seed=PC_0070; context=Plus tard,"
PC_0791,Y_CLUSTER,Y_TOPIC,D2,"Hier matin, elle y a répondu.",昨天早上，她对此作了回应,昨天早上，她对此作了回应,昨天早上，他对此作了回应,昨天早上，她对此没有回应,昨天早上，她对此提出了问题,SUBJECT|POLARITY|LEXICAL,1.0,1,昨天早上，她对此作了回应,REPONDRE_A_QCH,SINGLE_Y,y,PASSE_COMPOSE,ELLE,Y,,,TOPIC,,SUBJECT,POLARITY,LEXICAL,"seed=PC_0071; context=Hier matin,"
PC_0792,Y_CLUSTER,Y_TOPIC,D1,"Pour l'instant, vous y croyez vraiment ?",目前，您真的相信这件事吗？,目前，您真的相信这件事吗？,目前，他们真的相信这件事吗？,目前，您真的怀疑这件事吗？,目前，您真的相信那些人吗？,SUBJECT|POLARITY|SEMANTIC,1.0,1,目前，您真的相信这件事吗？,CROIRE_A,SINGLE_Y,y,PRESENT,VOUS,Y,,,TOPIC,,SUBJECT,POLARITY,SEMANTIC,"seed=PC_0072; context=Pour l'instant,"
PC_0793,Y_CLUSTER,Y_LOCATION,D1,"Pour l'instant, il y travaille depuis un an.",目前，他在那里工作一年了,目前，他在那里工作一年了,目前，我在那里工作一年了,目前，他在那里住了一年,目前，他在那里工作一个月了,SUBJECT|LEXICAL|DURATION,1.0,1,目前，他在那里工作一年了,TRAVAILLER_A_LIEU,SINGLE_Y,y,PRESENT,IL,Y,,,LOCATION,,SUBJECT,LEXICAL,DURATION,"seed=PC_0073; context=Pour l'instant,"
PC_0794,Y_CLUSTER,Y_LOCATION,D1,"Pour l'instant, on y retourne demain.",目前，我们明天再去那里,目前，我们明天再去那里,目前，他们明天再去那里,目前，我们明天从那里回来,目前，我们今天再去那里,SUBJECT|DIRECTION|ADJUNCT,1.0,1,目前，我们明天再去那里,RETOURNER_A_LIEU,SINGLE_Y,y,PRESENT,ON,Y,,,LOCATION,,SUBJECT,DIRECTION,ADJUNCT,"seed=PC_0074; context=Pour l'instant,"
PC_0795,Y_CLUSTER,COD_Y,D4,"Hier matin, je l'y ai mis.",昨天早上，我把它放那里了,昨天早上，我把它放那里了,昨天早上，我把它放这里了,昨天早上，我把这些放那里了,昨天早上，他把它放那里了,LOCATION|COD_NUMBER|SUBJECT,1.6,1,昨天早上，我把它放那里了,METTRE_QCH_A_LIEU,COD_Y,l'y,PASSE_COMPOSE,JE,LE_LA,Y,,LOCATION,L_Y_AI,LOCATION,COD_NUMBER,SUBJECT,"seed=PC_0075; context=Hier matin,"
PC_0796,Y_CLUSTER,COD_Y,D4,"Hier matin, elle l'y a laissé.",昨天早上，她把它留在那里了,昨天早上，她把它留在那里了,昨天早上，她把它留在这里了,昨天早上，她把这些留在那里了,昨天早上，我把它留在那里了,LOCATION|COD_NUMBER|SUBJECT,1.6,1,昨天早上，她把它留在那里了,LAISSER_QCH_A_LIEU,COD_Y,l'y,PASSE_COMPOSE,ELLE,LE_LA,Y,,LOCATION,L_Y_A,LOCATION,COD_NUMBER,SUBJECT,"seed=PC_0076; context=Hier matin,"
PC_0797,Y_CLUSTER,COD_Y,D4,"Hier matin, nous les y avons trouvés.",昨天早上，我们在那里找到了他们,昨天早上，我们在那里找到了他们,昨天早上，我们在这里找到了他们,昨天早上，我们在那里找到了他,昨天早上，他们在那里找到了我们,LOCATION|COD_NUMBER|ROLE_REVERSAL,1.4,1,昨天早上，我们在那里找到了他们,TROUVER_QN_A_LIEU,COD_Y,les y,PASSE_COMPOSE,NOUS,LES,Y,,LOCATION_PERSON,LES_Y_AVONS,LOCATION,COD_NUMBER,ROLE_REVERSAL,"seed=PC_0077; context=Hier matin,"
PC_0798,Y_CLUSTER,OBJ_Y,D4,"Hier matin, il nous y a conduits.",昨天早上，他把我们带到那里了,昨天早上，他把我们带到那里了,昨天早上，他把他们带到那里了,昨天早上，他把我们带到这里了,昨天早上，我们把他带到那里了,PERSON|LOCATION|ROLE_REVERSAL,1.4,1,昨天早上，他把我们带到那里了,CONDUIRE_QN_A_LIEU,OBJ_Y,nous y,PASSE_COMPOSE,IL,NOUS,Y,,LOCATION_PERSON,NOUS_Y_A,PERSON,LOCATION,ROLE_REVERSAL,"seed=PC_0078; context=Hier matin,"
PC_0799,Y_CLUSTER,OBJ_Y,D3,"Plus tard, je vous y retrouverai.",之后，我会在那里跟您会合,之后，我会在那里跟您会合,之后，我会在那里跟他们会合,之后，我会在这里跟您会合,之后，您会在那里跟我会合,PERSON|LOCATION|ROLE_REVERSAL,1.0,1,之后，我会在那里跟您会合,RETROUVER_QN_A_LIEU,OBJ_Y,vous y,FUTUR_SIMPLE,JE,VOUS,Y,,LOCATION_PERSON,,PERSON,LOCATION,ROLE_REVERSAL,"seed=PC_0079; context=Plus tard,"
PC_0800,Y_CLUSTER,Y_LOCATION,D2,"Hier matin, ils y sont restés toute la journée.",昨天早上，他们在那里待了一整天,昨天早上，他们在那里待了一整天,昨天早上，我们在那里待了一整天,昨天早上，他们在那里只待了一小时,昨天早上，他们在那里工作了一整天,SUBJECT|DURATION|LEXICAL,1.3,1,昨天早上，他们在那里待了一整天,RESTER_A_LIEU,SINGLE_Y,y,PASSE_COMPOSE,ILS,Y,,,LOCATION,Y_SONT,SUBJECT,DURATION,LEXICAL,"seed=PC_0080; context=Hier matin,"
PC_0801,Y_CLUSTER,Y_TOPIC,D1,"Cette fois, j'y pense souvent.",这次，我经常想这件事,这次，我经常想这件事,这次，他经常想这件事,这次，我很少想这件事,这次，我经常谈这件事,SUBJECT|ADJUNCT|LEXICAL,1.0,1,这次，我经常想这件事,PENSER_A,SINGLE_Y,y,PRESENT,JE,Y,,,TOPIC,,SUBJECT,ADJUNCT,LEXICAL,"seed=PC_0069; context=Cette fois,"
PC_0802,Y_CLUSTER,Y_EVENT,D2,"La semaine prochaine, nous y participerons.",下周，我们会参加这个活动,下周，我们会参加这个活动,下周，他们会参加这个活动,下周，我们会退出这个活动,下周，我们会参加这些活动,SUBJECT|LEXICAL|NUMBER,1.0,1,下周，我们会参加这个活动,PARTICIPER_A,SINGLE_Y,y,FUTUR_SIMPLE,NOUS,Y,,,EVENT,,SUBJECT,LEXICAL,NUMBER,"seed=PC_0070; context=La semaine prochaine,"
PC_0803,Y_CLUSTER,Y_TOPIC,D2,"Hier soir, elle y a répondu.",昨晚，她对此作了回应,昨晚，她对此作了回应,昨晚，他对此作了回应,昨晚，她对此没有回应,昨晚，她对此提出了问题,SUBJECT|POLARITY|LEXICAL,1.0,1,昨晚，她对此作了回应,REPONDRE_A_QCH,SINGLE_Y,y,PASSE_COMPOSE,ELLE,Y,,,TOPIC,,SUBJECT,POLARITY,LEXICAL,"seed=PC_0071; context=Hier soir,"
PC_0804,Y_CLUSTER,Y_TOPIC,D1,"Cette fois, vous y croyez vraiment ?",这次，您真的相信这件事吗？,这次，您真的相信这件事吗？,这次，他们真的相信这件事吗？,这次，您真的怀疑这件事吗？,这次，您真的相信那些人吗？,SUBJECT|POLARITY|SEMANTIC,1.0,1,这次，您真的相信这件事吗？,CROIRE_A,SINGLE_Y,y,PRESENT,VOUS,Y,,,TOPIC,,SUBJECT,POLARITY,SEMANTIC,"seed=PC_0072; context=Cette fois,"
PC_0805,Y_CLUSTER,Y_LOCATION,D1,"Cette fois, il y travaille depuis un an.",这次，他在那里工作一年了,这次，他在那里工作一年了,这次，我在那里工作一年了,这次，他在那里住了一年,这次，他在那里工作一个月了,SUBJECT|LEXICAL|DURATION,1.0,1,这次，他在那里工作一年了,TRAVAILLER_A_LIEU,SINGLE_Y,y,PRESENT,IL,Y,,,LOCATION,,SUBJECT,LEXICAL,DURATION,"seed=PC_0073; context=Cette fois,"
PC_0806,Y_CLUSTER,Y_LOCATION,D1,"Cette fois, on y retourne demain.",这次，我们明天再去那里,这次，我们明天再去那里,这次，他们明天再去那里,这次，我们明天从那里回来,这次，我们今天再去那里,SUBJECT|DIRECTION|ADJUNCT,1.0,1,这次，我们明天再去那里,RETOURNER_A_LIEU,SINGLE_Y,y,PRESENT,ON,Y,,,LOCATION,,SUBJECT,DIRECTION,ADJUNCT,"seed=PC_0074; context=Cette fois,"
PC_0807,Y_CLUSTER,COD_Y,D4,"Hier soir, je l'y ai mis.",昨晚，我把它放那里了,昨晚，我把它放那里了,昨晚，我把它放这里了,昨晚，我把这些放那里了,昨晚，他把它放那里了,LOCATION|COD_NUMBER|SUBJECT,1.6,1,昨晚，我把它放那里了,METTRE_QCH_A_LIEU,COD_Y,l'y,PASSE_COMPOSE,JE,LE_LA,Y,,LOCATION,L_Y_AI,LOCATION,COD_NUMBER,SUBJECT,"seed=PC_0075; context=Hier soir,"
PC_0808,Y_CLUSTER,COD_Y,D4,"Hier soir, elle l'y a laissé.",昨晚，她把它留在那里了,昨晚，她把它留在那里了,昨晚，她把它留在这里了,昨晚，她把这些留在那里了,昨晚，我把它留在那里了,LOCATION|COD_NUMBER|SUBJECT,1.6,1,昨晚，她把它留在那里了,LAISSER_QCH_A_LIEU,COD_Y,l'y,PASSE_COMPOSE,ELLE,LE_LA,Y,,LOCATION,L_Y_A,LOCATION,COD_NUMBER,SUBJECT,"seed=PC_0076; context=Hier soir,"
PC_0809,Y_CLUSTER,COD_Y,D4,"Hier soir, nous les y avons trouvés.",昨晚，我们在那里找到了他们,昨晚，我们在那里找到了他们,昨晚，我们在这里找到了他们,昨晚，我们在那里找到了他,昨晚，他们在那里找到了我们,LOCATION|COD_NUMBER|ROLE_REVERSAL,1.4,1,昨晚，我们在那里找到了他们,TROUVER_QN_A_LIEU,COD_Y,les y,PASSE_COMPOSE,NOUS,LES,Y,,LOCATION_PERSON,LES_Y_AVONS,LOCATION,COD_NUMBER,ROLE_REVERSAL,"seed=PC_0077; context=Hier soir,"
PC_0810,Y_CLUSTER,OBJ_Y,D4,"Hier soir, il nous y a conduits.",昨晚，他把我们带到那里了,昨晚，他把我们带到那里了,昨晚，他把他们带到那里了,昨晚，他把我们带到这里了,昨晚，我们把他带到那里了,PERSON|LOCATION|ROLE_REVERSAL,1.4,1,昨晚，他把我们带到那里了,CONDUIRE_QN_A_LIEU,OBJ_Y,nous y,PASSE_COMPOSE,IL,NOUS,Y,,LOCATION_PERSON,NOUS_Y_A,PERSON,LOCATION,ROLE_REVERSAL,"seed=PC_0078; context=Hier soir,"
PC_0811,Y_CLUSTER,OBJ_Y,D3,"La semaine prochaine, je vous y retrouverai.",下周，我会在那里跟您会合,下周，我会在那里跟您会合,下周，我会在那里跟他们会合,下周，我会在这里跟您会合,下周，您会在那里跟我会合,PERSON|LOCATION|ROLE_REVERSAL,1.0,1,下周，我会在那里跟您会合,RETROUVER_QN_A_LIEU,OBJ_Y,vous y,FUTUR_SIMPLE,JE,VOUS,Y,,LOCATION_PERSON,,PERSON,LOCATION,ROLE_REVERSAL,"seed=PC_0079; context=La semaine prochaine,"
PC_0812,Y_CLUSTER,Y_LOCATION,D2,"Hier soir, ils y sont restés toute la journée.",昨晚，他们在那里待了一整天,昨晚，他们在那里待了一整天,昨晚，我们在那里待了一整天,昨晚，他们在那里只待了一小时,昨晚，他们在那里工作了一整天,SUBJECT|DURATION|LEXICAL,1.3,1,昨晚，他们在那里待了一整天,RESTER_A_LIEU,SINGLE_Y,y,PASSE_COMPOSE,ILS,Y,,,LOCATION,Y_SONT,SUBJECT,DURATION,LEXICAL,"seed=PC_0080; context=Hier soir,"
PC_0813,Y_CLUSTER,Y_TOPIC,D1,"Actuellement, j'y pense souvent.",目前，我经常想这件事,目前，我经常想这件事,目前，他经常想这件事,目前，我很少想这件事,目前，我经常谈这件事,SUBJECT|ADJUNCT|LEXICAL,1.0,1,目前，我经常想这件事,PENSER_A,SINGLE_Y,y,PRESENT,JE,Y,,,TOPIC,,SUBJECT,ADJUNCT,LEXICAL,"seed=PC_0069; context=Actuellement,"
PC_0814,Y_CLUSTER,Y_EVENT,D2,"Le mois prochain, nous y participerons.",下个月，我们会参加这个活动,下个月，我们会参加这个活动,下个月，他们会参加这个活动,下个月，我们会退出这个活动,下个月，我们会参加这些活动,SUBJECT|LEXICAL|NUMBER,1.0,1,下个月，我们会参加这个活动,PARTICIPER_A,SINGLE_Y,y,FUTUR_SIMPLE,NOUS,Y,,,EVENT,,SUBJECT,LEXICAL,NUMBER,"seed=PC_0070; context=Le mois prochain,"
PC_0815,Y_CLUSTER,Y_TOPIC,D2,"Récemment, elle y a répondu.",最近，她对此作了回应,最近，她对此作了回应,最近，他对此作了回应,最近，她对此没有回应,最近，她对此提出了问题,SUBJECT|POLARITY|LEXICAL,1.0,1,最近，她对此作了回应,REPONDRE_A_QCH,SINGLE_Y,y,PASSE_COMPOSE,ELLE,Y,,,TOPIC,,SUBJECT,POLARITY,LEXICAL,"seed=PC_0071; context=Récemment,"
PC_0816,Y_CLUSTER,Y_TOPIC,D1,"Actuellement, vous y croyez vraiment ?",目前，您真的相信这件事吗？,目前，您真的相信这件事吗？,目前，他们真的相信这件事吗？,目前，您真的怀疑这件事吗？,目前，您真的相信那些人吗？,SUBJECT|POLARITY|SEMANTIC,1.0,1,目前，您真的相信这件事吗？,CROIRE_A,SINGLE_Y,y,PRESENT,VOUS,Y,,,TOPIC,,SUBJECT,POLARITY,SEMANTIC,"seed=PC_0072; context=Actuellement,"
PC_0817,Y_CLUSTER,Y_LOCATION,D1,"Actuellement, il y travaille depuis un an.",目前，他在那里工作一年了,目前，他在那里工作一年了,目前，我在那里工作一年了,目前，他在那里住了一年,目前，他在那里工作一个月了,SUBJECT|LEXICAL|DURATION,1.0,1,目前，他在那里工作一年了,TRAVAILLER_A_LIEU,SINGLE_Y,y,PRESENT,IL,Y,,,LOCATION,,SUBJECT,LEXICAL,DURATION,"seed=PC_0073; context=Actuellement,"
PC_0818,Y_CLUSTER,Y_LOCATION,D1,"Actuellement, on y retourne demain.",目前，我们明天再去那里,目前，我们明天再去那里,目前，他们明天再去那里,目前，我们明天从那里回来,目前，我们今天再去那里,SUBJECT|DIRECTION|ADJUNCT,1.0,1,目前，我们明天再去那里,RETOURNER_A_LIEU,SINGLE_Y,y,PRESENT,ON,Y,,,LOCATION,,SUBJECT,DIRECTION,ADJUNCT,"seed=PC_0074; context=Actuellement,"
PC_0819,Y_CLUSTER,COD_Y,D4,"Récemment, je l'y ai mis.",最近，我把它放那里了,最近，我把它放那里了,最近，我把它放这里了,最近，我把这些放那里了,最近，他把它放那里了,LOCATION|COD_NUMBER|SUBJECT,1.6,1,最近，我把它放那里了,METTRE_QCH_A_LIEU,COD_Y,l'y,PASSE_COMPOSE,JE,LE_LA,Y,,LOCATION,L_Y_AI,LOCATION,COD_NUMBER,SUBJECT,"seed=PC_0075; context=Récemment,"
PC_0820,Y_CLUSTER,COD_Y,D4,"Récemment, elle l'y a laissé.",最近，她把它留在那里了,最近，她把它留在那里了,最近，她把它留在这里了,最近，她把这些留在那里了,最近，我把它留在那里了,LOCATION|COD_NUMBER|SUBJECT,1.6,1,最近，她把它留在那里了,LAISSER_QCH_A_LIEU,COD_Y,l'y,PASSE_COMPOSE,ELLE,LE_LA,Y,,LOCATION,L_Y_A,LOCATION,COD_NUMBER,SUBJECT,"seed=PC_0076; context=Récemment,"
PC_0821,Y_CLUSTER,COD_Y,D4,"Récemment, nous les y avons trouvés.",最近，我们在那里找到了他们,最近，我们在那里找到了他们,最近，我们在这里找到了他们,最近，我们在那里找到了他,最近，他们在那里找到了我们,LOCATION|COD_NUMBER|ROLE_REVERSAL,1.4,1,最近，我们在那里找到了他们,TROUVER_QN_A_LIEU,COD_Y,les y,PASSE_COMPOSE,NOUS,LES,Y,,LOCATION_PERSON,LES_Y_AVONS,LOCATION,COD_NUMBER,ROLE_REVERSAL,"seed=PC_0077; context=Récemment,"
PC_0822,Y_CLUSTER,OBJ_Y,D4,"Récemment, il nous y a conduits.",最近，他把我们带到那里了,最近，他把我们带到那里了,最近，他把他们带到那里了,最近，他把我们带到这里了,最近，我们把他带到那里了,PERSON|LOCATION|ROLE_REVERSAL,1.4,1,最近，他把我们带到那里了,CONDUIRE_QN_A_LIEU,OBJ_Y,nous y,PASSE_COMPOSE,IL,NOUS,Y,,LOCATION_PERSON,NOUS_Y_A,PERSON,LOCATION,ROLE_REVERSAL,"seed=PC_0078; context=Récemment,"
PC_0823,Y_CLUSTER,OBJ_Y,D3,"Le mois prochain, je vous y retrouverai.",下个月，我会在那里跟您会合,下个月，我会在那里跟您会合,下个月，我会在那里跟他们会合,下个月，我会在这里跟您会合,下个月，您会在那里跟我会合,PERSON|LOCATION|ROLE_REVERSAL,1.0,1,下个月，我会在那里跟您会合,RETROUVER_QN_A_LIEU,OBJ_Y,vous y,FUTUR_SIMPLE,JE,VOUS,Y,,LOCATION_PERSON,,PERSON,LOCATION,ROLE_REVERSAL,"seed=PC_0079; context=Le mois prochain,"
PC_0824,Y_CLUSTER,Y_LOCATION,D2,"Récemment, ils y sont restés toute la journée.",最近，他们在那里待了一整天,最近，他们在那里待了一整天,最近，我们在那里待了一整天,最近，他们在那里只待了一小时,最近，他们在那里工作了一整天,SUBJECT|DURATION|LEXICAL,1.3,1,最近，他们在那里待了一整天,RESTER_A_LIEU,SINGLE_Y,y,PASSE_COMPOSE,ILS,Y,,,LOCATION,Y_SONT,SUBJECT,DURATION,LEXICAL,"seed=PC_0080; context=Récemment,"
PC_0825,Y_CLUSTER,Y_TOPIC,D1,"À présent, j'y pense souvent.",现在，我经常想这件事,现在，我经常想这件事,现在，他经常想这件事,现在，我很少想这件事,现在，我经常谈这件事,SUBJECT|ADJUNCT|LEXICAL,1.0,1,现在，我经常想这件事,PENSER_A,SINGLE_Y,y,PRESENT,JE,Y,,,TOPIC,,SUBJECT,ADJUNCT,LEXICAL,"seed=PC_0069; context=À présent,"
PC_0826,Y_CLUSTER,Y_EVENT,D2,"Dans quelques jours, nous y participerons.",过几天，我们会参加这个活动,过几天，我们会参加这个活动,过几天，他们会参加这个活动,过几天，我们会退出这个活动,过几天，我们会参加这些活动,SUBJECT|LEXICAL|NUMBER,1.0,1,过几天，我们会参加这个活动,PARTICIPER_A,SINGLE_Y,y,FUTUR_SIMPLE,NOUS,Y,,,EVENT,,SUBJECT,LEXICAL,NUMBER,"seed=PC_0070; context=Dans quelques jours,"
PC_0827,Y_CLUSTER,Y_TOPIC,D2,"La semaine dernière, elle y a répondu.",上周，她对此作了回应,上周，她对此作了回应,上周，他对此作了回应,上周，她对此没有回应,上周，她对此提出了问题,SUBJECT|POLARITY|LEXICAL,1.0,1,上周，她对此作了回应,REPONDRE_A_QCH,SINGLE_Y,y,PASSE_COMPOSE,ELLE,Y,,,TOPIC,,SUBJECT,POLARITY,LEXICAL,"seed=PC_0071; context=La semaine dernière,"
PC_0828,Y_CLUSTER,Y_TOPIC,D1,"À présent, vous y croyez vraiment ?",现在，您真的相信这件事吗？,现在，您真的相信这件事吗？,现在，他们真的相信这件事吗？,现在，您真的怀疑这件事吗？,现在，您真的相信那些人吗？,SUBJECT|POLARITY|SEMANTIC,1.0,1,现在，您真的相信这件事吗？,CROIRE_A,SINGLE_Y,y,PRESENT,VOUS,Y,,,TOPIC,,SUBJECT,POLARITY,SEMANTIC,"seed=PC_0072; context=À présent,"
PC_0829,Y_CLUSTER,Y_LOCATION,D1,"À présent, il y travaille depuis un an.",现在，他在那里工作一年了,现在，他在那里工作一年了,现在，我在那里工作一年了,现在，他在那里住了一年,现在，他在那里工作一个月了,SUBJECT|LEXICAL|DURATION,1.0,1,现在，他在那里工作一年了,TRAVAILLER_A_LIEU,SINGLE_Y,y,PRESENT,IL,Y,,,LOCATION,,SUBJECT,LEXICAL,DURATION,"seed=PC_0073; context=À présent,"
PC_0830,Y_CLUSTER,Y_LOCATION,D1,"À présent, on y retourne demain.",现在，我们明天再去那里,现在，我们明天再去那里,现在，他们明天再去那里,现在，我们明天从那里回来,现在，我们今天再去那里,SUBJECT|DIRECTION|ADJUNCT,1.0,1,现在，我们明天再去那里,RETOURNER_A_LIEU,SINGLE_Y,y,PRESENT,ON,Y,,,LOCATION,,SUBJECT,DIRECTION,ADJUNCT,"seed=PC_0074; context=À présent,"
PC_0831,SPECIAL_HIGH_FREQ,IL_Y_A,D1,Il y a un problème.,有一个问题,有一个问题,没有问题,有好几个问题,有一个办法,POLARITY|NUMBER|LEXICAL,2.0,1,有一个问题,IL_Y_AVOIR,SPECIAL_Y,il y a,PRESENT,IL_IMPERSONAL,Y,,,EXISTENTIAL,IL_Y_A,POLARITY,NUMBER,LEXICAL,seed=PC_0081; context=NONE
PC_0832,SPECIAL_HIGH_FREQ,IL_N_Y_A_PLUS,D2,Il n'y a plus de places.,已经没有空位了,已经没有空位了,还有空位,还有很多空位,已经没有时间了,POLARITY|QUANTITY|LEXICAL,1.8,1,已经没有空位了,IL_Y_AVOIR,SPECIAL_Y,n'y a plus,PRESENT_NEG,IL_IMPERSONAL,Y,,,EXISTENTIAL,IL_N_Y_A,POLARITY,QUANTITY,LEXICAL,seed=PC_0082; context=NONE
PC_0833,SPECIAL_HIGH_FREQ,IL_Y_EN_A,D3,Il y en a trois.,有三个,有三个,只有一个,一个都没有,有很多,QUANTITY|POLARITY|QUANTITY,2.0,1,有三个,IL_Y_EN_AVOIR,SPECIAL_Y_EN,y en a,PRESENT,IL_IMPERSONAL,Y,EN,,QUANTITY,IL_Y_EN_A,QUANTITY,POLARITY,QUANTITY,seed=PC_0083; context=NONE
PC_0834,SPECIAL_HIGH_FREQ,IL_Y_EN_AVAIT,D3,Il y en avait beaucoup.,当时有很多,当时有很多,当时只有一个,当时一个都没有,以后会有很多,QUANTITY|POLARITY|TENSE,1.8,1,当时有很多,IL_Y_EN_AVOIR,SPECIAL_Y_EN,y en avait,IMPARFAIT,IL_IMPERSONAL,Y,EN,,QUANTITY,IL_Y_EN_AVAIT,QUANTITY,POLARITY,TENSE,seed=PC_0084; context=NONE
PC_0835,SPECIAL_HIGH_FREQ,IL_N_Y_EN_A_PLUS,D4,Il n'y en a plus.,已经没有了,已经没有了,还有一些,还有很多,以后会有,POLARITY|QUANTITY|TENSE,2.0,1,已经没有了,IL_Y_EN_AVOIR,SPECIAL_Y_EN,n'y en a plus,PRESENT_NEG,IL_IMPERSONAL,Y,EN,,QUANTITY,IL_N_Y_EN_A,POLARITY,QUANTITY,TENSE,seed=PC_0085; context=NONE
PC_0836,SPECIAL_HIGH_FREQ,IL_Y_EN_AURA,D3,Il y en aura assez pour tout le monde.,会有足够的，人人都有,会有足够的，人人都有,现在已经够所有人用了,只会有一个,不会有足够的,TENSE|QUANTITY|POLARITY,1.7,1,会有足够的，人人都有,IL_Y_EN_AVOIR,SPECIAL_Y_EN,y en aura,FUTUR_SIMPLE,IL_IMPERSONAL,Y,EN,,QUANTITY,IL_Y_EN_AURA,TENSE,QUANTITY,POLARITY,seed=PC_0086; context=NONE
PC_0837,SPECIAL_HIGH_FREQ,IL_Y_EN_AURAIT,D4,Il y en aurait peut-être deux.,可能会有两个,可能会有两个,肯定会有两个,可能只有一个,现在有两个,MODALITY|QUANTITY|TENSE,1.6,1,可能会有两个,IL_Y_EN_AVOIR,SPECIAL_Y_EN,y en aurait,CONDITIONNEL,IL_IMPERSONAL,Y,EN,,QUANTITY,IL_Y_EN_AURAIT,MODALITY,QUANTITY,TENSE,seed=PC_0087; context=NONE
PC_0838,SPECIAL_HIGH_FREQ,IL_Y_EN_A_COMBIEN,D3,Il y en a combien ?,有多少个？,有多少个？,有两个吗？,一个都没有吗？,还剩多少时间？,QUANTITY|POLARITY|LEXICAL,1.8,1,有多少个？,IL_Y_EN_AVOIR,SPECIAL_Y_EN,y en a,PRESENT,IL_IMPERSONAL,Y,EN,,QUANTITY,IL_Y_EN_A,QUANTITY,POLARITY,LEXICAL,seed=PC_0088; context=NONE
PC_0839,SPECIAL_HIGH_FREQ,IL_Y_A,D1,"Aujourd'hui, il y a un problème.",今天，有一个问题,今天，有一个问题,今天，没有问题,今天，有好几个问题,今天，有一个办法,POLARITY|NUMBER|LEXICAL,2.0,1,今天，有一个问题,IL_Y_AVOIR,SPECIAL_Y,il y a,PRESENT,IL_IMPERSONAL,Y,,,EXISTENTIAL,IL_Y_A,POLARITY,NUMBER,LEXICAL,"seed=PC_0081; context=Aujourd'hui,"
PC_0840,SPECIAL_HIGH_FREQ,IL_N_Y_A_PLUS,D2,"Aujourd'hui, il n'y a plus de places.",今天，已经没有空位了,今天，已经没有空位了,今天，还有空位,今天，还有很多空位,今天，已经没有时间了,POLARITY|QUANTITY|LEXICAL,1.8,1,今天，已经没有空位了,IL_Y_AVOIR,SPECIAL_Y,n'y a plus,PRESENT_NEG,IL_IMPERSONAL,Y,,,EXISTENTIAL,IL_N_Y_A,POLARITY,QUANTITY,LEXICAL,"seed=PC_0082; context=Aujourd'hui,"
PC_0841,SPECIAL_HIGH_FREQ,IL_Y_EN_A,D3,"Aujourd'hui, il y en a trois.",今天，有三个,今天，有三个,今天，只有一个,今天，一个都没有,今天，有很多,QUANTITY|POLARITY|QUANTITY,2.0,1,今天，有三个,IL_Y_EN_AVOIR,SPECIAL_Y_EN,y en a,PRESENT,IL_IMPERSONAL,Y,EN,,QUANTITY,IL_Y_EN_A,QUANTITY,POLARITY,QUANTITY,"seed=PC_0083; context=Aujourd'hui,"
PC_0842,SPECIAL_HIGH_FREQ,IL_Y_EN_AVAIT,D3,"À l'époque, il y en avait beaucoup.",当时，当时有很多,当时，当时有很多,当时，当时只有一个,当时，当时一个都没有,当时，以后会有很多,QUANTITY|POLARITY|TENSE,1.8,1,当时，当时有很多,IL_Y_EN_AVOIR,SPECIAL_Y_EN,y en avait,IMPARFAIT,IL_IMPERSONAL,Y,EN,,QUANTITY,IL_Y_EN_AVAIT,QUANTITY,POLARITY,TENSE,"seed=PC_0084; context=À l'époque,"
PC_0843,SPECIAL_HIGH_FREQ,IL_N_Y_EN_A_PLUS,D4,"Aujourd'hui, il n'y en a plus.",今天，已经没有了,今天，已经没有了,今天，还有一些,今天，还有很多,今天，以后会有,POLARITY|QUANTITY|TENSE,2.0,1,今天，已经没有了,IL_Y_EN_AVOIR,SPECIAL_Y_EN,n'y en a plus,PRESENT_NEG,IL_IMPERSONAL,Y,EN,,QUANTITY,IL_N_Y_EN_A,POLARITY,QUANTITY,TENSE,"seed=PC_0085; context=Aujourd'hui,"
PC_0844,SPECIAL_HIGH_FREQ,IL_Y_EN_AURA,D3,"Demain, il y en aura assez pour tout le monde.",明天，会有足够的，人人都有,明天，会有足够的，人人都有,明天，现在已经够所有人用了,明天，只会有一个,明天，不会有足够的,TENSE|QUANTITY|POLARITY,1.7,1,明天，会有足够的，人人都有,IL_Y_EN_AVOIR,SPECIAL_Y_EN,y en aura,FUTUR_SIMPLE,IL_IMPERSONAL,Y,EN,,QUANTITY,IL_Y_EN_AURA,TENSE,QUANTITY,POLARITY,"seed=PC_0086; context=Demain,"
PC_0845,SPECIAL_HIGH_FREQ,IL_Y_EN_AURAIT,D4,"Demain, il y en aurait peut-être deux.",明天，可能会有两个,明天，可能会有两个,明天，肯定会有两个,明天，可能只有一个,明天，现在有两个,MODALITY|QUANTITY|TENSE,1.6,1,明天，可能会有两个,IL_Y_EN_AVOIR,SPECIAL_Y_EN,y en aurait,CONDITIONNEL,IL_IMPERSONAL,Y,EN,,QUANTITY,IL_Y_EN_AURAIT,MODALITY,QUANTITY,TENSE,"seed=PC_0087; context=Demain,"
PC_0846,SPECIAL_HIGH_FREQ,IL_Y_EN_A_COMBIEN,D3,"Aujourd'hui, il y en a combien ?",今天，有多少个？,今天，有多少个？,今天，有两个吗？,今天，一个都没有吗？,今天，还剩多少时间？,QUANTITY|POLARITY|LEXICAL,1.8,1,今天，有多少个？,IL_Y_EN_AVOIR,SPECIAL_Y_EN,y en a,PRESENT,IL_IMPERSONAL,Y,EN,,QUANTITY,IL_Y_EN_A,QUANTITY,POLARITY,LEXICAL,"seed=PC_0088; context=Aujourd'hui,"
PC_0847,SPECIAL_HIGH_FREQ,IL_Y_A,D1,"Maintenant, il y a un problème.",现在，有一个问题,现在，有一个问题,现在，没有问题,现在，有好几个问题,现在，有一个办法,POLARITY|NUMBER|LEXICAL,2.0,1,现在，有一个问题,IL_Y_AVOIR,SPECIAL_Y,il y a,PRESENT,IL_IMPERSONAL,Y,,,EXISTENTIAL,IL_Y_A,POLARITY,NUMBER,LEXICAL,"seed=PC_0081; context=Maintenant,"
PC_0848,SPECIAL_HIGH_FREQ,IL_N_Y_A_PLUS,D2,"Maintenant, il n'y a plus de places.",现在，已经没有空位了,现在，已经没有空位了,现在，还有空位,现在，还有很多空位,现在，已经没有时间了,POLARITY|QUANTITY|LEXICAL,1.8,1,现在，已经没有空位了,IL_Y_AVOIR,SPECIAL_Y,n'y a plus,PRESENT_NEG,IL_IMPERSONAL,Y,,,EXISTENTIAL,IL_N_Y_A,POLARITY,QUANTITY,LEXICAL,"seed=PC_0082; context=Maintenant,"
PC_0849,SPECIAL_HIGH_FREQ,IL_Y_EN_A,D3,"Maintenant, il y en a trois.",现在，有三个,现在，有三个,现在，只有一个,现在，一个都没有,现在，有很多,QUANTITY|POLARITY|QUANTITY,2.0,1,现在，有三个,IL_Y_EN_AVOIR,SPECIAL_Y_EN,y en a,PRESENT,IL_IMPERSONAL,Y,EN,,QUANTITY,IL_Y_EN_A,QUANTITY,POLARITY,QUANTITY,"seed=PC_0083; context=Maintenant,"
PC_0850,SPECIAL_HIGH_FREQ,IL_Y_EN_AVAIT,D3,"Avant, il y en avait beaucoup.",以前，当时有很多,以前，当时有很多,以前，当时只有一个,以前，当时一个都没有,以前，以后会有很多,QUANTITY|POLARITY|TENSE,1.8,1,以前，当时有很多,IL_Y_EN_AVOIR,SPECIAL_Y_EN,y en avait,IMPARFAIT,IL_IMPERSONAL,Y,EN,,QUANTITY,IL_Y_EN_AVAIT,QUANTITY,POLARITY,TENSE,"seed=PC_0084; context=Avant,"
PC_0851,SPECIAL_HIGH_FREQ,IL_N_Y_EN_A_PLUS,D4,"Maintenant, il n'y en a plus.",现在，已经没有了,现在，已经没有了,现在，还有一些,现在，还有很多,现在，以后会有,POLARITY|QUANTITY|TENSE,2.0,1,现在，已经没有了,IL_Y_EN_AVOIR,SPECIAL_Y_EN,n'y en a plus,PRESENT_NEG,IL_IMPERSONAL,Y,EN,,QUANTITY,IL_N_Y_EN_A,POLARITY,QUANTITY,TENSE,"seed=PC_0085; context=Maintenant,"
PC_0852,SPECIAL_HIGH_FREQ,IL_Y_EN_AURA,D3,"Après-demain, il y en aura assez pour tout le monde.",后天，会有足够的，人人都有,后天，会有足够的，人人都有,后天，现在已经够所有人用了,后天，只会有一个,后天，不会有足够的,TENSE|QUANTITY|POLARITY,1.7,1,后天，会有足够的，人人都有,IL_Y_EN_AVOIR,SPECIAL_Y_EN,y en aura,FUTUR_SIMPLE,IL_IMPERSONAL,Y,EN,,QUANTITY,IL_Y_EN_AURA,TENSE,QUANTITY,POLARITY,"seed=PC_0086; context=Après-demain,"
PC_0853,SPECIAL_HIGH_FREQ,IL_Y_EN_AURAIT,D4,"Après-demain, il y en aurait peut-être deux.",后天，可能会有两个,后天，可能会有两个,后天，肯定会有两个,后天，可能只有一个,后天，现在有两个,MODALITY|QUANTITY|TENSE,1.6,1,后天，可能会有两个,IL_Y_EN_AVOIR,SPECIAL_Y_EN,y en aurait,CONDITIONNEL,IL_IMPERSONAL,Y,EN,,QUANTITY,IL_Y_EN_AURAIT,MODALITY,QUANTITY,TENSE,"seed=PC_0087; context=Après-demain,"
PC_0854,SPECIAL_HIGH_FREQ,IL_Y_EN_A_COMBIEN,D3,"Maintenant, il y en a combien ?",现在，有多少个？,现在，有多少个？,现在，有两个吗？,现在，一个都没有吗？,现在，还剩多少时间？,QUANTITY|POLARITY|LEXICAL,1.8,1,现在，有多少个？,IL_Y_EN_AVOIR,SPECIAL_Y_EN,y en a,PRESENT,IL_IMPERSONAL,Y,EN,,QUANTITY,IL_Y_EN_A,QUANTITY,POLARITY,LEXICAL,"seed=PC_0088; context=Maintenant,"
PC_0855,SPECIAL_HIGH_FREQ,IL_Y_A,D1,"En ce moment, il y a un problème.",目前，有一个问题,目前，有一个问题,目前，没有问题,目前，有好几个问题,目前，有一个办法,POLARITY|NUMBER|LEXICAL,2.0,1,目前，有一个问题,IL_Y_AVOIR,SPECIAL_Y,il y a,PRESENT,IL_IMPERSONAL,Y,,,EXISTENTIAL,IL_Y_A,POLARITY,NUMBER,LEXICAL,"seed=PC_0081; context=En ce moment,"
PC_0856,SPECIAL_HIGH_FREQ,IL_N_Y_A_PLUS,D2,"En ce moment, il n'y a plus de places.",目前，已经没有空位了,目前，已经没有空位了,目前，还有空位,目前，还有很多空位,目前，已经没有时间了,POLARITY|QUANTITY|LEXICAL,1.8,1,目前，已经没有空位了,IL_Y_AVOIR,SPECIAL_Y,n'y a plus,PRESENT_NEG,IL_IMPERSONAL,Y,,,EXISTENTIAL,IL_N_Y_A,POLARITY,QUANTITY,LEXICAL,"seed=PC_0082; context=En ce moment,"
PC_0857,SPECIAL_HIGH_FREQ,IL_Y_EN_A,D3,"En ce moment, il y en a trois.",目前，有三个,目前，有三个,目前，只有一个,目前，一个都没有,目前，有很多,QUANTITY|POLARITY|QUANTITY,2.0,1,目前，有三个,IL_Y_EN_AVOIR,SPECIAL_Y_EN,y en a,PRESENT,IL_IMPERSONAL,Y,EN,,QUANTITY,IL_Y_EN_A,QUANTITY,POLARITY,QUANTITY,"seed=PC_0083; context=En ce moment,"
PC_0858,SPECIAL_HIGH_FREQ,IL_Y_EN_AVAIT,D3,"Souvent, il y en avait beaucoup.",以前经常，当时有很多,以前经常，当时有很多,以前经常，当时只有一个,以前经常，当时一个都没有,以前经常，以后会有很多,QUANTITY|POLARITY|TENSE,1.8,1,以前经常，当时有很多,IL_Y_EN_AVOIR,SPECIAL_Y_EN,y en avait,IMPARFAIT,IL_IMPERSONAL,Y,EN,,QUANTITY,IL_Y_EN_AVAIT,QUANTITY,POLARITY,TENSE,"seed=PC_0084; context=Souvent,"
PC_0859,SPECIAL_HIGH_FREQ,IL_N_Y_EN_A_PLUS,D4,"En ce moment, il n'y en a plus.",目前，已经没有了,目前，已经没有了,目前，还有一些,目前，还有很多,目前，以后会有,POLARITY|QUANTITY|TENSE,2.0,1,目前，已经没有了,IL_Y_EN_AVOIR,SPECIAL_Y_EN,n'y en a plus,PRESENT_NEG,IL_IMPERSONAL,Y,EN,,QUANTITY,IL_N_Y_EN_A,POLARITY,QUANTITY,TENSE,"seed=PC_0085; context=En ce moment,"
PC_0860,SPECIAL_HIGH_FREQ,IL_Y_EN_AURA,D3,"Bientôt, il y en aura assez pour tout le monde.",很快，会有足够的，人人都有,很快，会有足够的，人人都有,很快，现在已经够所有人用了,很快，只会有一个,很快，不会有足够的,TENSE|QUANTITY|POLARITY,1.7,1,很快，会有足够的，人人都有,IL_Y_EN_AVOIR,SPECIAL_Y_EN,y en aura,FUTUR_SIMPLE,IL_IMPERSONAL,Y,EN,,QUANTITY,IL_Y_EN_AURA,TENSE,QUANTITY,POLARITY,"seed=PC_0086; context=Bientôt,"
PC_0861,SPECIAL_HIGH_FREQ,IL_Y_EN_AURAIT,D4,"Bientôt, il y en aurait peut-être deux.",很快，可能会有两个,很快，可能会有两个,很快，肯定会有两个,很快，可能只有一个,很快，现在有两个,MODALITY|QUANTITY|TENSE,1.6,1,很快，可能会有两个,IL_Y_EN_AVOIR,SPECIAL_Y_EN,y en aurait,CONDITIONNEL,IL_IMPERSONAL,Y,EN,,QUANTITY,IL_Y_EN_AURAIT,MODALITY,QUANTITY,TENSE,"seed=PC_0087; context=Bientôt,"
PC_0862,SPECIAL_HIGH_FREQ,IL_Y_EN_A_COMBIEN,D3,"En ce moment, il y en a combien ?",目前，有多少个？,目前，有多少个？,目前，有两个吗？,目前，一个都没有吗？,目前，还剩多少时间？,QUANTITY|POLARITY|LEXICAL,1.8,1,目前，有多少个？,IL_Y_EN_AVOIR,SPECIAL_Y_EN,y en a,PRESENT,IL_IMPERSONAL,Y,EN,,QUANTITY,IL_Y_EN_A,QUANTITY,POLARITY,LEXICAL,"seed=PC_0088; context=En ce moment,"
PC_0863,SPECIAL_HIGH_FREQ,IL_Y_A,D1,"Pour l'instant, il y a un problème.",目前，有一个问题,目前，有一个问题,目前，没有问题,目前，有好几个问题,目前，有一个办法,POLARITY|NUMBER|LEXICAL,2.0,1,目前，有一个问题,IL_Y_AVOIR,SPECIAL_Y,il y a,PRESENT,IL_IMPERSONAL,Y,,,EXISTENTIAL,IL_Y_A,POLARITY,NUMBER,LEXICAL,"seed=PC_0081; context=Pour l'instant,"
PC_0864,SPECIAL_HIGH_FREQ,IL_N_Y_A_PLUS,D2,"Pour l'instant, il n'y a plus de places.",目前，已经没有空位了,目前，已经没有空位了,目前，还有空位,目前，还有很多空位,目前，已经没有时间了,POLARITY|QUANTITY|LEXICAL,1.8,1,目前，已经没有空位了,IL_Y_AVOIR,SPECIAL_Y,n'y a plus,PRESENT_NEG,IL_IMPERSONAL,Y,,,EXISTENTIAL,IL_N_Y_A,POLARITY,QUANTITY,LEXICAL,"seed=PC_0082; context=Pour l'instant,"
PC_0865,SPECIAL_HIGH_FREQ,IL_Y_EN_A,D3,"Pour l'instant, il y en a trois.",目前，有三个,目前，有三个,目前，只有一个,目前，一个都没有,目前，有很多,QUANTITY|POLARITY|QUANTITY,2.0,1,目前，有三个,IL_Y_EN_AVOIR,SPECIAL_Y_EN,y en a,PRESENT,IL_IMPERSONAL,Y,EN,,QUANTITY,IL_Y_EN_A,QUANTITY,POLARITY,QUANTITY,"seed=PC_0083; context=Pour l'instant,"
PC_0866,SPECIAL_HIGH_FREQ,IL_Y_EN_AVAIT,D3,"D'habitude, il y en avait beaucoup.",以前通常，当时有很多,以前通常，当时有很多,以前通常，当时只有一个,以前通常，当时一个都没有,以前通常，以后会有很多,QUANTITY|POLARITY|TENSE,1.8,1,以前通常，当时有很多,IL_Y_EN_AVOIR,SPECIAL_Y_EN,y en avait,IMPARFAIT,IL_IMPERSONAL,Y,EN,,QUANTITY,IL_Y_EN_AVAIT,QUANTITY,POLARITY,TENSE,"seed=PC_0084; context=D'habitude,"
PC_0867,SPECIAL_HIGH_FREQ,IL_N_Y_EN_A_PLUS,D4,"Pour l'instant, il n'y en a plus.",目前，已经没有了,目前，已经没有了,目前，还有一些,目前，还有很多,目前，以后会有,POLARITY|QUANTITY|TENSE,2.0,1,目前，已经没有了,IL_Y_EN_AVOIR,SPECIAL_Y_EN,n'y en a plus,PRESENT_NEG,IL_IMPERSONAL,Y,EN,,QUANTITY,IL_N_Y_EN_A,POLARITY,QUANTITY,TENSE,"seed=PC_0085; context=Pour l'instant,"
PC_0868,SPECIAL_HIGH_FREQ,IL_Y_EN_AURA,D3,"Plus tard, il y en aura assez pour tout le monde.",之后，会有足够的，人人都有,之后，会有足够的，人人都有,之后，现在已经够所有人用了,之后，只会有一个,之后，不会有足够的,TENSE|QUANTITY|POLARITY,1.7,1,之后，会有足够的，人人都有,IL_Y_EN_AVOIR,SPECIAL_Y_EN,y en aura,FUTUR_SIMPLE,IL_IMPERSONAL,Y,EN,,QUANTITY,IL_Y_EN_AURA,TENSE,QUANTITY,POLARITY,"seed=PC_0086; context=Plus tard,"
PC_0869,SPECIAL_HIGH_FREQ,IL_Y_EN_AURAIT,D4,"Plus tard, il y en aurait peut-être deux.",之后，可能会有两个,之后，可能会有两个,之后，肯定会有两个,之后，可能只有一个,之后，现在有两个,MODALITY|QUANTITY|TENSE,1.6,1,之后，可能会有两个,IL_Y_EN_AVOIR,SPECIAL_Y_EN,y en aurait,CONDITIONNEL,IL_IMPERSONAL,Y,EN,,QUANTITY,IL_Y_EN_AURAIT,MODALITY,QUANTITY,TENSE,"seed=PC_0087; context=Plus tard,"
PC_0870,SPECIAL_HIGH_FREQ,IL_Y_EN_A_COMBIEN,D3,"Pour l'instant, il y en a combien ?",目前，有多少个？,目前，有多少个？,目前，有两个吗？,目前，一个都没有吗？,目前，还剩多少时间？,QUANTITY|POLARITY|LEXICAL,1.8,1,目前，有多少个？,IL_Y_EN_AVOIR,SPECIAL_Y_EN,y en a,PRESENT,IL_IMPERSONAL,Y,EN,,QUANTITY,IL_Y_EN_A,QUANTITY,POLARITY,LEXICAL,"seed=PC_0088; context=Pour l'instant,"
PC_0871,SPECIAL_HIGH_FREQ,IL_Y_A,D1,"Cette fois, il y a un problème.",这次，有一个问题,这次，有一个问题,这次，没有问题,这次，有好几个问题,这次，有一个办法,POLARITY|NUMBER|LEXICAL,2.0,1,这次，有一个问题,IL_Y_AVOIR,SPECIAL_Y,il y a,PRESENT,IL_IMPERSONAL,Y,,,EXISTENTIAL,IL_Y_A,POLARITY,NUMBER,LEXICAL,"seed=PC_0081; context=Cette fois,"
PC_0872,SPECIAL_HIGH_FREQ,IL_N_Y_A_PLUS,D2,"Cette fois, il n'y a plus de places.",这次，已经没有空位了,这次，已经没有空位了,这次，还有空位,这次，还有很多空位,这次，已经没有时间了,POLARITY|QUANTITY|LEXICAL,1.8,1,这次，已经没有空位了,IL_Y_AVOIR,SPECIAL_Y,n'y a plus,PRESENT_NEG,IL_IMPERSONAL,Y,,,EXISTENTIAL,IL_N_Y_A,POLARITY,QUANTITY,LEXICAL,"seed=PC_0082; context=Cette fois,"
PC_0873,SPECIAL_HIGH_FREQ,IL_Y_EN_A,D3,"Cette fois, il y en a trois.",这次，有三个,这次，有三个,这次，只有一个,这次，一个都没有,这次，有很多,QUANTITY|POLARITY|QUANTITY,2.0,1,这次，有三个,IL_Y_EN_AVOIR,SPECIAL_Y_EN,y en a,PRESENT,IL_IMPERSONAL,Y,EN,,QUANTITY,IL_Y_EN_A,QUANTITY,POLARITY,QUANTITY,"seed=PC_0083; context=Cette fois,"
PC_0874,SPECIAL_HIGH_FREQ,IL_Y_EN_AVAIT,D3,"À ce moment-là, il y en avait beaucoup.",那时候，当时有很多,那时候，当时有很多,那时候，当时只有一个,那时候，当时一个都没有,那时候，以后会有很多,QUANTITY|POLARITY|TENSE,1.8,1,那时候，当时有很多,IL_Y_EN_AVOIR,SPECIAL_Y_EN,y en avait,IMPARFAIT,IL_IMPERSONAL,Y,EN,,QUANTITY,IL_Y_EN_AVAIT,QUANTITY,POLARITY,TENSE,"seed=PC_0084; context=À ce moment-là,"
PC_0875,SPECIAL_HIGH_FREQ,IL_N_Y_EN_A_PLUS,D4,"Cette fois, il n'y en a plus.",这次，已经没有了,这次，已经没有了,这次，还有一些,这次，还有很多,这次，以后会有,POLARITY|QUANTITY|TENSE,2.0,1,这次，已经没有了,IL_Y_EN_AVOIR,SPECIAL_Y_EN,n'y en a plus,PRESENT_NEG,IL_IMPERSONAL,Y,EN,,QUANTITY,IL_N_Y_EN_A,POLARITY,QUANTITY,TENSE,"seed=PC_0085; context=Cette fois,"
PC_0876,SPECIAL_HIGH_FREQ,IL_Y_EN_AURA,D3,"La semaine prochaine, il y en aura assez pour tout le monde.",下周，会有足够的，人人都有,下周，会有足够的，人人都有,下周，现在已经够所有人用了,下周，只会有一个,下周，不会有足够的,TENSE|QUANTITY|POLARITY,1.7,1,下周，会有足够的，人人都有,IL_Y_EN_AVOIR,SPECIAL_Y_EN,y en aura,FUTUR_SIMPLE,IL_IMPERSONAL,Y,EN,,QUANTITY,IL_Y_EN_AURA,TENSE,QUANTITY,POLARITY,"seed=PC_0086; context=La semaine prochaine,"
PC_0877,SPECIAL_HIGH_FREQ,IL_Y_EN_AURAIT,D4,"La semaine prochaine, il y en aurait peut-être deux.",下周，可能会有两个,下周，可能会有两个,下周，肯定会有两个,下周，可能只有一个,下周，现在有两个,MODALITY|QUANTITY|TENSE,1.6,1,下周，可能会有两个,IL_Y_EN_AVOIR,SPECIAL_Y_EN,y en aurait,CONDITIONNEL,IL_IMPERSONAL,Y,EN,,QUANTITY,IL_Y_EN_AURAIT,MODALITY,QUANTITY,TENSE,"seed=PC_0087; context=La semaine prochaine,"
PC_0878,SPECIAL_HIGH_FREQ,IL_Y_EN_A_COMBIEN,D3,"Cette fois, il y en a combien ?",这次，有多少个？,这次，有多少个？,这次，有两个吗？,这次，一个都没有吗？,这次，还剩多少时间？,QUANTITY|POLARITY|LEXICAL,1.8,1,这次，有多少个？,IL_Y_EN_AVOIR,SPECIAL_Y_EN,y en a,PRESENT,IL_IMPERSONAL,Y,EN,,QUANTITY,IL_Y_EN_A,QUANTITY,POLARITY,LEXICAL,"seed=PC_0088; context=Cette fois,"
PC_0879,SPECIAL_HIGH_FREQ,IL_Y_A,D1,"Actuellement, il y a un problème.",目前，有一个问题,目前，有一个问题,目前，没有问题,目前，有好几个问题,目前，有一个办法,POLARITY|NUMBER|LEXICAL,2.0,1,目前，有一个问题,IL_Y_AVOIR,SPECIAL_Y,il y a,PRESENT,IL_IMPERSONAL,Y,,,EXISTENTIAL,IL_Y_A,POLARITY,NUMBER,LEXICAL,"seed=PC_0081; context=Actuellement,"
PC_0880,SPECIAL_HIGH_FREQ,IL_N_Y_A_PLUS,D2,"Actuellement, il n'y a plus de places.",目前，已经没有空位了,目前，已经没有空位了,目前，还有空位,目前，还有很多空位,目前，已经没有时间了,POLARITY|QUANTITY|LEXICAL,1.8,1,目前，已经没有空位了,IL_Y_AVOIR,SPECIAL_Y,n'y a plus,PRESENT_NEG,IL_IMPERSONAL,Y,,,EXISTENTIAL,IL_N_Y_A,POLARITY,QUANTITY,LEXICAL,"seed=PC_0082; context=Actuellement,"
PC_0881,SPECIAL_HIGH_FREQ,IL_Y_EN_A,D3,"Actuellement, il y en a trois.",目前，有三个,目前，有三个,目前，只有一个,目前，一个都没有,目前，有很多,QUANTITY|POLARITY|QUANTITY,2.0,1,目前，有三个,IL_Y_EN_AVOIR,SPECIAL_Y_EN,y en a,PRESENT,IL_IMPERSONAL,Y,EN,,QUANTITY,IL_Y_EN_A,QUANTITY,POLARITY,QUANTITY,"seed=PC_0083; context=Actuellement,"
PC_0882,SPECIAL_HIGH_FREQ,IL_Y_EN_AVAIT,D3,"Chaque semaine, il y en avait beaucoup.",以前每周，当时有很多,以前每周，当时有很多,以前每周，当时只有一个,以前每周，当时一个都没有,以前每周，以后会有很多,QUANTITY|POLARITY|TENSE,1.8,1,以前每周，当时有很多,IL_Y_EN_AVOIR,SPECIAL_Y_EN,y en avait,IMPARFAIT,IL_IMPERSONAL,Y,EN,,QUANTITY,IL_Y_EN_AVAIT,QUANTITY,POLARITY,TENSE,"seed=PC_0084; context=Chaque semaine,"
PC_0883,SPECIAL_HIGH_FREQ,IL_N_Y_EN_A_PLUS,D4,"Actuellement, il n'y en a plus.",目前，已经没有了,目前，已经没有了,目前，还有一些,目前，还有很多,目前，以后会有,POLARITY|QUANTITY|TENSE,2.0,1,目前，已经没有了,IL_Y_EN_AVOIR,SPECIAL_Y_EN,n'y en a plus,PRESENT_NEG,IL_IMPERSONAL,Y,EN,,QUANTITY,IL_N_Y_EN_A,POLARITY,QUANTITY,TENSE,"seed=PC_0085; context=Actuellement,"
PC_0884,SPECIAL_HIGH_FREQ,IL_Y_EN_AURA,D3,"Le mois prochain, il y en aura assez pour tout le monde.",下个月，会有足够的，人人都有,下个月，会有足够的，人人都有,下个月，现在已经够所有人用了,下个月，只会有一个,下个月，不会有足够的,TENSE|QUANTITY|POLARITY,1.7,1,下个月，会有足够的，人人都有,IL_Y_EN_AVOIR,SPECIAL_Y_EN,y en aura,FUTUR_SIMPLE,IL_IMPERSONAL,Y,EN,,QUANTITY,IL_Y_EN_AURA,TENSE,QUANTITY,POLARITY,"seed=PC_0086; context=Le mois prochain,"
PC_0885,SPECIAL_HIGH_FREQ,IL_Y_EN_AURAIT,D4,"Le mois prochain, il y en aurait peut-être deux.",下个月，可能会有两个,下个月，可能会有两个,下个月，肯定会有两个,下个月，可能只有一个,下个月，现在有两个,MODALITY|QUANTITY|TENSE,1.6,1,下个月，可能会有两个,IL_Y_EN_AVOIR,SPECIAL_Y_EN,y en aurait,CONDITIONNEL,IL_IMPERSONAL,Y,EN,,QUANTITY,IL_Y_EN_AURAIT,MODALITY,QUANTITY,TENSE,"seed=PC_0087; context=Le mois prochain,"
PC_0886,SPECIAL_HIGH_FREQ,IL_Y_EN_A_COMBIEN,D3,"Actuellement, il y en a combien ?",目前，有多少个？,目前，有多少个？,目前，有两个吗？,目前，一个都没有吗？,目前，还剩多少时间？,QUANTITY|POLARITY|LEXICAL,1.8,1,目前，有多少个？,IL_Y_EN_AVOIR,SPECIAL_Y_EN,y en a,PRESENT,IL_IMPERSONAL,Y,EN,,QUANTITY,IL_Y_EN_A,QUANTITY,POLARITY,LEXICAL,"seed=PC_0088; context=Actuellement,"
PC_0887,SPECIAL_HIGH_FREQ,IL_Y_A,D1,"À présent, il y a un problème.",现在，有一个问题,现在，有一个问题,现在，没有问题,现在，有好几个问题,现在，有一个办法,POLARITY|NUMBER|LEXICAL,2.0,1,现在，有一个问题,IL_Y_AVOIR,SPECIAL_Y,il y a,PRESENT,IL_IMPERSONAL,Y,,,EXISTENTIAL,IL_Y_A,POLARITY,NUMBER,LEXICAL,"seed=PC_0081; context=À présent,"
PC_0888,SPECIAL_HIGH_FREQ,IL_N_Y_A_PLUS,D2,"À présent, il n'y a plus de places.",现在，已经没有空位了,现在，已经没有空位了,现在，还有空位,现在，还有很多空位,现在，已经没有时间了,POLARITY|QUANTITY|LEXICAL,1.8,1,现在，已经没有空位了,IL_Y_AVOIR,SPECIAL_Y,n'y a plus,PRESENT_NEG,IL_IMPERSONAL,Y,,,EXISTENTIAL,IL_N_Y_A,POLARITY,QUANTITY,LEXICAL,"seed=PC_0082; context=À présent,"
PC_0889,SPECIAL_HIGH_FREQ,IL_Y_EN_A,D3,"À présent, il y en a trois.",现在，有三个,现在，有三个,现在，只有一个,现在，一个都没有,现在，有很多,QUANTITY|POLARITY|QUANTITY,2.0,1,现在，有三个,IL_Y_EN_AVOIR,SPECIAL_Y_EN,y en a,PRESENT,IL_IMPERSONAL,Y,EN,,QUANTITY,IL_Y_EN_A,QUANTITY,POLARITY,QUANTITY,"seed=PC_0083; context=À présent,"
PC_0890,SPECIAL_HIGH_FREQ,IL_Y_EN_AVAIT,D3,"Tous les jours, il y en avait beaucoup.",以前每天，当时有很多,以前每天，当时有很多,以前每天，当时只有一个,以前每天，当时一个都没有,以前每天，以后会有很多,QUANTITY|POLARITY|TENSE,1.8,1,以前每天，当时有很多,IL_Y_EN_AVOIR,SPECIAL_Y_EN,y en avait,IMPARFAIT,IL_IMPERSONAL,Y,EN,,QUANTITY,IL_Y_EN_AVAIT,QUANTITY,POLARITY,TENSE,"seed=PC_0084; context=Tous les jours,"
PC_0891,SPECIAL_HIGH_FREQ,IL_N_Y_EN_A_PLUS,D4,"À présent, il n'y en a plus.",现在，已经没有了,现在，已经没有了,现在，还有一些,现在，还有很多,现在，以后会有,POLARITY|QUANTITY|TENSE,2.0,1,现在，已经没有了,IL_Y_EN_AVOIR,SPECIAL_Y_EN,n'y en a plus,PRESENT_NEG,IL_IMPERSONAL,Y,EN,,QUANTITY,IL_N_Y_EN_A,POLARITY,QUANTITY,TENSE,"seed=PC_0085; context=À présent,"
PC_0892,SPECIAL_HIGH_FREQ,IL_Y_EN_AURA,D3,"Dans quelques jours, il y en aura assez pour tout le monde.",过几天，会有足够的，人人都有,过几天，会有足够的，人人都有,过几天，现在已经够所有人用了,过几天，只会有一个,过几天，不会有足够的,TENSE|QUANTITY|POLARITY,1.7,1,过几天，会有足够的，人人都有,IL_Y_EN_AVOIR,SPECIAL_Y_EN,y en aura,FUTUR_SIMPLE,IL_IMPERSONAL,Y,EN,,QUANTITY,IL_Y_EN_AURA,TENSE,QUANTITY,POLARITY,"seed=PC_0086; context=Dans quelques jours,"
PC_0893,SPECIAL_HIGH_FREQ,IL_Y_EN_AURAIT,D4,"Dans quelques jours, il y en aurait peut-être deux.",过几天，可能会有两个,过几天，可能会有两个,过几天，肯定会有两个,过几天，可能只有一个,过几天，现在有两个,MODALITY|QUANTITY|TENSE,1.6,1,过几天，可能会有两个,IL_Y_EN_AVOIR,SPECIAL_Y_EN,y en aurait,CONDITIONNEL,IL_IMPERSONAL,Y,EN,,QUANTITY,IL_Y_EN_AURAIT,MODALITY,QUANTITY,TENSE,"seed=PC_0087; context=Dans quelques jours,"
PC_0894,SPECIAL_HIGH_FREQ,IL_Y_EN_A_COMBIEN,D3,"À présent, il y en a combien ?",现在，有多少个？,现在，有多少个？,现在，有两个吗？,现在，一个都没有吗？,现在，还剩多少时间？,QUANTITY|POLARITY|LEXICAL,1.8,1,现在，有多少个？,IL_Y_EN_AVOIR,SPECIAL_Y_EN,y en a,PRESENT,IL_IMPERSONAL,Y,EN,,QUANTITY,IL_Y_EN_A,QUANTITY,POLARITY,LEXICAL,"seed=PC_0088; context=À présent,"
PC_0895,SPECIAL_HIGH_FREQ,IL_Y_A,D1,"Normalement, il y a un problème.",通常，有一个问题,通常，有一个问题,通常，没有问题,通常，有好几个问题,通常，有一个办法,POLARITY|NUMBER|LEXICAL,2.0,1,通常，有一个问题,IL_Y_AVOIR,SPECIAL_Y,il y a,PRESENT,IL_IMPERSONAL,Y,,,EXISTENTIAL,IL_Y_A,POLARITY,NUMBER,LEXICAL,"seed=PC_0081; context=Normalement,"
PC_0896,SPECIAL_HIGH_FREQ,IL_N_Y_A_PLUS,D2,"Normalement, il n'y a plus de places.",通常，已经没有空位了,通常，已经没有空位了,通常，还有空位,通常，还有很多空位,通常，已经没有时间了,POLARITY|QUANTITY|LEXICAL,1.8,1,通常，已经没有空位了,IL_Y_AVOIR,SPECIAL_Y,n'y a plus,PRESENT_NEG,IL_IMPERSONAL,Y,,,EXISTENTIAL,IL_N_Y_A,POLARITY,QUANTITY,LEXICAL,"seed=PC_0082; context=Normalement,"
PC_0897,SPECIAL_HIGH_FREQ,IL_Y_EN_A,D3,"Normalement, il y en a trois.",通常，有三个,通常，有三个,通常，只有一个,通常，一个都没有,通常，有很多,QUANTITY|POLARITY|QUANTITY,2.0,1,通常，有三个,IL_Y_EN_AVOIR,SPECIAL_Y_EN,y en a,PRESENT,IL_IMPERSONAL,Y,EN,,QUANTITY,IL_Y_EN_A,QUANTITY,POLARITY,QUANTITY,"seed=PC_0083; context=Normalement,"
PC_0898,SPECIAL_HIGH_FREQ,IL_Y_EN_AVAIT,D3,"Pendant cette période, il y en avait beaucoup.",那段时间，当时有很多,那段时间，当时有很多,那段时间，当时只有一个,那段时间，当时一个都没有,那段时间，以后会有很多,QUANTITY|POLARITY|TENSE,1.8,1,那段时间，当时有很多,IL_Y_EN_AVOIR,SPECIAL_Y_EN,y en avait,IMPARFAIT,IL_IMPERSONAL,Y,EN,,QUANTITY,IL_Y_EN_AVAIT,QUANTITY,POLARITY,TENSE,"seed=PC_0084; context=Pendant cette période,"
PC_0899,SPECIAL_HIGH_FREQ,IL_N_Y_EN_A_PLUS,D4,"Normalement, il n'y en a plus.",通常，已经没有了,通常，已经没有了,通常，还有一些,通常，还有很多,通常，以后会有,POLARITY|QUANTITY|TENSE,2.0,1,通常，已经没有了,IL_Y_EN_AVOIR,SPECIAL_Y_EN,n'y en a plus,PRESENT_NEG,IL_IMPERSONAL,Y,EN,,QUANTITY,IL_N_Y_EN_A,POLARITY,QUANTITY,TENSE,"seed=PC_0085; context=Normalement,"
PC_0900,SPECIAL_HIGH_FREQ,IL_Y_EN_AURA,D3,"Dès demain, il y en aura assez pour tout le monde.",从明天起，会有足够的，人人都有,从明天起，会有足够的，人人都有,从明天起，现在已经够所有人用了,从明天起，只会有一个,从明天起，不会有足够的,TENSE|QUANTITY|POLARITY,1.7,1,从明天起，会有足够的，人人都有,IL_Y_EN_AVOIR,SPECIAL_Y_EN,y en aura,FUTUR_SIMPLE,IL_IMPERSONAL,Y,EN,,QUANTITY,IL_Y_EN_AURA,TENSE,QUANTITY,POLARITY,"seed=PC_0086; context=Dès demain,"
PC_0901,INFINITIVE_ENV,MODAL_OBJ_COD,D4,Je peux vous l'envoyer.,我可以把这个发给您,我可以把这个发给您,我可以把这个发给他们,我可以把这些发给您,您可以把这个发给我,RECIPIENT|COD_NUMBER|ROLE_REVERSAL,1.6,1,我可以把这个发给您,ENVOYER_QCH_A_QN,OBJ_COD,vous l',MODAL_INFINITIVE,JE,VOUS,LE_LA,,RECIPIENT_COD,VOUS_L_ENVOYER,RECIPIENT,COD_NUMBER,ROLE_REVERSAL,seed=PC_0089; context=NONE
PC_0902,INFINITIVE_ENV,MODAL_LUI_EN,D4,Vous devez lui en parler.,您得跟他谈这件事,您得跟他谈这件事,您得跟他们谈这件事,您得跟他谈别的事,他得跟您谈这件事,RECIPIENT|EN_SEMANTIC|ROLE_REVERSAL,1.5,1,您得跟他谈这件事,PARLER_DE_A_QN,COI_EN,lui en,MODAL_INFINITIVE,VOUS,LUI,EN,,TOPIC,LUI_EN_PARLER,RECIPIENT,EN_SEMANTIC,ROLE_REVERSAL,seed=PC_0090; context=NONE
PC_0903,INFINITIVE_ENV,FUTUR_PROCHE_NOUS_EN,D4,On va nous en donner deux.,会有人给我们两个,会有人给我们两个,会有人给他们两个,会有人给我们一个,我们会给别人两个,RECIPIENT|QUANTITY|ROLE_REVERSAL,1.5,1,会有人给我们两个,DONNER_QCH_A_QN,OBJ_EN,nous en,FUTUR_PROCHE,ON,NOUS,EN,,QUANTITY,NOUS_EN_DONNER,RECIPIENT,QUANTITY,ROLE_REVERSAL,seed=PC_0091; context=NONE
PC_0904,INFINITIVE_ENV,MODAL_VOUS_COD,D4,Je voudrais vous le montrer.,我想给您看这个,我想给您看这个,我想给他们看这个,我想给您看这些,您想给我看这个,RECIPIENT|COD_NUMBER|ROLE_REVERSAL,1.5,1,我想给您看这个,MONTRER_QCH_A_QN,OBJ_COD,vous le,MODAL_INFINITIVE,JE,VOUS,LE,,RECIPIENT_COD,VOUS_LE_MONTRER,RECIPIENT,COD_NUMBER,ROLE_REVERSAL,seed=PC_0092; context=NONE
PC_0905,INFINITIVE_ENV,MODAL_ME_COD,D4,Elle peut me l'expliquer.,她可以给我解释这个,她可以给我解释这个,她可以给他们解释这个,她可以给我解释这些,我可以给她解释这个,RECIPIENT|COD_NUMBER|ROLE_REVERSAL,1.6,1,她可以给我解释这个,EXPLIQUER_QCH_A_QN,OBJ_COD,me l',MODAL_INFINITIVE,ELLE,ME,LE_LA,,RECIPIENT_COD,ME_L_EXPLIQUER,RECIPIENT,COD_NUMBER,ROLE_REVERSAL,seed=PC_0093; context=NONE
PC_0906,INFINITIVE_ENV,FUTUR_PROCHE_LEUR_EN,D4,Nous allons leur en proposer plusieurs.,我们会给他们提好几个,我们会给他们提好几个,我们会给他提好几个,我们会给他们只提一个,他们会给我们提好几个,RECIPIENT|QUANTITY|ROLE_REVERSAL,1.5,1,我们会给他们提好几个,PROPOSER_QCH_A_QN,COI_EN,leur en,FUTUR_PROCHE,NOUS,LEUR,EN,,QUANTITY,LEUR_EN_PROPOSER,RECIPIENT,QUANTITY,ROLE_REVERSAL,seed=PC_0094; context=NONE
PC_0907,INFINITIVE_ENV,MODAL_S_EN,D4,Tu peux t'en occuper.,你可以处理这件事,你可以处理这件事,他可以处理这件事,你不用处理这件事,你可以忘掉这件事,SUBJECT|POLARITY|LEXICAL,1.5,1,你可以处理这件事,S_OCCUPER_DE,REFLEXIVE_EN,t'en,MODAL_INFINITIVE,TU,TE,EN,,LEXICAL_REFLEXIVE,T_EN_OCCUPER,SUBJECT,POLARITY,LEXICAL,seed=PC_0095; context=NONE
PC_0908,INFINITIVE_ENV,FUTUR_PROCHE_S_Y,D4,Il va s'y habituer.,他会逐渐习惯的,他会逐渐习惯的,我会逐渐习惯的,他还是不会习惯,他会放弃的,SUBJECT|POLARITY|LEXICAL,1.5,1,他会逐渐习惯的,S_HABITUER_A,REFLEXIVE_Y,s'y,FUTUR_PROCHE,IL,SE,Y,,LEXICAL_REFLEXIVE,S_Y_HABITUER,SUBJECT,POLARITY,LEXICAL,seed=PC_0096; context=NONE
PC_0909,INFINITIVE_ENV,MODAL_OBJ_COD,D4,"Aujourd'hui, je peux vous l'envoyer.",今天，我可以把这个发给您,今天，我可以把这个发给您,今天，我可以把这个发给他们,今天，我可以把这些发给您,今天，您可以把这个发给我,RECIPIENT|COD_NUMBER|ROLE_REVERSAL,1.6,1,今天，我可以把这个发给您,ENVOYER_QCH_A_QN,OBJ_COD,vous l',MODAL_INFINITIVE,JE,VOUS,LE_LA,,RECIPIENT_COD,VOUS_L_ENVOYER,RECIPIENT,COD_NUMBER,ROLE_REVERSAL,"seed=PC_0089; context=Aujourd'hui,"
PC_0910,INFINITIVE_ENV,MODAL_LUI_EN,D4,"Aujourd'hui, vous devez lui en parler.",今天，您得跟他谈这件事,今天，您得跟他谈这件事,今天，您得跟他们谈这件事,今天，您得跟他谈别的事,今天，他得跟您谈这件事,RECIPIENT|EN_SEMANTIC|ROLE_REVERSAL,1.5,1,今天，您得跟他谈这件事,PARLER_DE_A_QN,COI_EN,lui en,MODAL_INFINITIVE,VOUS,LUI,EN,,TOPIC,LUI_EN_PARLER,RECIPIENT,EN_SEMANTIC,ROLE_REVERSAL,"seed=PC_0090; context=Aujourd'hui,"
PC_0911,INFINITIVE_ENV,FUTUR_PROCHE_NOUS_EN,D4,"Demain, on va nous en donner deux.",明天，会有人给我们两个,明天，会有人给我们两个,明天，会有人给他们两个,明天，会有人给我们一个,明天，我们会给别人两个,RECIPIENT|QUANTITY|ROLE_REVERSAL,1.5,1,明天，会有人给我们两个,DONNER_QCH_A_QN,OBJ_EN,nous en,FUTUR_PROCHE,ON,NOUS,EN,,QUANTITY,NOUS_EN_DONNER,RECIPIENT,QUANTITY,ROLE_REVERSAL,"seed=PC_0091; context=Demain,"
PC_0912,INFINITIVE_ENV,MODAL_VOUS_COD,D4,"Aujourd'hui, je voudrais vous le montrer.",今天，我想给您看这个,今天，我想给您看这个,今天，我想给他们看这个,今天，我想给您看这些,今天，您想给我看这个,RECIPIENT|COD_NUMBER|ROLE_REVERSAL,1.5,1,今天，我想给您看这个,MONTRER_QCH_A_QN,OBJ_COD,vous le,MODAL_INFINITIVE,JE,VOUS,LE,,RECIPIENT_COD,VOUS_LE_MONTRER,RECIPIENT,COD_NUMBER,ROLE_REVERSAL,"seed=PC_0092; context=Aujourd'hui,"
PC_0913,INFINITIVE_ENV,MODAL_ME_COD,D4,"Aujourd'hui, elle peut me l'expliquer.",今天，她可以给我解释这个,今天，她可以给我解释这个,今天，她可以给他们解释这个,今天，她可以给我解释这些,今天，我可以给她解释这个,RECIPIENT|COD_NUMBER|ROLE_REVERSAL,1.6,1,今天，她可以给我解释这个,EXPLIQUER_QCH_A_QN,OBJ_COD,me l',MODAL_INFINITIVE,ELLE,ME,LE_LA,,RECIPIENT_COD,ME_L_EXPLIQUER,RECIPIENT,COD_NUMBER,ROLE_REVERSAL,"seed=PC_0093; context=Aujourd'hui,"
PC_0914,INFINITIVE_ENV,FUTUR_PROCHE_LEUR_EN,D4,"Demain, nous allons leur en proposer plusieurs.",明天，我们会给他们提好几个,明天，我们会给他们提好几个,明天，我们会给他提好几个,明天，我们会给他们只提一个,明天，他们会给我们提好几个,RECIPIENT|QUANTITY|ROLE_REVERSAL,1.5,1,明天，我们会给他们提好几个,PROPOSER_QCH_A_QN,COI_EN,leur en,FUTUR_PROCHE,NOUS,LEUR,EN,,QUANTITY,LEUR_EN_PROPOSER,RECIPIENT,QUANTITY,ROLE_REVERSAL,"seed=PC_0094; context=Demain,"
PC_0915,INFINITIVE_ENV,MODAL_S_EN,D4,"Aujourd'hui, tu peux t'en occuper.",今天，你可以处理这件事,今天，你可以处理这件事,今天，他可以处理这件事,今天，你不用处理这件事,今天，你可以忘掉这件事,SUBJECT|POLARITY|LEXICAL,1.5,1,今天，你可以处理这件事,S_OCCUPER_DE,REFLEXIVE_EN,t'en,MODAL_INFINITIVE,TU,TE,EN,,LEXICAL_REFLEXIVE,T_EN_OCCUPER,SUBJECT,POLARITY,LEXICAL,"seed=PC_0095; context=Aujourd'hui,"
PC_0916,INFINITIVE_ENV,FUTUR_PROCHE_S_Y,D4,"Demain, il va s'y habituer.",明天，他会逐渐习惯的,明天，他会逐渐习惯的,明天，我会逐渐习惯的,明天，他还是不会习惯,明天，他会放弃的,SUBJECT|POLARITY|LEXICAL,1.5,1,明天，他会逐渐习惯的,S_HABITUER_A,REFLEXIVE_Y,s'y,FUTUR_PROCHE,IL,SE,Y,,LEXICAL_REFLEXIVE,S_Y_HABITUER,SUBJECT,POLARITY,LEXICAL,"seed=PC_0096; context=Demain,"
PC_0917,INFINITIVE_ENV,MODAL_OBJ_COD,D4,"Maintenant, je peux vous l'envoyer.",现在，我可以把这个发给您,现在，我可以把这个发给您,现在，我可以把这个发给他们,现在，我可以把这些发给您,现在，您可以把这个发给我,RECIPIENT|COD_NUMBER|ROLE_REVERSAL,1.6,1,现在，我可以把这个发给您,ENVOYER_QCH_A_QN,OBJ_COD,vous l',MODAL_INFINITIVE,JE,VOUS,LE_LA,,RECIPIENT_COD,VOUS_L_ENVOYER,RECIPIENT,COD_NUMBER,ROLE_REVERSAL,"seed=PC_0089; context=Maintenant,"
PC_0918,INFINITIVE_ENV,MODAL_LUI_EN,D4,"Maintenant, vous devez lui en parler.",现在，您得跟他谈这件事,现在，您得跟他谈这件事,现在，您得跟他们谈这件事,现在，您得跟他谈别的事,现在，他得跟您谈这件事,RECIPIENT|EN_SEMANTIC|ROLE_REVERSAL,1.5,1,现在，您得跟他谈这件事,PARLER_DE_A_QN,COI_EN,lui en,MODAL_INFINITIVE,VOUS,LUI,EN,,TOPIC,LUI_EN_PARLER,RECIPIENT,EN_SEMANTIC,ROLE_REVERSAL,"seed=PC_0090; context=Maintenant,"
PC_0919,INFINITIVE_ENV,FUTUR_PROCHE_NOUS_EN,D4,"Après-demain, on va nous en donner deux.",后天，会有人给我们两个,后天，会有人给我们两个,后天，会有人给他们两个,后天，会有人给我们一个,后天，我们会给别人两个,RECIPIENT|QUANTITY|ROLE_REVERSAL,1.5,1,后天，会有人给我们两个,DONNER_QCH_A_QN,OBJ_EN,nous en,FUTUR_PROCHE,ON,NOUS,EN,,QUANTITY,NOUS_EN_DONNER,RECIPIENT,QUANTITY,ROLE_REVERSAL,"seed=PC_0091; context=Après-demain,"
PC_0920,INFINITIVE_ENV,MODAL_VOUS_COD,D4,"Maintenant, je voudrais vous le montrer.",现在，我想给您看这个,现在，我想给您看这个,现在，我想给他们看这个,现在，我想给您看这些,现在，您想给我看这个,RECIPIENT|COD_NUMBER|ROLE_REVERSAL,1.5,1,现在，我想给您看这个,MONTRER_QCH_A_QN,OBJ_COD,vous le,MODAL_INFINITIVE,JE,VOUS,LE,,RECIPIENT_COD,VOUS_LE_MONTRER,RECIPIENT,COD_NUMBER,ROLE_REVERSAL,"seed=PC_0092; context=Maintenant,"
PC_0921,INFINITIVE_ENV,MODAL_ME_COD,D4,"Maintenant, elle peut me l'expliquer.",现在，她可以给我解释这个,现在，她可以给我解释这个,现在，她可以给他们解释这个,现在，她可以给我解释这些,现在，我可以给她解释这个,RECIPIENT|COD_NUMBER|ROLE_REVERSAL,1.6,1,现在，她可以给我解释这个,EXPLIQUER_QCH_A_QN,OBJ_COD,me l',MODAL_INFINITIVE,ELLE,ME,LE_LA,,RECIPIENT_COD,ME_L_EXPLIQUER,RECIPIENT,COD_NUMBER,ROLE_REVERSAL,"seed=PC_0093; context=Maintenant,"
PC_0922,INFINITIVE_ENV,FUTUR_PROCHE_LEUR_EN,D4,"Après-demain, nous allons leur en proposer plusieurs.",后天，我们会给他们提好几个,后天，我们会给他们提好几个,后天，我们会给他提好几个,后天，我们会给他们只提一个,后天，他们会给我们提好几个,RECIPIENT|QUANTITY|ROLE_REVERSAL,1.5,1,后天，我们会给他们提好几个,PROPOSER_QCH_A_QN,COI_EN,leur en,FUTUR_PROCHE,NOUS,LEUR,EN,,QUANTITY,LEUR_EN_PROPOSER,RECIPIENT,QUANTITY,ROLE_REVERSAL,"seed=PC_0094; context=Après-demain,"
PC_0923,INFINITIVE_ENV,MODAL_S_EN,D4,"Maintenant, tu peux t'en occuper.",现在，你可以处理这件事,现在，你可以处理这件事,现在，他可以处理这件事,现在，你不用处理这件事,现在，你可以忘掉这件事,SUBJECT|POLARITY|LEXICAL,1.5,1,现在，你可以处理这件事,S_OCCUPER_DE,REFLEXIVE_EN,t'en,MODAL_INFINITIVE,TU,TE,EN,,LEXICAL_REFLEXIVE,T_EN_OCCUPER,SUBJECT,POLARITY,LEXICAL,"seed=PC_0095; context=Maintenant,"
PC_0924,INFINITIVE_ENV,FUTUR_PROCHE_S_Y,D4,"Après-demain, il va s'y habituer.",后天，他会逐渐习惯的,后天，他会逐渐习惯的,后天，我会逐渐习惯的,后天，他还是不会习惯,后天，他会放弃的,SUBJECT|POLARITY|LEXICAL,1.5,1,后天，他会逐渐习惯的,S_HABITUER_A,REFLEXIVE_Y,s'y,FUTUR_PROCHE,IL,SE,Y,,LEXICAL_REFLEXIVE,S_Y_HABITUER,SUBJECT,POLARITY,LEXICAL,"seed=PC_0096; context=Après-demain,"
PC_0925,INFINITIVE_ENV,MODAL_OBJ_COD,D4,"Cette fois, je peux vous l'envoyer.",这次，我可以把这个发给您,这次，我可以把这个发给您,这次，我可以把这个发给他们,这次，我可以把这些发给您,这次，您可以把这个发给我,RECIPIENT|COD_NUMBER|ROLE_REVERSAL,1.6,1,这次，我可以把这个发给您,ENVOYER_QCH_A_QN,OBJ_COD,vous l',MODAL_INFINITIVE,JE,VOUS,LE_LA,,RECIPIENT_COD,VOUS_L_ENVOYER,RECIPIENT,COD_NUMBER,ROLE_REVERSAL,"seed=PC_0089; context=Cette fois,"
PC_0926,INFINITIVE_ENV,MODAL_LUI_EN,D4,"Cette fois, vous devez lui en parler.",这次，您得跟他谈这件事,这次，您得跟他谈这件事,这次，您得跟他们谈这件事,这次，您得跟他谈别的事,这次，他得跟您谈这件事,RECIPIENT|EN_SEMANTIC|ROLE_REVERSAL,1.5,1,这次，您得跟他谈这件事,PARLER_DE_A_QN,COI_EN,lui en,MODAL_INFINITIVE,VOUS,LUI,EN,,TOPIC,LUI_EN_PARLER,RECIPIENT,EN_SEMANTIC,ROLE_REVERSAL,"seed=PC_0090; context=Cette fois,"
PC_0927,INFINITIVE_ENV,FUTUR_PROCHE_NOUS_EN,D4,"Bientôt, on va nous en donner deux.",很快，会有人给我们两个,很快，会有人给我们两个,很快，会有人给他们两个,很快，会有人给我们一个,很快，我们会给别人两个,RECIPIENT|QUANTITY|ROLE_REVERSAL,1.5,1,很快，会有人给我们两个,DONNER_QCH_A_QN,OBJ_EN,nous en,FUTUR_PROCHE,ON,NOUS,EN,,QUANTITY,NOUS_EN_DONNER,RECIPIENT,QUANTITY,ROLE_REVERSAL,"seed=PC_0091; context=Bientôt,"
PC_0928,INFINITIVE_ENV,MODAL_VOUS_COD,D4,"Cette fois, je voudrais vous le montrer.",这次，我想给您看这个,这次，我想给您看这个,这次，我想给他们看这个,这次，我想给您看这些,这次，您想给我看这个,RECIPIENT|COD_NUMBER|ROLE_REVERSAL,1.5,1,这次，我想给您看这个,MONTRER_QCH_A_QN,OBJ_COD,vous le,MODAL_INFINITIVE,JE,VOUS,LE,,RECIPIENT_COD,VOUS_LE_MONTRER,RECIPIENT,COD_NUMBER,ROLE_REVERSAL,"seed=PC_0092; context=Cette fois,"
PC_0929,INFINITIVE_ENV,MODAL_ME_COD,D4,"Cette fois, elle peut me l'expliquer.",这次，她可以给我解释这个,这次，她可以给我解释这个,这次，她可以给他们解释这个,这次，她可以给我解释这些,这次，我可以给她解释这个,RECIPIENT|COD_NUMBER|ROLE_REVERSAL,1.6,1,这次，她可以给我解释这个,EXPLIQUER_QCH_A_QN,OBJ_COD,me l',MODAL_INFINITIVE,ELLE,ME,LE_LA,,RECIPIENT_COD,ME_L_EXPLIQUER,RECIPIENT,COD_NUMBER,ROLE_REVERSAL,"seed=PC_0093; context=Cette fois,"
PC_0930,INFINITIVE_ENV,FUTUR_PROCHE_LEUR_EN,D4,"Bientôt, nous allons leur en proposer plusieurs.",很快，我们会给他们提好几个,很快，我们会给他们提好几个,很快，我们会给他提好几个,很快，我们会给他们只提一个,很快，他们会给我们提好几个,RECIPIENT|QUANTITY|ROLE_REVERSAL,1.5,1,很快，我们会给他们提好几个,PROPOSER_QCH_A_QN,COI_EN,leur en,FUTUR_PROCHE,NOUS,LEUR,EN,,QUANTITY,LEUR_EN_PROPOSER,RECIPIENT,QUANTITY,ROLE_REVERSAL,"seed=PC_0094; context=Bientôt,"
PC_0931,INFINITIVE_ENV,MODAL_S_EN,D4,"Cette fois, tu peux t'en occuper.",这次，你可以处理这件事,这次，你可以处理这件事,这次，他可以处理这件事,这次，你不用处理这件事,这次，你可以忘掉这件事,SUBJECT|POLARITY|LEXICAL,1.5,1,这次，你可以处理这件事,S_OCCUPER_DE,REFLEXIVE_EN,t'en,MODAL_INFINITIVE,TU,TE,EN,,LEXICAL_REFLEXIVE,T_EN_OCCUPER,SUBJECT,POLARITY,LEXICAL,"seed=PC_0095; context=Cette fois,"
PC_0932,INFINITIVE_ENV,FUTUR_PROCHE_S_Y,D4,"Bientôt, il va s'y habituer.",很快，他会逐渐习惯的,很快，他会逐渐习惯的,很快，我会逐渐习惯的,很快，他还是不会习惯,很快，他会放弃的,SUBJECT|POLARITY|LEXICAL,1.5,1,很快，他会逐渐习惯的,S_HABITUER_A,REFLEXIVE_Y,s'y,FUTUR_PROCHE,IL,SE,Y,,LEXICAL_REFLEXIVE,S_Y_HABITUER,SUBJECT,POLARITY,LEXICAL,"seed=PC_0096; context=Bientôt,"
PC_0933,INFINITIVE_ENV,MODAL_OBJ_COD,D4,"Si nécessaire, je peux vous l'envoyer.",有需要的话，我可以把这个发给您,有需要的话，我可以把这个发给您,有需要的话，我可以把这个发给他们,有需要的话，我可以把这些发给您,有需要的话，您可以把这个发给我,RECIPIENT|COD_NUMBER|ROLE_REVERSAL,1.6,1,有需要的话，我可以把这个发给您,ENVOYER_QCH_A_QN,OBJ_COD,vous l',MODAL_INFINITIVE,JE,VOUS,LE_LA,,RECIPIENT_COD,VOUS_L_ENVOYER,RECIPIENT,COD_NUMBER,ROLE_REVERSAL,"seed=PC_0089; context=Si nécessaire,"
PC_0934,INFINITIVE_ENV,MODAL_LUI_EN,D4,"Si nécessaire, vous devez lui en parler.",有需要的话，您得跟他谈这件事,有需要的话，您得跟他谈这件事,有需要的话，您得跟他们谈这件事,有需要的话，您得跟他谈别的事,有需要的话，他得跟您谈这件事,RECIPIENT|EN_SEMANTIC|ROLE_REVERSAL,1.5,1,有需要的话，您得跟他谈这件事,PARLER_DE_A_QN,COI_EN,lui en,MODAL_INFINITIVE,VOUS,LUI,EN,,TOPIC,LUI_EN_PARLER,RECIPIENT,EN_SEMANTIC,ROLE_REVERSAL,"seed=PC_0090; context=Si nécessaire,"
PC_0935,INFINITIVE_ENV,FUTUR_PROCHE_NOUS_EN,D4,"Plus tard, on va nous en donner deux.",之后，会有人给我们两个,之后，会有人给我们两个,之后，会有人给他们两个,之后，会有人给我们一个,之后，我们会给别人两个,RECIPIENT|QUANTITY|ROLE_REVERSAL,1.5,1,之后，会有人给我们两个,DONNER_QCH_A_QN,OBJ_EN,nous en,FUTUR_PROCHE,ON,NOUS,EN,,QUANTITY,NOUS_EN_DONNER,RECIPIENT,QUANTITY,ROLE_REVERSAL,"seed=PC_0091; context=Plus tard,"
PC_0936,INFINITIVE_ENV,MODAL_VOUS_COD,D4,"Si nécessaire, je voudrais vous le montrer.",有需要的话，我想给您看这个,有需要的话，我想给您看这个,有需要的话，我想给他们看这个,有需要的话，我想给您看这些,有需要的话，您想给我看这个,RECIPIENT|COD_NUMBER|ROLE_REVERSAL,1.5,1,有需要的话，我想给您看这个,MONTRER_QCH_A_QN,OBJ_COD,vous le,MODAL_INFINITIVE,JE,VOUS,LE,,RECIPIENT_COD,VOUS_LE_MONTRER,RECIPIENT,COD_NUMBER,ROLE_REVERSAL,"seed=PC_0092; context=Si nécessaire,"
PC_0937,INFINITIVE_ENV,MODAL_ME_COD,D4,"Si nécessaire, elle peut me l'expliquer.",有需要的话，她可以给我解释这个,有需要的话，她可以给我解释这个,有需要的话，她可以给他们解释这个,有需要的话，她可以给我解释这些,有需要的话，我可以给她解释这个,RECIPIENT|COD_NUMBER|ROLE_REVERSAL,1.6,1,有需要的话，她可以给我解释这个,EXPLIQUER_QCH_A_QN,OBJ_COD,me l',MODAL_INFINITIVE,ELLE,ME,LE_LA,,RECIPIENT_COD,ME_L_EXPLIQUER,RECIPIENT,COD_NUMBER,ROLE_REVERSAL,"seed=PC_0093; context=Si nécessaire,"
PC_0938,INFINITIVE_ENV,FUTUR_PROCHE_LEUR_EN,D4,"Plus tard, nous allons leur en proposer plusieurs.",之后，我们会给他们提好几个,之后，我们会给他们提好几个,之后，我们会给他提好几个,之后，我们会给他们只提一个,之后，他们会给我们提好几个,RECIPIENT|QUANTITY|ROLE_REVERSAL,1.5,1,之后，我们会给他们提好几个,PROPOSER_QCH_A_QN,COI_EN,leur en,FUTUR_PROCHE,NOUS,LEUR,EN,,QUANTITY,LEUR_EN_PROPOSER,RECIPIENT,QUANTITY,ROLE_REVERSAL,"seed=PC_0094; context=Plus tard,"
PC_0939,INFINITIVE_ENV,MODAL_S_EN,D4,"Si nécessaire, tu peux t'en occuper.",有需要的话，你可以处理这件事,有需要的话，你可以处理这件事,有需要的话，他可以处理这件事,有需要的话，你不用处理这件事,有需要的话，你可以忘掉这件事,SUBJECT|POLARITY|LEXICAL,1.5,1,有需要的话，你可以处理这件事,S_OCCUPER_DE,REFLEXIVE_EN,t'en,MODAL_INFINITIVE,TU,TE,EN,,LEXICAL_REFLEXIVE,T_EN_OCCUPER,SUBJECT,POLARITY,LEXICAL,"seed=PC_0095; context=Si nécessaire,"
PC_0940,INFINITIVE_ENV,FUTUR_PROCHE_S_Y,D4,"Plus tard, il va s'y habituer.",之后，他会逐渐习惯的,之后，他会逐渐习惯的,之后，我会逐渐习惯的,之后，他还是不会习惯,之后，他会放弃的,SUBJECT|POLARITY|LEXICAL,1.5,1,之后，他会逐渐习惯的,S_HABITUER_A,REFLEXIVE_Y,s'y,FUTUR_PROCHE,IL,SE,Y,,LEXICAL_REFLEXIVE,S_Y_HABITUER,SUBJECT,POLARITY,LEXICAL,"seed=PC_0096; context=Plus tard,"
PC_0941,INFINITIVE_ENV,MODAL_OBJ_COD,D4,"En cas de besoin, je peux vous l'envoyer.",需要的话，我可以把这个发给您,需要的话，我可以把这个发给您,需要的话，我可以把这个发给他们,需要的话，我可以把这些发给您,需要的话，您可以把这个发给我,RECIPIENT|COD_NUMBER|ROLE_REVERSAL,1.6,1,需要的话，我可以把这个发给您,ENVOYER_QCH_A_QN,OBJ_COD,vous l',MODAL_INFINITIVE,JE,VOUS,LE_LA,,RECIPIENT_COD,VOUS_L_ENVOYER,RECIPIENT,COD_NUMBER,ROLE_REVERSAL,"seed=PC_0089; context=En cas de besoin,"
PC_0942,INFINITIVE_ENV,MODAL_LUI_EN,D4,"En cas de besoin, vous devez lui en parler.",需要的话，您得跟他谈这件事,需要的话，您得跟他谈这件事,需要的话，您得跟他们谈这件事,需要的话，您得跟他谈别的事,需要的话，他得跟您谈这件事,RECIPIENT|EN_SEMANTIC|ROLE_REVERSAL,1.5,1,需要的话，您得跟他谈这件事,PARLER_DE_A_QN,COI_EN,lui en,MODAL_INFINITIVE,VOUS,LUI,EN,,TOPIC,LUI_EN_PARLER,RECIPIENT,EN_SEMANTIC,ROLE_REVERSAL,"seed=PC_0090; context=En cas de besoin,"
PC_0943,INFINITIVE_ENV,FUTUR_PROCHE_NOUS_EN,D4,"La semaine prochaine, on va nous en donner deux.",下周，会有人给我们两个,下周，会有人给我们两个,下周，会有人给他们两个,下周，会有人给我们一个,下周，我们会给别人两个,RECIPIENT|QUANTITY|ROLE_REVERSAL,1.5,1,下周，会有人给我们两个,DONNER_QCH_A_QN,OBJ_EN,nous en,FUTUR_PROCHE,ON,NOUS,EN,,QUANTITY,NOUS_EN_DONNER,RECIPIENT,QUANTITY,ROLE_REVERSAL,"seed=PC_0091; context=La semaine prochaine,"
PC_0944,INFINITIVE_ENV,MODAL_VOUS_COD,D4,"En cas de besoin, je voudrais vous le montrer.",需要的话，我想给您看这个,需要的话，我想给您看这个,需要的话，我想给他们看这个,需要的话，我想给您看这些,需要的话，您想给我看这个,RECIPIENT|COD_NUMBER|ROLE_REVERSAL,1.5,1,需要的话，我想给您看这个,MONTRER_QCH_A_QN,OBJ_COD,vous le,MODAL_INFINITIVE,JE,VOUS,LE,,RECIPIENT_COD,VOUS_LE_MONTRER,RECIPIENT,COD_NUMBER,ROLE_REVERSAL,"seed=PC_0092; context=En cas de besoin,"
PC_0945,INFINITIVE_ENV,MODAL_ME_COD,D4,"En cas de besoin, elle peut me l'expliquer.",需要的话，她可以给我解释这个,需要的话，她可以给我解释这个,需要的话，她可以给他们解释这个,需要的话，她可以给我解释这些,需要的话，我可以给她解释这个,RECIPIENT|COD_NUMBER|ROLE_REVERSAL,1.6,1,需要的话，她可以给我解释这个,EXPLIQUER_QCH_A_QN,OBJ_COD,me l',MODAL_INFINITIVE,ELLE,ME,LE_LA,,RECIPIENT_COD,ME_L_EXPLIQUER,RECIPIENT,COD_NUMBER,ROLE_REVERSAL,"seed=PC_0093; context=En cas de besoin,"
PC_0946,INFINITIVE_ENV,FUTUR_PROCHE_LEUR_EN,D4,"La semaine prochaine, nous allons leur en proposer plusieurs.",下周，我们会给他们提好几个,下周，我们会给他们提好几个,下周，我们会给他提好几个,下周，我们会给他们只提一个,下周，他们会给我们提好几个,RECIPIENT|QUANTITY|ROLE_REVERSAL,1.5,1,下周，我们会给他们提好几个,PROPOSER_QCH_A_QN,COI_EN,leur en,FUTUR_PROCHE,NOUS,LEUR,EN,,QUANTITY,LEUR_EN_PROPOSER,RECIPIENT,QUANTITY,ROLE_REVERSAL,"seed=PC_0094; context=La semaine prochaine,"
PC_0947,INFINITIVE_ENV,MODAL_S_EN,D4,"En cas de besoin, tu peux t'en occuper.",需要的话，你可以处理这件事,需要的话，你可以处理这件事,需要的话，他可以处理这件事,需要的话，你不用处理这件事,需要的话，你可以忘掉这件事,SUBJECT|POLARITY|LEXICAL,1.5,1,需要的话，你可以处理这件事,S_OCCUPER_DE,REFLEXIVE_EN,t'en,MODAL_INFINITIVE,TU,TE,EN,,LEXICAL_REFLEXIVE,T_EN_OCCUPER,SUBJECT,POLARITY,LEXICAL,"seed=PC_0095; context=En cas de besoin,"
PC_0948,INFINITIVE_ENV,FUTUR_PROCHE_S_Y,D4,"La semaine prochaine, il va s'y habituer.",下周，他会逐渐习惯的,下周，他会逐渐习惯的,下周，我会逐渐习惯的,下周，他还是不会习惯,下周，他会放弃的,SUBJECT|POLARITY|LEXICAL,1.5,1,下周，他会逐渐习惯的,S_HABITUER_A,REFLEXIVE_Y,s'y,FUTUR_PROCHE,IL,SE,Y,,LEXICAL_REFLEXIVE,S_Y_HABITUER,SUBJECT,POLARITY,LEXICAL,"seed=PC_0096; context=La semaine prochaine,"
PC_0949,INFINITIVE_ENV,MODAL_OBJ_COD,D4,"Pour l'instant, je peux vous l'envoyer.",目前，我可以把这个发给您,目前，我可以把这个发给您,目前，我可以把这个发给他们,目前，我可以把这些发给您,目前，您可以把这个发给我,RECIPIENT|COD_NUMBER|ROLE_REVERSAL,1.6,1,目前，我可以把这个发给您,ENVOYER_QCH_A_QN,OBJ_COD,vous l',MODAL_INFINITIVE,JE,VOUS,LE_LA,,RECIPIENT_COD,VOUS_L_ENVOYER,RECIPIENT,COD_NUMBER,ROLE_REVERSAL,"seed=PC_0089; context=Pour l'instant,"
PC_0950,INFINITIVE_ENV,MODAL_LUI_EN,D4,"Pour l'instant, vous devez lui en parler.",目前，您得跟他谈这件事,目前，您得跟他谈这件事,目前，您得跟他们谈这件事,目前，您得跟他谈别的事,目前，他得跟您谈这件事,RECIPIENT|EN_SEMANTIC|ROLE_REVERSAL,1.5,1,目前，您得跟他谈这件事,PARLER_DE_A_QN,COI_EN,lui en,MODAL_INFINITIVE,VOUS,LUI,EN,,TOPIC,LUI_EN_PARLER,RECIPIENT,EN_SEMANTIC,ROLE_REVERSAL,"seed=PC_0090; context=Pour l'instant,"
PC_0951,INFINITIVE_ENV,FUTUR_PROCHE_NOUS_EN,D4,"Le mois prochain, on va nous en donner deux.",下个月，会有人给我们两个,下个月，会有人给我们两个,下个月，会有人给他们两个,下个月，会有人给我们一个,下个月，我们会给别人两个,RECIPIENT|QUANTITY|ROLE_REVERSAL,1.5,1,下个月，会有人给我们两个,DONNER_QCH_A_QN,OBJ_EN,nous en,FUTUR_PROCHE,ON,NOUS,EN,,QUANTITY,NOUS_EN_DONNER,RECIPIENT,QUANTITY,ROLE_REVERSAL,"seed=PC_0091; context=Le mois prochain,"
PC_0952,INFINITIVE_ENV,MODAL_VOUS_COD,D4,"Pour l'instant, je voudrais vous le montrer.",目前，我想给您看这个,目前，我想给您看这个,目前，我想给他们看这个,目前，我想给您看这些,目前，您想给我看这个,RECIPIENT|COD_NUMBER|ROLE_REVERSAL,1.5,1,目前，我想给您看这个,MONTRER_QCH_A_QN,OBJ_COD,vous le,MODAL_INFINITIVE,JE,VOUS,LE,,RECIPIENT_COD,VOUS_LE_MONTRER,RECIPIENT,COD_NUMBER,ROLE_REVERSAL,"seed=PC_0092; context=Pour l'instant,"
PC_0953,INFINITIVE_ENV,MODAL_ME_COD,D4,"Pour l'instant, elle peut me l'expliquer.",目前，她可以给我解释这个,目前，她可以给我解释这个,目前，她可以给他们解释这个,目前，她可以给我解释这些,目前，我可以给她解释这个,RECIPIENT|COD_NUMBER|ROLE_REVERSAL,1.6,1,目前，她可以给我解释这个,EXPLIQUER_QCH_A_QN,OBJ_COD,me l',MODAL_INFINITIVE,ELLE,ME,LE_LA,,RECIPIENT_COD,ME_L_EXPLIQUER,RECIPIENT,COD_NUMBER,ROLE_REVERSAL,"seed=PC_0093; context=Pour l'instant,"
PC_0954,INFINITIVE_ENV,FUTUR_PROCHE_LEUR_EN,D4,"Le mois prochain, nous allons leur en proposer plusieurs.",下个月，我们会给他们提好几个,下个月，我们会给他们提好几个,下个月，我们会给他提好几个,下个月，我们会给他们只提一个,下个月，他们会给我们提好几个,RECIPIENT|QUANTITY|ROLE_REVERSAL,1.5,1,下个月，我们会给他们提好几个,PROPOSER_QCH_A_QN,COI_EN,leur en,FUTUR_PROCHE,NOUS,LEUR,EN,,QUANTITY,LEUR_EN_PROPOSER,RECIPIENT,QUANTITY,ROLE_REVERSAL,"seed=PC_0094; context=Le mois prochain,"
PC_0955,INFINITIVE_ENV,MODAL_S_EN,D4,"Pour l'instant, tu peux t'en occuper.",目前，你可以处理这件事,目前，你可以处理这件事,目前，他可以处理这件事,目前，你不用处理这件事,目前，你可以忘掉这件事,SUBJECT|POLARITY|LEXICAL,1.5,1,目前，你可以处理这件事,S_OCCUPER_DE,REFLEXIVE_EN,t'en,MODAL_INFINITIVE,TU,TE,EN,,LEXICAL_REFLEXIVE,T_EN_OCCUPER,SUBJECT,POLARITY,LEXICAL,"seed=PC_0095; context=Pour l'instant,"
PC_0956,INFINITIVE_ENV,FUTUR_PROCHE_S_Y,D4,"Le mois prochain, il va s'y habituer.",下个月，他会逐渐习惯的,下个月，他会逐渐习惯的,下个月，我会逐渐习惯的,下个月，他还是不会习惯,下个月，他会放弃的,SUBJECT|POLARITY|LEXICAL,1.5,1,下个月，他会逐渐习惯的,S_HABITUER_A,REFLEXIVE_Y,s'y,FUTUR_PROCHE,IL,SE,Y,,LEXICAL_REFLEXIVE,S_Y_HABITUER,SUBJECT,POLARITY,LEXICAL,"seed=PC_0096; context=Le mois prochain,"
PC_0957,INFINITIVE_ENV,MODAL_OBJ_COD,D4,"Dès maintenant, je peux vous l'envoyer.",从现在起，我可以把这个发给您,从现在起，我可以把这个发给您,从现在起，我可以把这个发给他们,从现在起，我可以把这些发给您,从现在起，您可以把这个发给我,RECIPIENT|COD_NUMBER|ROLE_REVERSAL,1.6,1,从现在起，我可以把这个发给您,ENVOYER_QCH_A_QN,OBJ_COD,vous l',MODAL_INFINITIVE,JE,VOUS,LE_LA,,RECIPIENT_COD,VOUS_L_ENVOYER,RECIPIENT,COD_NUMBER,ROLE_REVERSAL,"seed=PC_0089; context=Dès maintenant,"
PC_0958,INFINITIVE_ENV,MODAL_LUI_EN,D4,"Dès maintenant, vous devez lui en parler.",从现在起，您得跟他谈这件事,从现在起，您得跟他谈这件事,从现在起，您得跟他们谈这件事,从现在起，您得跟他谈别的事,从现在起，他得跟您谈这件事,RECIPIENT|EN_SEMANTIC|ROLE_REVERSAL,1.5,1,从现在起，您得跟他谈这件事,PARLER_DE_A_QN,COI_EN,lui en,MODAL_INFINITIVE,VOUS,LUI,EN,,TOPIC,LUI_EN_PARLER,RECIPIENT,EN_SEMANTIC,ROLE_REVERSAL,"seed=PC_0090; context=Dès maintenant,"
PC_0959,INFINITIVE_ENV,FUTUR_PROCHE_NOUS_EN,D4,"Dans quelques jours, on va nous en donner deux.",过几天，会有人给我们两个,过几天，会有人给我们两个,过几天，会有人给他们两个,过几天，会有人给我们一个,过几天，我们会给别人两个,RECIPIENT|QUANTITY|ROLE_REVERSAL,1.5,1,过几天，会有人给我们两个,DONNER_QCH_A_QN,OBJ_EN,nous en,FUTUR_PROCHE,ON,NOUS,EN,,QUANTITY,NOUS_EN_DONNER,RECIPIENT,QUANTITY,ROLE_REVERSAL,"seed=PC_0091; context=Dans quelques jours,"
PC_0960,INFINITIVE_ENV,MODAL_VOUS_COD,D4,"Dès maintenant, je voudrais vous le montrer.",从现在起，我想给您看这个,从现在起，我想给您看这个,从现在起，我想给他们看这个,从现在起，我想给您看这些,从现在起，您想给我看这个,RECIPIENT|COD_NUMBER|ROLE_REVERSAL,1.5,1,从现在起，我想给您看这个,MONTRER_QCH_A_QN,OBJ_COD,vous le,MODAL_INFINITIVE,JE,VOUS,LE,,RECIPIENT_COD,VOUS_LE_MONTRER,RECIPIENT,COD_NUMBER,ROLE_REVERSAL,"seed=PC_0092; context=Dès maintenant,"
PC_0961,INFINITIVE_ENV,MODAL_ME_COD,D4,"Dès maintenant, elle peut me l'expliquer.",从现在起，她可以给我解释这个,从现在起，她可以给我解释这个,从现在起，她可以给他们解释这个,从现在起，她可以给我解释这些,从现在起，我可以给她解释这个,RECIPIENT|COD_NUMBER|ROLE_REVERSAL,1.6,1,从现在起，她可以给我解释这个,EXPLIQUER_QCH_A_QN,OBJ_COD,me l',MODAL_INFINITIVE,ELLE,ME,LE_LA,,RECIPIENT_COD,ME_L_EXPLIQUER,RECIPIENT,COD_NUMBER,ROLE_REVERSAL,"seed=PC_0093; context=Dès maintenant,"
PC_0962,INFINITIVE_ENV,FUTUR_PROCHE_LEUR_EN,D4,"Dans quelques jours, nous allons leur en proposer plusieurs.",过几天，我们会给他们提好几个,过几天，我们会给他们提好几个,过几天，我们会给他提好几个,过几天，我们会给他们只提一个,过几天，他们会给我们提好几个,RECIPIENT|QUANTITY|ROLE_REVERSAL,1.5,1,过几天，我们会给他们提好几个,PROPOSER_QCH_A_QN,COI_EN,leur en,FUTUR_PROCHE,NOUS,LEUR,EN,,QUANTITY,LEUR_EN_PROPOSER,RECIPIENT,QUANTITY,ROLE_REVERSAL,"seed=PC_0094; context=Dans quelques jours,"
PC_0963,INFINITIVE_ENV,MODAL_S_EN,D4,"Dès maintenant, tu peux t'en occuper.",从现在起，你可以处理这件事,从现在起，你可以处理这件事,从现在起，他可以处理这件事,从现在起，你不用处理这件事,从现在起，你可以忘掉这件事,SUBJECT|POLARITY|LEXICAL,1.5,1,从现在起，你可以处理这件事,S_OCCUPER_DE,REFLEXIVE_EN,t'en,MODAL_INFINITIVE,TU,TE,EN,,LEXICAL_REFLEXIVE,T_EN_OCCUPER,SUBJECT,POLARITY,LEXICAL,"seed=PC_0095; context=Dès maintenant,"
PC_0964,INFINITIVE_ENV,FUTUR_PROCHE_S_Y,D4,"Dans quelques jours, il va s'y habituer.",过几天，他会逐渐习惯的,过几天，他会逐渐习惯的,过几天，我会逐渐习惯的,过几天，他还是不会习惯,过几天，他会放弃的,SUBJECT|POLARITY|LEXICAL,1.5,1,过几天，他会逐渐习惯的,S_HABITUER_A,REFLEXIVE_Y,s'y,FUTUR_PROCHE,IL,SE,Y,,LEXICAL_REFLEXIVE,S_Y_HABITUER,SUBJECT,POLARITY,LEXICAL,"seed=PC_0096; context=Dans quelques jours,"
PC_0965,INFINITIVE_ENV,MODAL_OBJ_COD,D4,"Plus tard, je peux vous l'envoyer.",之后，我可以把这个发给您,之后，我可以把这个发给您,之后，我可以把这个发给他们,之后，我可以把这些发给您,之后，您可以把这个发给我,RECIPIENT|COD_NUMBER|ROLE_REVERSAL,1.6,1,之后，我可以把这个发给您,ENVOYER_QCH_A_QN,OBJ_COD,vous l',MODAL_INFINITIVE,JE,VOUS,LE_LA,,RECIPIENT_COD,VOUS_L_ENVOYER,RECIPIENT,COD_NUMBER,ROLE_REVERSAL,"seed=PC_0089; context=Plus tard,"
PC_0966,INFINITIVE_ENV,MODAL_LUI_EN,D4,"Plus tard, vous devez lui en parler.",之后，您得跟他谈这件事,之后，您得跟他谈这件事,之后，您得跟他们谈这件事,之后，您得跟他谈别的事,之后，他得跟您谈这件事,RECIPIENT|EN_SEMANTIC|ROLE_REVERSAL,1.5,1,之后，您得跟他谈这件事,PARLER_DE_A_QN,COI_EN,lui en,MODAL_INFINITIVE,VOUS,LUI,EN,,TOPIC,LUI_EN_PARLER,RECIPIENT,EN_SEMANTIC,ROLE_REVERSAL,"seed=PC_0090; context=Plus tard,"
PC_0967,INFINITIVE_ENV,FUTUR_PROCHE_NOUS_EN,D4,"Dès demain, on va nous en donner deux.",从明天起，会有人给我们两个,从明天起，会有人给我们两个,从明天起，会有人给他们两个,从明天起，会有人给我们一个,从明天起，我们会给别人两个,RECIPIENT|QUANTITY|ROLE_REVERSAL,1.5,1,从明天起，会有人给我们两个,DONNER_QCH_A_QN,OBJ_EN,nous en,FUTUR_PROCHE,ON,NOUS,EN,,QUANTITY,NOUS_EN_DONNER,RECIPIENT,QUANTITY,ROLE_REVERSAL,"seed=PC_0091; context=Dès demain,"
PC_0968,INFINITIVE_ENV,MODAL_VOUS_COD,D4,"Plus tard, je voudrais vous le montrer.",之后，我想给您看这个,之后，我想给您看这个,之后，我想给他们看这个,之后，我想给您看这些,之后，您想给我看这个,RECIPIENT|COD_NUMBER|ROLE_REVERSAL,1.5,1,之后，我想给您看这个,MONTRER_QCH_A_QN,OBJ_COD,vous le,MODAL_INFINITIVE,JE,VOUS,LE,,RECIPIENT_COD,VOUS_LE_MONTRER,RECIPIENT,COD_NUMBER,ROLE_REVERSAL,"seed=PC_0092; context=Plus tard,"
PC_0969,INFINITIVE_ENV,MODAL_ME_COD,D4,"Plus tard, elle peut me l'expliquer.",之后，她可以给我解释这个,之后，她可以给我解释这个,之后，她可以给他们解释这个,之后，她可以给我解释这些,之后，我可以给她解释这个,RECIPIENT|COD_NUMBER|ROLE_REVERSAL,1.6,1,之后，她可以给我解释这个,EXPLIQUER_QCH_A_QN,OBJ_COD,me l',MODAL_INFINITIVE,ELLE,ME,LE_LA,,RECIPIENT_COD,ME_L_EXPLIQUER,RECIPIENT,COD_NUMBER,ROLE_REVERSAL,"seed=PC_0093; context=Plus tard,"
PC_0970,INFINITIVE_ENV,FUTUR_PROCHE_LEUR_EN,D4,"Dès demain, nous allons leur en proposer plusieurs.",从明天起，我们会给他们提好几个,从明天起，我们会给他们提好几个,从明天起，我们会给他提好几个,从明天起，我们会给他们只提一个,从明天起，他们会给我们提好几个,RECIPIENT|QUANTITY|ROLE_REVERSAL,1.5,1,从明天起，我们会给他们提好几个,PROPOSER_QCH_A_QN,COI_EN,leur en,FUTUR_PROCHE,NOUS,LEUR,EN,,QUANTITY,LEUR_EN_PROPOSER,RECIPIENT,QUANTITY,ROLE_REVERSAL,"seed=PC_0094; context=Dès demain,"
PC_0971,ADVANCED_EXPOSURE,NEG_COD_LUI,D6,Je ne le lui ai pas dit.,我没把这个告诉他,我没把这个告诉他,我没把这个告诉他们,我没把这些告诉他,我已经把这个告诉他了,RECIPIENT|COD_NUMBER|POLARITY,1.3,1,我没把这个告诉他,DIRE_QCH_A_QN,COD_COI,le lui,PASSE_COMPOSE_NEG,JE,LE,LUI,,COD_RECIPIENT,LE_LUI_AI,RECIPIENT,COD_NUMBER,POLARITY,seed=PC_0097; context=NONE
PC_0972,ADVANCED_EXPOSURE,NEG_ME_EN,D6,Il ne m'en a jamais parlé.,他从没跟我提过这件事,他从没跟我提过这件事,他从没跟我们提过这件事,他从没跟我提过别的事,他已经跟我提过这件事,RECIPIENT|EN_SEMANTIC|POLARITY,1.5,1,他从没跟我提过这件事,PARLER_DE_A_QN,OBJ_EN,m'en,PASSE_COMPOSE_NEG,IL,ME,EN,,TOPIC,M_EN_A,RECIPIENT,EN_SEMANTIC,POLARITY,seed=PC_0098; context=NONE
PC_0973,ADVANCED_EXPOSURE,IMPERATIVE_COD_ME,D6,Donnez-le-moi.,把这个给我,把这个给我,把这个给他,把这些给我,把这个拿走,RECIPIENT|COD_NUMBER|LEXICAL,1.2,1,把这个给我,DONNER_QCH_A_QN,IMPERATIVE_CLUSTER,le-moi,IMPERATIVE,VOUS_IMPLIED,LE,ME,,COD_RECIPIENT,LE_MOI,RECIPIENT,COD_NUMBER,LEXICAL,seed=PC_0099; context=NONE
PC_0974,ADVANCED_EXPOSURE,IMPERATIVE_ME_EN,D6,Donnez-m'en deux.,给我两个,给我两个,给他两个,给我一个,从我这里拿两个,RECIPIENT|QUANTITY|ROLE,1.2,1,给我两个,DONNER_QCH_A_QN,IMPERATIVE_CLUSTER,m'en,IMPERATIVE,VOUS_IMPLIED,ME,EN,,QUANTITY,M_EN,RECIPIENT,QUANTITY,ROLE,seed=PC_0100; context=NONE
PC_0975,ADVANCED_EXPOSURE,NEG_COD_LUI,D6,"Hier, je ne le lui ai pas dit.",昨天，我没把这个告诉他,昨天，我没把这个告诉他,昨天，我没把这个告诉他们,昨天，我没把这些告诉他,昨天，我已经把这个告诉他了,RECIPIENT|COD_NUMBER|POLARITY,1.3,1,昨天，我没把这个告诉他,DIRE_QCH_A_QN,COD_COI,le lui,PASSE_COMPOSE_NEG,JE,LE,LUI,,COD_RECIPIENT,LE_LUI_AI,RECIPIENT,COD_NUMBER,POLARITY,"seed=PC_0097; context=Hier,"
PC_0976,ADVANCED_EXPOSURE,NEG_ME_EN,D6,"Hier, il ne m'en a jamais parlé.",昨天，他从没跟我提过这件事,昨天，他从没跟我提过这件事,昨天，他从没跟我们提过这件事,昨天，他从没跟我提过别的事,昨天，他已经跟我提过这件事,RECIPIENT|EN_SEMANTIC|POLARITY,1.5,1,昨天，他从没跟我提过这件事,PARLER_DE_A_QN,OBJ_EN,m'en,PASSE_COMPOSE_NEG,IL,ME,EN,,TOPIC,M_EN_A,RECIPIENT,EN_SEMANTIC,POLARITY,"seed=PC_0098; context=Hier,"
PC_0977,ADVANCED_EXPOSURE,IMPERATIVE_COD_ME,D6,"Maintenant, donnez-le-moi.",现在，把这个给我,现在，把这个给我,现在，把这个给他,现在，把这些给我,现在，把这个拿走,RECIPIENT|COD_NUMBER|LEXICAL,1.2,1,现在，把这个给我,DONNER_QCH_A_QN,IMPERATIVE_CLUSTER,le-moi,IMPERATIVE,VOUS_IMPLIED,LE,ME,,COD_RECIPIENT,LE_MOI,RECIPIENT,COD_NUMBER,LEXICAL,"seed=PC_0099; context=Maintenant,"
PC_0978,ADVANCED_EXPOSURE,IMPERATIVE_ME_EN,D6,"Maintenant, donnez-m'en deux.",现在，给我两个,现在，给我两个,现在，给他两个,现在，给我一个,现在，从我这里拿两个,RECIPIENT|QUANTITY|ROLE,1.2,1,现在，给我两个,DONNER_QCH_A_QN,IMPERATIVE_CLUSTER,m'en,IMPERATIVE,VOUS_IMPLIED,ME,EN,,QUANTITY,M_EN,RECIPIENT,QUANTITY,ROLE,"seed=PC_0100; context=Maintenant,"
PC_0979,ADVANCED_EXPOSURE,NEG_COD_LUI,D6,"Avant-hier, je ne le lui ai pas dit.",前天，我没把这个告诉他,前天，我没把这个告诉他,前天，我没把这个告诉他们,前天，我没把这些告诉他,前天，我已经把这个告诉他了,RECIPIENT|COD_NUMBER|POLARITY,1.3,1,前天，我没把这个告诉他,DIRE_QCH_A_QN,COD_COI,le lui,PASSE_COMPOSE_NEG,JE,LE,LUI,,COD_RECIPIENT,LE_LUI_AI,RECIPIENT,COD_NUMBER,POLARITY,"seed=PC_0097; context=Avant-hier,"
PC_0980,ADVANCED_EXPOSURE,NEG_ME_EN,D6,"Avant-hier, il ne m'en a jamais parlé.",前天，他从没跟我提过这件事,前天，他从没跟我提过这件事,前天，他从没跟我们提过这件事,前天，他从没跟我提过别的事,前天，他已经跟我提过这件事,RECIPIENT|EN_SEMANTIC|POLARITY,1.5,1,前天，他从没跟我提过这件事,PARLER_DE_A_QN,OBJ_EN,m'en,PASSE_COMPOSE_NEG,IL,ME,EN,,TOPIC,M_EN_A,RECIPIENT,EN_SEMANTIC,POLARITY,"seed=PC_0098; context=Avant-hier,"
PC_0981,ADVANCED_EXPOSURE,IMPERATIVE_COD_ME,D6,"Cette fois, donnez-le-moi.",这次，把这个给我,这次，把这个给我,这次，把这个给他,这次，把这些给我,这次，把这个拿走,RECIPIENT|COD_NUMBER|LEXICAL,1.2,1,这次，把这个给我,DONNER_QCH_A_QN,IMPERATIVE_CLUSTER,le-moi,IMPERATIVE,VOUS_IMPLIED,LE,ME,,COD_RECIPIENT,LE_MOI,RECIPIENT,COD_NUMBER,LEXICAL,"seed=PC_0099; context=Cette fois,"
PC_0982,ADVANCED_EXPOSURE,IMPERATIVE_ME_EN,D6,"Cette fois, donnez-m'en deux.",这次，给我两个,这次，给我两个,这次，给他两个,这次，给我一个,这次，从我这里拿两个,RECIPIENT|QUANTITY|ROLE,1.2,1,这次，给我两个,DONNER_QCH_A_QN,IMPERATIVE_CLUSTER,m'en,IMPERATIVE,VOUS_IMPLIED,ME,EN,,QUANTITY,M_EN,RECIPIENT,QUANTITY,ROLE,"seed=PC_0100; context=Cette fois,"
PC_0983,ADVANCED_EXPOSURE,NEG_COD_LUI,D6,"Ce matin, je ne le lui ai pas dit.",今天早上，我没把这个告诉他,今天早上，我没把这个告诉他,今天早上，我没把这个告诉他们,今天早上，我没把这些告诉他,今天早上，我已经把这个告诉他了,RECIPIENT|COD_NUMBER|POLARITY,1.3,1,今天早上，我没把这个告诉他,DIRE_QCH_A_QN,COD_COI,le lui,PASSE_COMPOSE_NEG,JE,LE,LUI,,COD_RECIPIENT,LE_LUI_AI,RECIPIENT,COD_NUMBER,POLARITY,"seed=PC_0097; context=Ce matin,"
PC_0984,ADVANCED_EXPOSURE,NEG_ME_EN,D6,"Ce matin, il ne m'en a jamais parlé.",今天早上，他从没跟我提过这件事,今天早上，他从没跟我提过这件事,今天早上，他从没跟我们提过这件事,今天早上，他从没跟我提过别的事,今天早上，他已经跟我提过这件事,RECIPIENT|EN_SEMANTIC|POLARITY,1.5,1,今天早上，他从没跟我提过这件事,PARLER_DE_A_QN,OBJ_EN,m'en,PASSE_COMPOSE_NEG,IL,ME,EN,,TOPIC,M_EN_A,RECIPIENT,EN_SEMANTIC,POLARITY,"seed=PC_0098; context=Ce matin,"
PC_0985,ADVANCED_EXPOSURE,IMPERATIVE_COD_ME,D6,"S'il vous plaît, donnez-le-moi.",请，把这个给我,请，把这个给我,请，把这个给他,请，把这些给我,请，把这个拿走,RECIPIENT|COD_NUMBER|LEXICAL,1.2,1,请，把这个给我,DONNER_QCH_A_QN,IMPERATIVE_CLUSTER,le-moi,IMPERATIVE,VOUS_IMPLIED,LE,ME,,COD_RECIPIENT,LE_MOI,RECIPIENT,COD_NUMBER,LEXICAL,"seed=PC_0099; context=S'il vous plaît,"
PC_0986,ADVANCED_EXPOSURE,IMPERATIVE_ME_EN,D6,"S'il vous plaît, donnez-m'en deux.",请，给我两个,请，给我两个,请，给他两个,请，给我一个,请，从我这里拿两个,RECIPIENT|QUANTITY|ROLE,1.2,1,请，给我两个,DONNER_QCH_A_QN,IMPERATIVE_CLUSTER,m'en,IMPERATIVE,VOUS_IMPLIED,ME,EN,,QUANTITY,M_EN,RECIPIENT,QUANTITY,ROLE,"seed=PC_0100; context=S'il vous plaît,"
PC_0987,ADVANCED_EXPOSURE,NEG_COD_LUI,D6,"Hier matin, je ne le lui ai pas dit.",昨天早上，我没把这个告诉他,昨天早上，我没把这个告诉他,昨天早上，我没把这个告诉他们,昨天早上，我没把这些告诉他,昨天早上，我已经把这个告诉他了,RECIPIENT|COD_NUMBER|POLARITY,1.3,1,昨天早上，我没把这个告诉他,DIRE_QCH_A_QN,COD_COI,le lui,PASSE_COMPOSE_NEG,JE,LE,LUI,,COD_RECIPIENT,LE_LUI_AI,RECIPIENT,COD_NUMBER,POLARITY,"seed=PC_0097; context=Hier matin,"
PC_0988,ADVANCED_EXPOSURE,NEG_ME_EN,D6,"Hier matin, il ne m'en a jamais parlé.",昨天早上，他从没跟我提过这件事,昨天早上，他从没跟我提过这件事,昨天早上，他从没跟我们提过这件事,昨天早上，他从没跟我提过别的事,昨天早上，他已经跟我提过这件事,RECIPIENT|EN_SEMANTIC|POLARITY,1.5,1,昨天早上，他从没跟我提过这件事,PARLER_DE_A_QN,OBJ_EN,m'en,PASSE_COMPOSE_NEG,IL,ME,EN,,TOPIC,M_EN_A,RECIPIENT,EN_SEMANTIC,POLARITY,"seed=PC_0098; context=Hier matin,"
PC_0989,ADVANCED_EXPOSURE,IMPERATIVE_COD_ME,D6,"Tout de suite, donnez-le-moi.",马上，把这个给我,马上，把这个给我,马上，把这个给他,马上，把这些给我,马上，把这个拿走,RECIPIENT|COD_NUMBER|LEXICAL,1.2,1,马上，把这个给我,DONNER_QCH_A_QN,IMPERATIVE_CLUSTER,le-moi,IMPERATIVE,VOUS_IMPLIED,LE,ME,,COD_RECIPIENT,LE_MOI,RECIPIENT,COD_NUMBER,LEXICAL,"seed=PC_0099; context=Tout de suite,"
PC_0990,ADVANCED_EXPOSURE,IMPERATIVE_ME_EN,D6,"Tout de suite, donnez-m'en deux.",马上，给我两个,马上，给我两个,马上，给他两个,马上，给我一个,马上，从我这里拿两个,RECIPIENT|QUANTITY|ROLE,1.2,1,马上，给我两个,DONNER_QCH_A_QN,IMPERATIVE_CLUSTER,m'en,IMPERATIVE,VOUS_IMPLIED,ME,EN,,QUANTITY,M_EN,RECIPIENT,QUANTITY,ROLE,"seed=PC_0100; context=Tout de suite,"
PC_0991,ADVANCED_EXPOSURE,NEG_COD_LUI,D6,"Hier soir, je ne le lui ai pas dit.",昨晚，我没把这个告诉他,昨晚，我没把这个告诉他,昨晚，我没把这个告诉他们,昨晚，我没把这些告诉他,昨晚，我已经把这个告诉他了,RECIPIENT|COD_NUMBER|POLARITY,1.3,1,昨晚，我没把这个告诉他,DIRE_QCH_A_QN,COD_COI,le lui,PASSE_COMPOSE_NEG,JE,LE,LUI,,COD_RECIPIENT,LE_LUI_AI,RECIPIENT,COD_NUMBER,POLARITY,"seed=PC_0097; context=Hier soir,"
PC_0992,ADVANCED_EXPOSURE,NEG_ME_EN,D6,"Hier soir, il ne m'en a jamais parlé.",昨晚，他从没跟我提过这件事,昨晚，他从没跟我提过这件事,昨晚，他从没跟我们提过这件事,昨晚，他从没跟我提过别的事,昨晚，他已经跟我提过这件事,RECIPIENT|EN_SEMANTIC|POLARITY,1.5,1,昨晚，他从没跟我提过这件事,PARLER_DE_A_QN,OBJ_EN,m'en,PASSE_COMPOSE_NEG,IL,ME,EN,,TOPIC,M_EN_A,RECIPIENT,EN_SEMANTIC,POLARITY,"seed=PC_0098; context=Hier soir,"
PC_0993,ADVANCED_EXPOSURE,IMPERATIVE_COD_ME,D6,"D'abord, donnez-le-moi.",先，把这个给我,先，把这个给我,先，把这个给他,先，把这些给我,先，把这个拿走,RECIPIENT|COD_NUMBER|LEXICAL,1.2,1,先，把这个给我,DONNER_QCH_A_QN,IMPERATIVE_CLUSTER,le-moi,IMPERATIVE,VOUS_IMPLIED,LE,ME,,COD_RECIPIENT,LE_MOI,RECIPIENT,COD_NUMBER,LEXICAL,"seed=PC_0099; context=D'abord,"
PC_0994,ADVANCED_EXPOSURE,IMPERATIVE_ME_EN,D6,"D'abord, donnez-m'en deux.",先，给我两个,先，给我两个,先，给他两个,先，给我一个,先，从我这里拿两个,RECIPIENT|QUANTITY|ROLE,1.2,1,先，给我两个,DONNER_QCH_A_QN,IMPERATIVE_CLUSTER,m'en,IMPERATIVE,VOUS_IMPLIED,ME,EN,,QUANTITY,M_EN,RECIPIENT,QUANTITY,ROLE,"seed=PC_0100; context=D'abord,"
PC_0995,ADVANCED_EXPOSURE,NEG_COD_LUI,D6,"Récemment, je ne le lui ai pas dit.",最近，我没把这个告诉他,最近，我没把这个告诉他,最近，我没把这个告诉他们,最近，我没把这些告诉他,最近，我已经把这个告诉他了,RECIPIENT|COD_NUMBER|POLARITY,1.3,1,最近，我没把这个告诉他,DIRE_QCH_A_QN,COD_COI,le lui,PASSE_COMPOSE_NEG,JE,LE,LUI,,COD_RECIPIENT,LE_LUI_AI,RECIPIENT,COD_NUMBER,POLARITY,"seed=PC_0097; context=Récemment,"
PC_0996,ADVANCED_EXPOSURE,NEG_ME_EN,D6,"Récemment, il ne m'en a jamais parlé.",最近，他从没跟我提过这件事,最近，他从没跟我提过这件事,最近，他从没跟我们提过这件事,最近，他从没跟我提过别的事,最近，他已经跟我提过这件事,RECIPIENT|EN_SEMANTIC|POLARITY,1.5,1,最近，他从没跟我提过这件事,PARLER_DE_A_QN,OBJ_EN,m'en,PASSE_COMPOSE_NEG,IL,ME,EN,,TOPIC,M_EN_A,RECIPIENT,EN_SEMANTIC,POLARITY,"seed=PC_0098; context=Récemment,"
PC_0997,ADVANCED_EXPOSURE,IMPERATIVE_COD_ME,D6,"Pour commencer, donnez-le-moi.",首先，把这个给我,首先，把这个给我,首先，把这个给他,首先，把这些给我,首先，把这个拿走,RECIPIENT|COD_NUMBER|LEXICAL,1.2,1,首先，把这个给我,DONNER_QCH_A_QN,IMPERATIVE_CLUSTER,le-moi,IMPERATIVE,VOUS_IMPLIED,LE,ME,,COD_RECIPIENT,LE_MOI,RECIPIENT,COD_NUMBER,LEXICAL,"seed=PC_0099; context=Pour commencer,"
PC_0998,ADVANCED_EXPOSURE,IMPERATIVE_ME_EN,D6,"Pour commencer, donnez-m'en deux.",首先，给我两个,首先，给我两个,首先，给他两个,首先，给我一个,首先，从我这里拿两个,RECIPIENT|QUANTITY|ROLE,1.2,1,首先，给我两个,DONNER_QCH_A_QN,IMPERATIVE_CLUSTER,m'en,IMPERATIVE,VOUS_IMPLIED,ME,EN,,QUANTITY,M_EN,RECIPIENT,QUANTITY,ROLE,"seed=PC_0100; context=Pour commencer,"
PC_0999,ADVANCED_EXPOSURE,NEG_COD_LUI,D6,"La semaine dernière, je ne le lui ai pas dit.",上周，我没把这个告诉他,上周，我没把这个告诉他,上周，我没把这个告诉他们,上周，我没把这些告诉他,上周，我已经把这个告诉他了,RECIPIENT|COD_NUMBER|POLARITY,1.3,1,上周，我没把这个告诉他,DIRE_QCH_A_QN,COD_COI,le lui,PASSE_COMPOSE_NEG,JE,LE,LUI,,COD_RECIPIENT,LE_LUI_AI,RECIPIENT,COD_NUMBER,POLARITY,"seed=PC_0097; context=La semaine dernière,"
PC_1000,ADVANCED_EXPOSURE,NEG_ME_EN,D6,"La semaine dernière, il ne m'en a jamais parlé.",上周，他从没跟我提过这件事,上周，他从没跟我提过这件事,上周，他从没跟我们提过这件事,上周，他从没跟我提过别的事,上周，他已经跟我提过这件事,RECIPIENT|EN_SEMANTIC|POLARITY,1.5,1,上周，他从没跟我提过这件事,PARLER_DE_A_QN,OBJ_EN,m'en,PASSE_COMPOSE_NEG,IL,ME,EN,,TOPIC,M_EN_A,RECIPIENT,EN_SEMANTIC,POLARITY,"seed=PC_0098; context=La semaine dernière,"
